tree
version=v4
num_class=1
num_tree_per_iteration=1
label_index=0
max_feature_idx=76
objective=binary sigmoid:1
feature_names=Column_0 Column_1 Column_2 Column_3 Column_4 Column_5 Column_6 Column_7 Column_8 Column_9 Column_10 Column_11 Column_12 Column_13 Column_14 Column_15 Column_16 Column_17 Column_18 Column_19 Column_20 Column_21 Column_22 Column_23 Column_24 Column_25 Column_26 Column_27 Column_28 Column_29 Column_30 Column_31 Column_32 Column_33 Column_34 Column_35 Column_36 Column_37 Column_38 Column_39 Column_40 Column_41 Column_42 Column_43 Column_44 Column_45 Column_46 Column_47 Column_48 Column_49 Column_50 Column_51 Column_52 Column_53 Column_54 Column_55 Column_56 Column_57 Column_58 Column_59 Column_60 Column_61 Column_62 Column_63 Column_64 Column_65 Column_66 Column_67 Column_68 Column_69 Column_70 Column_71 Column_72 Column_73 Column_74 Column_75 Column_76
feature_infos=[0:65389] [-1:119271936] [1:669] [0:878] [0:207930] [0:1680421] [0:21900] [0:1375] [0:5940.85693359375] [0:7049.46923828125] [0:11632] [0:1410] [0:2908] [0:5816] [-6000000:496000000] [-2000000:2000000] [-1:92800000] [0:74100000] [-1:119000000] [-1:92800000] [0:119000000] [0:119000000] [0:63300000] [0:119000000] [0:119000000] [0:119000000] [0:119000000] [0:77500000] [0:119000000] [0:119000000] [0:1] none none none [0:13392] [0:17572] [0:2000000] [0:1000000] [0:356] [0:21900] [0:1797.637939453125] [0:4708.990234375] [0:22200000] [0:1] [0:1] none [0:1] [0:1] [0:1] none none [0:7] [0:1983] [0:5940.85693359375] [0:2908] none none none none none none [1:669] [0:207930] [0:878] [0:1680421] [-1:65535] [-1:65535] [0:668] [0:44] [0:7014792] [0:5243380] [0:12500000] [0:7014792] [0:119000000] [0:64300000] [0:119000000] [0:119000000]
tree_sizes=1054 1196 1409 1852 1408 1627 1734 2143 1946 2383 2272 3139 3025 3029 2815 3034 3021 3469 3362 3465 3459 3461 3463 3456 3468 3456 3470 3460 3451 3460 3449 3461 3464 3463 3465 3462 3452 3452 3445 3453 3441 3460 3440 3456 3447 3448 3462 3443 3446 3458 3447 3455 3452 3456 3452 3459 3463 3458 3458 3461 3463 3456 3457 3461 3461 3459 3480 3480 3474 3475 3484 3494 3486 3485 3490 3493 3506 3496 3495 3493 3496 3498 3505 3509 3503 3505 3511 3516 3507 3506 3514 3509 3507 3504 3517 3516 3508 3505 3519 3517 3519 3510 3507 3508 3505 3521 3522 3517 3522 3523 3517 3526 3517 3534 3527 3531 3538 3540 3528 3531 3536 3525 3534 3534 3532 3538 3540 3533 3540 3548 3541 3556 3557 3565 3564 3566 3561 3566 3570 3572 3580 3581 3569 3579 3579 3575 3578 3586 3566 3579 3588 3575 3585 3585 3582 3591 3579 3592 3591 3595 3585 3599 3600 3594 3608 3603 3600 3606 3605 3604 3591 3604 3611 3615 3608 3608 3617 3617 3621 3623 3602 3616 3630 3631 3629 3182 3524 3625 2716 3649 3413 3638 3518 2855 3399 3645 2849 3420 3646 2853 3551 3658 3633 2619 3448 3540 3087 2749 3683 3655 3669 3091 3437 3551 2981 3091 3326 2635 2776 2527 2420 2640 2179 2647 2416 2305 1853 2196 2199 2201 1853 1967 1967 1861 2085 1744 1972 1865 1863 1627 1400 1393 1519 1394 1296 1287 1292 1285 1290 1170 1055 1055 1059 1053 827 834 833 834 717 713 711 713 602 601 604 604 605 602 495 601 494 492 491 493 490 491 493 494 495 495 381 379 380 379 380 381 379 378 380 377 381 381 377 381 379 381 380 381 380 381

Tree=0
num_leaves=9
num_cat=0
split_feature=67 6 40 1 14 24 18 0
split_gain=2514.66 1651.36 88.2398 7.718 3.85243 0.320478 0.0219358 2.27374e-13
threshold=1.5000000000000002 21.000000000000004 1202.0363769531252 13175.000000000002 2.1239306926727299 984.00000000000011 23921.000000000004 54685.000000000007
decision_type=2 2 2 2 2 2 2 2
left_child=2 3 7 -2 -5 6 -6 -1
right_child=1 -3 -4 4 5 -7 -8 -9
leaf_value=-0.10000003973642917 -0.009090950797739689 -0.10000003973642917 0.066666625826447806 0.063265265194423437 0.098113167736473564 0.092982416134853862 0.099999960263570845 -0.10000003973642917
leaf_weight=398.25001582503319 1.6500000357627858 129.60000514984131 8.1000000536441785 7.3500000536441794 15.900000005960463 17.100000023841858 494.25 7.8000003099441519
leaf_count=2655 7 864 18 17 22 26 659 52
internal_value=-4.17233e-08 0.0601712 -0.0967404 0.0988811 0.0992143 0.0997155 0.0999412 -0.1
internal_weight=1080 665.85 414.15 536.25 534.6 527.25 510.15 406.05
internal_count=4320 1595 2725 731 724 707 681 2707
is_linear=0
shrinkage=1


Tree=1
num_leaves=10
num_cat=0
split_feature=67 6 40 1 14 24 18 0 0
split_gain=2275.29 1494.17 79.8611 6.99741 3.5092 0.292725 0.0200467 2.27374e-13 5.68434e-14
threshold=1.5000000000000002 21.000000000000004 1202.0363769531252 13175.000000000002 2.1239306926727299 984.00000000000011 23921.000000000004 56742.500000000007 1274.5000000000002
decision_type=2 2 2 2 2 2 2 2 2
left_child=2 3 7 -2 -5 6 -6 -1 -3
right_child=1 8 -4 4 5 -7 -8 -9 -10
leaf_value=-0.095241866365454508 -0.0086365445065328932 -0.095241866365454508 0.063404966975721594 0.060163255824774435 0.093435979303748945 0.08852775063723492 0.09524187015949559 -0.095241866365454508 -0.095241866365454508
leaf_weight=399.05155304074287 1.6499659419059742 84.837731748819351 8.091006472706793 7.3426505327224723 15.861797034740446 17.063092708587646 493.01642853021622 5.9850251674652091 44.438811868429184
leaf_count=2667 7 567 18 17 22 26 659 40 297
internal_value=-3.2266e-08 0.0573062 -0.0921348 0.0941723 0.0944903 0.0949696 0.0951856 -0.0952419 -0.0952419
internal_weight=1077.34 664.21 413.128 534.934 533.284 525.941 508.878 405.037 129.277
internal_count=4320 1595 2725 731 724 707 681 2707 864
is_linear=0
shrinkage=0.05


Tree=2
num_leaves=12
num_cat=0
split_feature=67 6 40 1 14 24 18 0 1 1 1
split_gain=2068.42 1358.3 72.6522 6.39723 3.25077 0.273249 0.0187406 2.27374e-13 2.27374e-13 5.68434e-14 5.68434e-14
threshold=1.5000000000000002 21.000000000000004 1202.0363769531252 13175.000000000002 2.1239306926727299 984.00000000000011 23921.000000000004 57363.000000000007 8114282.5000000009 98734996.000000015 88128288.000000015
decision_type=2 2 2 2 2 2 2 2 2 2 2
left_child=2 3 7 -2 -5 6 -6 -1 -8 -3 -10
right_child=1 9 -4 4 5 -7 8 -9 10 -11 -12
leaf_value=-0.091131777475612796 -0.0082052041363888158 -0.091131777475612796 0.060427107402091278 0.057319454381838421 0.089379797587077731 0.084624990418757165 0.091131783137299624 -0.091131777475612796 0.091131783137299624 -0.091131777475612796 0.091131783137299624
leaf_weight=397.30176395177841 1.6498703658580769 103.41137909889221 8.065836086869238 7.3220776319503775 15.75504022836685 16.959925293922424 337.2756050825119 4.9031257331371298 112.92046689987183 24.96136736869812 39.373583853244781
leaf_count=2674 7 696 18 17 22 26 454 33 152 168 53
internal_value=-1.46208e-07 0.0548279 -0.0881522 0.0900976 0.0904038 0.0908676 0.0910772 -0.0911318 0.0911318 -0.0911318 0.0911318
internal_weight=1069.9 659.629 410.271 531.257 529.607 522.285 505.325 402.205 489.57 128.373 152.294
internal_count=4320 1595 2725 731 724 707 681 2707 659 864 205
is_linear=0
shrinkage=0.05


Tree=3
num_leaves=16
num_cat=0
split_feature=67 6 40 1 14 24 16 14 0 1 14 1 1 0 1
split_gain=1888.01 1239.8 66.3906 5.89091 3.05473 0.259798 0.0180363 1.49916e-05 2.27374e-13 2.27374e-13 2.27374e-13 5.68434e-14 5.68434e-14 7.10543e-15 7.10543e-15
threshold=1.5000000000000002 21.000000000000004 1202.0363769531252 13175.000000000002 2.1239306926727299 984.00000000000011 4336.1848144531259 252139.39062500003 53881.000000000007 98350376.000000015 140.15399169921878 116465040.00000001 69755.000000000015 56742.500000000007 47285.000000000007
decision_type=2 2 2 2 2 2 2 2 2 2 2 2 2 2 2
left_child=2 3 8 -2 -5 6 -6 9 10 -8 -1 12 14 -10 -3
right_child=1 11 -4 4 5 -7 7 -9 13 -11 -12 -13 -14 -15 -16
leaf_value=-0.087549091357426861 -0.0077956614543217631 -0.087549091357426792 0.057690677360454391 0.054696741243104641 0.085860758582429919 0.081174238982265473 0.087549098963800476 0.087600378872970106 -0.087549091357426889 0.087549098963800476 -0.087549091357426861 -0.087549091357426861 -0.087549091357426861 -0.087549091357426848 -0.087549091357426861
leaf_weight=176.80032554268837 1.6497226953506459 4.9968504309654262 8.0269553214311582 7.2902947515249243 16.322380870580673 16.800749957561493 454.12550604343414 14.699437618255613 3.8211209177970868 14.696618318557737 211.33737999200821 3.3802223503589621 105.6686899960041 5.8786475658416748 12.933024644851683
leaf_count=1203 7 34 18 17 23 26 618 20 26 20 1438 23 719 40 88
internal_value=-3.21874e-07 0.0526644 -0.0846766 0.0865394 0.0868364 0.0872899 0.0874955 0.0875507 -0.0875491 0.0875491 -0.0875491 -0.0875491 -0.0875491 -0.0875491 -0.0875491
internal_weight=1058.43 652.563 405.864 525.585 523.935 516.645 499.844 483.522 397.837 468.822 388.138 126.979 123.599 9.69977 17.9299
internal_count=4320 1595 2725 731 724 707 681 658 2707 638 2641 864 841 66 122
is_linear=0
shrinkage=0.05


Tree=4
num_leaves=12
num_cat=0
split_feature=67 6 40 1 14 24 18 16 1 0 0
split_gain=1729.44 1135.64 60.9073 5.45898 2.90562 0.250866 0.0176178 1.49407e-06 1.73941e-10 2.27374e-13 5.68434e-14
threshold=1.5000000000000002 21.000000000000004 1202.0363769531252 13175.000000000002 2.1239306926727299 984.00000000000011 23921.000000000004 6413.0625000000009 69755.000000000015 59423.500000000007 66.000000000000014
decision_type=2 2 2 2 2 2 2 2 2 2 2
left_child=2 3 9 -2 -5 6 -6 -8 -9 -1 -3
right_child=1 10 -4 4 5 -7 7 8 -10 -11 -12
leaf_value=-0.084401501012187602 -0.0074067619417358989 -0.084401501012187602 0.055161318812690152 0.052264824817158509 0.082682458399588904 0.078098036904099832 0.084417802270359818 0.084401326391851383 0.084401502427522396 -0.084401501012187602 -0.084401501012187602
leaf_weight=389.13862580060959 1.6495308876037587 5.5053119063377371 7.976533815264701 7.2490736246109 15.375844061374663 16.594525218009949 14.488926470279692 14.487648606300352 448.39314866065979 3.0424092113971701 119.66809564828873
leaf_count=2686 7 38 18 17 22 26 20 20 619 21 826
internal_value=-5.49613e-07 0.0507608 -0.0816195 0.0834074 0.0836973 0.0841447 0.0843483 0.084402 0.0844015 -0.0844015 -0.0844015
internal_weight=1043.57 643.412 400.158 518.239 516.589 509.34 492.746 477.37 462.881 392.181 125.173
internal_count=4320 1595 2725 731 724 707 681 659 639 2707 864
is_linear=0
shrinkage=0.05


Tree=5
num_leaves=14
num_cat=0
split_feature=67 6 40 1 14 24 18 16 15 0 17 3 0
split_gain=1589.12 1043.47 56.0715 5.08694 2.79248 0.245427 0.0172609 1.15454e-06 1.43928e-10 2.27374e-13 2.27374e-13 1.13687e-13 7.10543e-15
threshold=1.5000000000000002 21.000000000000004 1202.0363769531252 13175.000000000002 2.1239306926727299 984.00000000000011 23921.000000000004 6413.0625000000009 114.00063705444337 52719.500000000007 2297738.8750000005 24.500000000000004 53313.000000000007
decision_type=2 2 2 2 2 2 2 2 2 2 2 2 2
left_child=2 3 9 -2 -5 6 -6 -8 10 -1 -9 -3 -11
right_child=1 11 -4 4 5 -7 7 8 -10 12 -12 -13 -14
leaf_value=-0.081617124501539143 -0.0070374203211805214 -0.081617124501539143 0.052810923522144816 0.049998820113195293 0.079901286656032716 0.075335318964151188 0.081631581111527587 0.081617128321326671 0.081616966808678235 -0.081617124501539087 0.081617128302784336 -0.081617124501539143 -0.081617124501539143
leaf_weight=365.37403449416161 1.6493022739887226 112.34610803425312 7.916477143764495 7.1999720335006705 15.121861189603804 16.349097788333893 14.240513801574705 236.36823272705078 14.239034652709959 5.553229674696925 204.3303696513176 10.679287835955618 14.523831456899641
leaf_count=2566 7 789 18 17 22 26 20 332 20 39 287 75 102
internal_value=-8.1086e-07 0.049074 -0.0789118 0.0806312 0.0809159 0.0813606 0.081564 0.0816176 0.0816171 -0.0816171 0.0816171 -0.0816171 -0.0816171
internal_weight=1025.89 632.524 393.368 509.498 507.849 500.649 484.3 469.178 454.938 385.451 440.699 123.025 20.0771
internal_count=4320 1595 2725 731 724 707 681 659 639 2707 619 864 141
is_linear=0
shrinkage=0.05


Tree=6
num_leaves=15
num_cat=0
split_feature=67 6 40 1 14 16 14 24 14 36 1 0 0 15
split_gain=1464.21 961.415 51.7806 4.76374 2.72975 0.017994 0.0185128 0.00540873 7.78157e-05 3.33876e-09 2.27374e-13 1.13687e-13 1.13687e-13 8.52651e-14
threshold=1.5000000000000002 21.000000000000004 1202.0363769531252 13175.000000000002 2.3777232170104985 3673.5000000000005 2.6515595912933354 979.50000000000011 294489.60937500006 55.099468231201179 646462.00000000012 55691.000000000007 407.00000000000006 92.371440887451186
decision_type=2 2 2 2 2 2 2 2 2 2 2 2 2 2
left_child=2 3 11 -2 -5 -6 -7 8 9 10 13 -1 -3 -8
right_child=1 12 -4 4 5 6 7 -9 -10 -11 -12 -13 -14 -15
leaf_value=-0.079139124601094679 -0.006686629423111894 -0.079139124601094679 0.050616320743953482 0.056548058488764701 0.077208756163734987 0.077553016527004859 0.079139120330731116 0.080093942170572821 0.079259019714356685 0.079138334097819257 0.079139120330731116 -0.079139124601094679 -0.079139124601094679 0.079139123961951552
leaf_weight=371.69474500417709 1.6490431427955616 59.599570453166962 7.8484612852334967 13.848273530602453 12.748601526021956 18.293040409684181 71.18449866771698 15.479439377784727 13.972694694995878 13.957645654678343 324.51756745576859 6.1414077281951895 60.995344936847687 13.957745552062987
leaf_count=2663 7 427 18 29 19 27 102 22 20 20 465 44 437 20
internal_value=-1.10766e-06 0.0475703 -0.0764987 0.0781552 0.0784362 0.0790623 0.0791125 0.0791754 0.0791429 0.0791391 0.0791391 -0.0791391 -0.0791391 0.0791391
internal_weight=1005.89 620.203 385.685 499.609 497.96 484.111 471.363 453.07 437.59 423.617 409.66 377.836 120.595 85.1422
internal_count=4320 1595 2725 731 724 695 676 649 627 607 587 2707 864 122
is_linear=0
shrinkage=0.05


Tree=7
num_leaves=19
num_cat=0
split_feature=67 6 40 1 14 24 18 14 14 16 24 14 1 0 1 0 0 1
split_gain=1352.41 887.961 47.9524 4.4807 2.70237 0.257072 0.017633 0.000431588 2.44977e-06 1.25146e-06 1.38984e-07 7.53744e-11 2.27374e-13 1.13687e-13 1.13687e-13 5.68434e-14 3.55271e-15 3.55271e-15
threshold=1.5000000000000002 21.000000000000004 1202.0363769531252 13175.000000000002 2.1239306926727299 984.00000000000011 23921.000000000004 2.5229492187500004 2.8556319475173955 6413.0625000000009 607.50000000000011 161081.07812500003 991381.00000000012 53715.000000000007 123590.00000000001 35686.500000000007 58013.000000000007 48.500000000000007
decision_type=2 2 2 2 2 2 2 2 2 2 2 2 2 2 2 2 2 2
left_child=2 3 13 -2 -5 6 -6 -8 -9 -10 11 12 14 -1 -11 -3 17 -15
right_child=1 15 -4 4 5 -7 7 8 9 10 -12 -13 -14 16 -16 -17 -18 -19
leaf_value=-0.0769219650954827 -0.0063534164160483908 -0.0769219650954827 0.048558242257655988 0.045528283114467299 0.075161896114745649 0.070379702640373978 0.077189519224955344 0.076942408281003377 0.076937180242714065 0.076921969462156223 0.076916829034049755 0.076921846286077913 0.076921965767209055 -0.076921965095482714 0.076921965767209055 -0.0769219650954827 -0.076921965095482672 -0.076921965095482672
leaf_weight=358.85407571494579 1.6487592458724964 115.06808133423328 7.7739552855491629 7.071622133255004 14.517588391900061 15.74010995030403 15.742902159690855 15.700874805450438 13.652135133743284 20.474747180938721 13.649048566818236 13.649812579154966 266.17170095443726 3.2759596109390241 90.771374940872192 2.8664646595716468 3.8219528794288635 3.5489562451839447
leaf_count=2629 7 843 18 17 22 26 23 23 20 30 20 20 390 24 133 21 28 26
internal_value=-1.45394e-06 0.0462216 -0.0743364 0.0759335 0.076212 0.076664 0.076877 0.0769323 0.076923 0.0769223 0.0769218 0.076922 0.076922 -0.076922 0.076922 -0.076922 -0.076922 -0.076922
internal_weight=984 606.725 377.275 488.791 487.142 480.07 464.33 449.813 434.07 418.369 404.717 391.068 377.418 369.501 111.246 117.935 10.6469 6.82492
internal_count=4320 1595 2725 731 724 707 681 659 636 613 593 573 553 2707 163 864 78 50
is_linear=0
shrinkage=0.05


Tree=8
num_leaves=17
num_cat=0
split_feature=67 6 5 1 14 40 16 14 24 14 15 14 24 1 0 5
split_gain=1251.87 821.916 44.8571 4.23138 2.66652 0.690365 0.0182326 0.0185686 0.00494072 7.09734e-05 3.00361e-09 4.01769e-10 4.34284e-11 2.27374e-13 1.13687e-13 1.13687e-13
threshold=1.5000000000000002 21.000000000000004 11598.000000000002 13175.000000000002 2.3777232170104985 1195.350036621094 3673.5000000000005 2.6515595912933354 979.50000000000011 294489.60937500006 129.20940399169925 3.0033843517303471 506.50000000000006 103197.50000000001 59249.000000000007 123.00000000000001
decision_type=2 2 2 2 2 2 2 2 2 2 2 2 2 2 2 2
left_child=2 3 5 -2 -5 14 -6 -8 9 10 11 -9 13 -13 15 -1
right_child=1 -3 -4 4 6 -7 7 8 -10 -11 -12 12 -14 -15 -16 -17
leaf_value=-0.074928725003691563 -0.0060368884107531934 -0.074928725003691563 0.039078765843284159 0.052265719099248702 0.072940461799756759 -0.10008783579730277 0.073301598700543383 0.074928471390801096 0.075861206572735124 0.075045902798112851 0.074927953399824831 0.074928727669933762 0.074928816046718263 0.07492872388503824 -0.074928725003691563 -0.074928725003691563
leaf_weight=289.99000251293182 1.6484553217887867 115.0901985168457 8.8095856904983503 13.452745288610457 12.196100905537604 2.7476433217525473 17.470316961407661 15.984696626663206 14.827403903007506 13.341309845447539 13.320488035678862 19.314907252788544 13.320642888545988 342.34005808830261 3.1969499588012686 63.539380431175232
leaf_count=2177 7 864 27 29 19 20 27 24 22 20 20 29 20 514 24 477
internal_value=-1.79631e-06 0.0450071 -0.0723893 0.073932 0.0742092 -0.075121 0.074848 0.0748997 0.0749643 0.0749324 0.0749287 0.0749287 0.0749287 0.0749287 -0.0749287 -0.0749287
internal_weight=960.591 592.307 368.284 477.217 475.569 359.474 462.116 449.92 432.45 417.622 404.281 390.96 374.976 361.655 356.726 353.529
internal_count=4320 1595 2725 731 724 2698 695 676 649 627 607 587 563 543 2678 2654
is_linear=0
shrinkage=0.05


Tree=9
num_leaves=21
num_cat=0
split_feature=67 6 40 1 24 36 14 18 27 28 40 14 16 24 14 1 14 0 1 1
split_gain=1160.82 762.263 42.6039 4.01021 2.67948 0.0288809 0.0464573 0.0180789 0.00289121 0.000116127 0.000101513 7.00885e-06 1.28994e-06 3.7029e-07 4.18368e-11 1.13687e-13 1.13687e-13 2.84217e-14 2.84217e-14 1.42109e-14
threshold=1.5000000000000002 21.000000000000004 1202.0363769531252 13175.000000000002 984.00000000000011 0.081391416490077986 2.5229492187500004 23921.000000000004 2990619.3750000005 5004535.0000000009 1193.7500000000002 2.8556319475173955 6413.0625000000009 607.50000000000011 161081.07812500003 67007924.000000007 105964.91015625001 2382.5000000000005 78448376.000000015 73535.000000000015
decision_type=2 2 2 2 2 2 2 2 2 2 2 2 2 2 2 2 2 2 2 2
left_child=2 3 8 -2 5 -5 -7 -8 9 10 -1 -9 -13 14 15 16 -14 -3 -17 -19
right_child=1 17 -4 4 -6 6 7 11 -10 -11 -12 12 13 -15 -16 18 -18 19 -20 -21
leaf_value=-0.073129107008793506 -0.0057361847922932198 -0.073129107008793506 0.046035182116539237 0.070679656148603082 0.052398483667800227 0.075497758053771194 0.071291622939510316 0.073164258593017478 -0.07442576862537327 -0.073384470053737494 -0.072814384564545254 0.073144839604195253 0.073129106811687924 0.073120505122444543 0.073129015133799422 0.073129106477530736 0.07312910341493796 -0.073129107008793506 0.073129106477530736 -0.073129107008793506
leaf_weight=339.93890553712845 1.648135870695113 73.696678757667542 7.6620261669158927 11.8185658454895 16.167162045836449 20.676501750946045 13.824923411011694 14.929285764694212 4.359161138534545 4.4269184917211524 2.5816272050142279 12.977989256381987 265.98273885250092 12.972991049289702 12.974749088287352 17.515936374664307 13.623506069183348 16.47795458137989 49.952855587005615 21.927356883883476
leaf_count=2620 7 568 18 19 34 31 22 23 33 34 20 20 410 20 20 27 21 127 77 169
internal_value=-2.12409e-06 0.0439075 -0.0706022 0.0721187 0.0723956 0.0731185 0.0731847 0.0730693 -0.0731461 -0.07313 -0.0731267 0.0731306 0.0731293 0.0731288 0.0731291 0.0731291 0.0731291 -0.0731291 0.0731291 -0.0731291
internal_weight=936.136 577.167 358.969 465.065 463.417 447.25 435.431 414.755 351.307 346.947 342.521 400.93 386.001 373.023 360.05 347.075 279.606 112.102 67.4688 38.4053
internal_count=4320 1595 2725 731 724 690 671 640 2707 2674 2640 618 595 575 555 535 431 864 104 296
is_linear=0
shrinkage=0.05


Tree=10
num_leaves=20
num_cat=0
split_feature=67 6 5 1 14 40 24 16 14 14 1 14 27 24 28 40 37 1 1
split_gain=1078.51 708.167 39.9856 3.81279 2.82952 0.692427 0.248633 0.0188003 0.000784447 1.759e-05 1.05608e-05 5.78537e-06 5.45731e-07 2.96524e-07 4.0975e-08 9.2956e-09 7.84439e-12 2.27374e-13 5.68434e-14
threshold=1.5000000000000002 21.000000000000004 11598.000000000002 13175.000000000002 2.1239306926727299 1195.350036621094 984.00000000000011 4336.1848144531259 2.5229492187500004 252139.39062500003 98350376.000000015 2.8556319475173955 2839912.7500000005 607.50000000000011 5004535.0000000009 1119.0908813476565 64.735404968261733 150514.50000000003 401156.00000000006
decision_type=2 2 2 2 2 2 2 2 2 2 2 2 2 2 2 2 2 2 2
left_child=2 3 5 -2 -5 12 7 -6 -9 10 11 -10 14 16 15 -1 17 -13 -3
right_child=1 18 -4 4 6 -7 -8 8 9 -11 -12 13 -14 -15 -16 -17 -18 -19 -20
leaf_value=-0.071498056611724869 -0.0054504999606808675 -0.071498056611724869 0.03716503004112353 0.038725891653144912 0.069657684865322728 -0.097055932397391409 0.064853913851081343 0.071875483074001129 0.071529979026928647 0.071560502431108064 0.07154552004994047 0.071498063544901042 -0.071477123843890239 0.071490255532434377 -0.071492567619764899 -0.071501102929292279 0.071498020355027253 0.07149806033591935 -0.071498056611724869
leaf_weight=328.78079319000244 1.6478046178817738 45.923334121704102 8.6491532474756223 6.7956496328115454 14.078399911522864 2.6710173636674872 14.756929174065588 14.605836391448973 14.517303705215452 12.630694985389708 12.627378106117247 22.709342181682587 3.1528494954109183 12.614469408988951 3.4060543477535239 2.5234025418758383 12.616290807723997 312.88425487279892 63.081502914428711
leaf_count=2606 7 364 27 17 23 20 26 23 23 20 20 36 25 20 27 20 20 496 500
internal_value=-2.57667e-06 0.0429072 -0.0690018 0.0704678 0.0707452 -0.0716983 0.0712353 0.0714546 0.0715156 0.0715024 0.0715005 0.071499 -0.0714978 0.0714978 -0.071498 -0.0714981 0.0714981 0.0714981 -0.0714981
internal_weight=910.672 561.489 349.183 452.484 450.837 340.534 444.041 429.284 415.206 400.6 387.969 375.342 337.863 360.824 334.71 331.304 348.21 335.594 109.005
internal_count=4320 1595 2725 731 724 2698 707 681 658 635 615 595 2678 572 2653 2626 552 532 864
is_linear=0
shrinkage=0.05


Tree=11
num_leaves=28
num_cat=0
split_feature=67 6 40 1 14 52 69 24 27 21 18 28 40 21 16 14 16 24 69 16 18 27 40 1 1 1 1
split_gain=1003.42 658.983 38.1882 3.63622 2.81701 0.0190269 0.0252569 0.0117318 0.00911769 0.00464377 0.00061001 0.000373395 0.000272802 8.21899e-06 2.47436e-06 1.53267e-06 9.44973e-07 4.94523e-08 9.12002e-09 1.83832e-10 4.23483e-11 3.86535e-12 1.13687e-12 1.13687e-13 1.13687e-13 2.84217e-14 1.42109e-14
threshold=1.5000000000000002 21.000000000000004 1202.0363769531252 13175.000000000002 2.3777232170104985 7.4166667461395273 879.50000000000011 984.00000000000011 2990619.3750000005 507554.00000000006 23921.000000000004 5004535.0000000009 1193.7500000000002 13850000.000000002 6413.0625000000009 2.8556319475173955 2383290.8750000005 506.50000000000006 1994.5000000000002 10379.416992187502 85250000.000000015 2230042.8750000005 1085.5000000000002 5729545.5000000009 9916241.5000000019 83796792.000000015 99216260.000000015
decision_type=2 2 2 2 2 2 2 2 2 2 2 2 2 2 2 2 2 2 2 2 2 2 2 2 2 2 2
left_child=2 3 8 -2 -5 6 9 10 11 -6 -7 12 21 14 -12 -16 18 19 -8 -17 24 22 23 -1 -21 -3 -25
right_child=1 25 -4 4 5 7 16 -9 -10 -11 13 -13 -14 -15 15 17 -18 -19 -20 20 -22 -23 -24 26 -26 -27 -28
leaf_value=-0.07001465086762261 -0.0051790685655634426 -0.07001465086762261 0.043778762315520775 0.046054941465724177 0.067327911399459872 0.070367670213401276 0.070014655978187013 0.07151436161497142 -0.072360475296552471 0.068591093329553279 0.070038262604696089 -0.070485342046283941 -0.06948183473197185 0.070057974938508405 0.07003043388460338 0.070014453265697996 0.070030407191550334 0.070011538806414128 0.070012880681486964 0.070014656029967384 0.070014560727746172 -0.070014713895401995 -0.070014618761558678 -0.07001465086762261 0.07001465597818704 -0.07001465086762261 -0.07001465086762261
leaf_weight=267.02255576848984 1.6474648416042317 66.755638942122459 7.5361114740371695 12.717392787337301 11.147394530475138 12.956961274147032 16.53579926490784 13.882091403007506 4.2028765082359305 20.948779985308647 12.254883944988249 4.1967070400714865 2.4204442277550688 12.260074138641356 15.928723096847532 12.248688101768492 12.252855539321898 13.472714662551878 12.860687613487242 195.36740726232529 12.248715400695799 2.4497515037655822 2.4497464150190345 41.400744885206223 50.832271814346313 39.07348407804966 7.5942194759845725
leaf_count=2180 7 545 18 29 19 21 27 22 33 35 20 34 20 20 26 20 20 22 21 319 20 20 20 338 83 319 62
internal_value=-2.92451e-06 0.0419964 -0.0675181 0.0689641 0.0692431 0.0699366 0.0692064 0.0700898 -0.0700464 0.0681524 0.0700312 -0.0700167 -0.0700107 0.0700178 0.0700162 0.0700153 0.0700187 0.0700145 0.0700139 0.0700146 0.0700147 -0.0700147 -0.0700147 -0.0700147 0.0700147 -0.0700147 -0.0700147
internal_weight=884.665 545.392 339.273 439.563 437.915 425.198 73.7455 351.453 331.737 32.0962 337.57 327.534 323.337 324.613 312.353 300.099 41.6493 284.17 29.3965 270.697 258.448 320.917 318.467 316.018 246.2 105.829 48.995
internal_count=4320 1595 2725 731 724 695 122 573 2707 54 551 2674 2640 530 510 490 68 464 48 442 422 2620 2600 2580 402 864 400
is_linear=0
shrinkage=0.05


Tree=12
num_leaves=27
num_cat=0
split_feature=67 6 5 24 40 17 18 14 36 52 1 27 16 14 17 28 18 40 24 1 16 15 0 1 0 1
split_gain=935.11 614.093 35.944 3.58507 0.691938 0.368254 0.0292986 0.0433311 4.90292e-05 5.79077e-06 6.17101e-06 2.99996e-06 1.29795e-06 1.13791e-06 7.24697e-07 2.31213e-07 2.04587e-07 4.70726e-08 4.29382e-08 1.14752e-08 7.43932e-09 3.97904e-13 1.13687e-13 5.68434e-14 2.84217e-14 7.10543e-15
threshold=1.5000000000000002 21.000000000000004 11598.000000000002 984.00000000000011 1195.350036621094 7823.6906738281259 91500000.000000015 2.5229492187500004 77.108974456787124 7.4166667461395273 5105459.5000000009 2839912.7500000005 526180.37500000012 3.0033843517303471 4624315.7500000009 5004535.0000000009 85250000.000000015 1119.0908813476565 506.50000000000006 62094.500000000007 1910325.0000000002 89.760295867919936 53522.000000000007 401156.00000000006 66.000000000000014 164688.50000000003
decision_type=2 2 2 2 2 2 2 2 2 2 2 2 2 2 2 2 2 2 2 2 2 2 2 2 2 2
left_child=2 3 4 5 11 -2 7 -7 9 10 12 15 -9 -11 20 17 18 22 19 -15 -12 23 -1 25 -3 -21
right_child=1 24 -4 -5 -6 6 -8 8 -10 13 14 -13 -14 16 -16 -17 -18 -19 -20 21 -22 -23 -24 -25 -26 -27
leaf_value=-0.068661265408001063 0.059204694756447518 -0.068661265420480067 0.035435858438848021 0.043874848893726066 -0.09462837525248409 0.071103580641352762 0.066282572778356627 0.068707931438042075 0.068765900009264178 0.068676441094103022 0.068661279809818052 -0.068610652709202247 0.068686738995749202 0.06865967084712965 0.068675317028171298 -0.068647821314616483 0.06866775779892928 -0.068668330901933333 0.068658110773049855 0.068661262910840529 0.068659623139759443 0.068661271889036757 -0.068661265397348029 0.068661262910840543 -0.068661265420480067 0.068661262910840543
leaf_weight=299.37229609489441 10.446904025971888 4.5125534534454337 8.4777856171131116 15.367484919726847 2.5861820355057707 19.22059965133667 12.020025491714476 11.888669312000276 12.500403463840483 13.067485690116881 14.843931555747988 2.9650996699929228 18.417923271656036 11.874677300453184 11.879207670688627 3.2052332684397689 11.877021014690397 2.3754381835460654 11.874220490455626 13.656411767005922 12.468396127223967 11.875141501426695 10.093869559466837 200.09612023830414 98.088661909103394 13.062654733657835
leaf_count=2521 21 38 27 36 20 31 21 20 21 22 25 25 31 20 20 27 20 20 20 23 21 20 85 337 826 22
internal_value=-3.36687e-06 0.0411621 -0.066183 0.0675857 -0.0688702 0.0684721 0.0687138 0.068789 0.0686686 0.0686652 0.0686781 -0.0686607 0.0686951 0.068662 0.068665 -0.0686612 0.0686613 -0.0686613 0.068661 0.0686612 0.0686605 0.0686613 -0.0686613 0.0686613 -0.0686613 0.0686613
internal_weight=858.114 529.038 329.076 426.437 320.598 411.07 400.623 388.603 369.382 356.882 69.4981 318.012 30.3066 287.384 39.1915 315.047 274.316 311.842 262.439 250.565 27.3123 238.69 309.466 226.815 102.601 26.7191
internal_count=4320 1595 2725 731 2698 695 674 653 622 601 117 2678 51 484 66 2653 462 2626 442 422 46 402 2606 382 864 45
is_linear=0
shrinkage=0.05


Tree=13
num_leaves=27
num_cat=0
split_feature=67 6 40 24 17 5 17 14 40 36 52 1 27 16 14 18 17 28 24 15 69 40 1 8 0 6
split_gain=872.354 572.941 34.489 3.55871 0.385582 0.0417579 0.0293227 0.0354992 0.000414379 3.96836e-05 4.54453e-06 5.01605e-06 2.4325e-06 1.055e-06 8.88848e-07 6.76432e-07 5.89155e-07 1.86175e-07 3.50187e-08 9.32533e-09 6.04506e-09 7.7307e-12 2.27374e-13 2.27374e-13 2.84217e-14 3.55271e-15
threshold=1.5000000000000002 21.000000000000004 1202.0363769531252 984.00000000000011 7823.6906738281259 11619.500000000002 26250000.000000004 2.5229492187500004 1193.7500000000002 77.108974456787124 7.4166667461395273 5105459.5000000009 2839912.7500000005 526180.37500000012 3.0033843517303471 85250000.000000015 4624315.7500000009 5004535.0000000009 506.50000000000006 129.20940399169925 1994.5000000000002 1085.5000000000002 138666.50000000003 60.535715103149421 38867.000000000007 371.50000000000006
decision_type=2 2 2 2 2 2 2 2 2 2 2 2 2 2 2 2 2 2 2 2 2 2 2 2 2 2
left_child=2 3 5 4 -2 8 7 -6 12 10 11 13 17 -9 -12 18 20 21 19 22 -13 23 -16 -1 -3 -25
right_child=1 24 -4 -5 6 -7 -8 9 -10 -11 14 16 -14 -15 15 -17 -18 -19 -20 -21 -22 -23 -24 25 -26 -27
leaf_value=-0.067422953877365549 0.057617826752581827 -0.067422953873895436 0.041750601252754441 0.042473250255412431 0.069667398371634118 -0.074080470082694139 0.064993909048925005 0.067465716120225963 -0.066741850543808726 0.067518835909665051 0.067436860528710202 0.067422972368496856 -0.067376585803419084 0.067446299370073057 0.067422959782397693 0.067435156214296119 0.067435834905010331 -0.067410643764705708 0.067420063141901868 0.067421497416434717 0.067421454704773745 -0.067422861424804095 0.067422956043634769 -0.067422953983117498 -0.067422953873895436 -0.067422955442212149
leaf_weight=289.52314135432243 10.204096376895903 97.044293612241745 7.3998517692089072 15.08806276321411 18.650443971157074 2.369468852877616 11.651573538780211 11.511748075485231 2.2532136887311927 12.104751646518705 12.652813136577604 14.372678637504579 2.8708282411098471 17.83363926410675 20.121744751930237 11.502016007900236 11.502230286598204 3.1034365966916075 11.497214078903196 11.497672677040098 12.072541713714598 2.2996215820312491 210.99084889888763 4.5992556139826757 2.2996278107166281 4.4842741265892982
leaf_count=2518 21 844 18 36 31 18 21 20 20 21 22 25 25 31 35 20 20 27 20 20 21 20 367 40 20 39
internal_value=-3.98081e-06 0.0403909 -0.0649338 0.0663087 0.0672119 -0.0674681 0.0674643 0.0675407 -0.0674174 0.0674298 0.0674267 0.0674384 -0.0674224 0.0674539 0.0674239 0.0674233 0.0674264 -0.0674228 0.0674228 0.0674229 0.0674223 -0.067423 0.067423 -0.067423 -0.067423 -0.067423
internal_weight=831.501 512.598 318.903 413.254 398.166 311.503 387.962 376.31 309.134 357.66 345.555 67.2928 306.881 29.3454 278.262 265.609 37.9475 304.01 254.107 242.61 26.4452 300.906 231.113 298.607 99.3439 9.08353
internal_count=4320 1595 2725 731 695 2707 674 653 2689 622 601 117 2669 51 484 462 66 2644 442 422 46 2617 402 2597 864 79
is_linear=0
shrinkage=0.05


Tree=14
num_leaves=25
num_cat=0
split_feature=67 6 5 24 40 17 1 14 14 52 1 27 18 14 14 17 28 40 24 16 17 1 0 1
split_gain=814.967 535.185 32.5743 3.54614 0.688298 0.404409 0.0295257 0.0291903 3.22932e-05 3.70874e-06 4.21451e-06 1.99353e-06 1.22657e-06 9.63981e-07 7.81024e-07 4.80606e-07 1.54566e-07 1.07794e-07 3.04515e-08 5.14223e-09 4.20556e-09 5.11591e-13 5.68434e-14 2.84217e-14
threshold=1.5000000000000002 21.000000000000004 11598.000000000002 984.00000000000011 1195.350036621094 7823.6906738281259 98350376.000000015 2.5229492187500004 294489.60937500006 7.4166667461395273 5105459.5000000009 2839912.7500000005 85250000.000000015 14.713787078857424 3.0033843517303471 4624315.7500000009 5004535.0000000009 1119.0908813476565 506.50000000000006 1910325.0000000002 21954.981445312504 95569.000000000015 57363.000000000007 99863124.000000015
decision_type=2 2 2 2 2 2 2 2 2 2 2 2 2 2 2 2 2 2 2 2 2 2 2 2
left_child=2 3 4 5 11 -2 7 -7 9 10 13 16 14 -9 -11 19 17 22 20 -12 -16 -22 -1 -3
right_child=1 23 -4 -5 -6 6 -8 8 -10 12 15 -13 -14 -15 18 -17 -18 -19 -20 -21 21 -23 -24 -25
leaf_value=-0.066286980042574675 0.056110110522476025 -0.066286980078899688 0.033935380958601498 0.041122751204040242 -0.092646844931054406 0.068354780814154706 0.063798699076588652 0.066308427777048012 0.066377213759661532 0.066299748406631262 0.06628700213063024 -0.066244380316536108 0.0663043754157943 0.066327184411352255 0.066285981188340712 0.066298801813442707 -0.066275659352315094 -0.066298028073885809 0.066284313723838487 0.066285578778796331 0.066286987795242475 0.066286976947072959 -0.066286980078899688 -0.066286980078899688
leaf_weight=286.45153874903917 9.9605963826179487 83.288898475468159 8.2951927185058576 14.811503693461416 2.4971377551555625 18.072805881500244 11.282380282878874 17.803925752639774 11.150963962078093 12.236876547336577 13.900027692317964 2.7762963920831671 11.126030325889586 11.133954167366026 11.119667768478392 11.124106526374815 3.0013426020741454 2.2247692942619315 11.6750391125679 11.675504505634306 11.676017582416533 211.28024697303772 3.3360039442777625 12.788015119731424
leaf_count=2576 21 749 27 36 20 31 21 32 20 22 25 25 20 20 20 20 27 20 21 21 21 380 30 115
internal_value=-4.65262e-06 0.0396801 -0.0638057 0.0651307 -0.0665058 0.0660538 0.0663178 0.0663959 0.0662935 0.0662907 0.0663014 -0.0662866 0.0662881 0.0663156 0.0662874 0.0662901 -0.0662869 -0.0662871 0.0662868 0.0662864 0.0662869 0.066287 -0.066287 -0.066287
internal_weight=804.689 496.107 308.582 400.03 300.287 385.218 375.258 363.975 345.902 334.751 65.6375 297.79 269.114 28.9379 257.988 36.6996 295.014 292.012 245.751 25.5755 234.076 222.956 289.788 96.0769
internal_count=4320 1595 2725 731 2698 695 674 653 622 602 118 2678 484 52 464 66 2653 2626 442 46 421 401 2606 864
is_linear=0
shrinkage=0.05


Tree=15
num_leaves=27
num_cat=0
split_feature=67 6 40 24 17 5 74 14 40 20 36 52 1 27 16 14 17 28 24 1 1 16 40 15 15 0
split_gain=762.013 500.462 31.3506 3.54524 0.424636 0.0577887 0.0300853 0.0240265 0.000500428 2.74026e-05 2.66657e-05 3.17503e-06 3.35008e-06 1.62482e-06 7.04255e-07 6.32039e-07 3.93568e-07 1.2432e-07 2.49618e-08 1.27246e-08 7.07638e-09 4.19065e-09 2.46132e-11 1.7053e-13 5.68434e-14 2.84217e-14
threshold=1.5000000000000002 21.000000000000004 1202.0363769531252 984.00000000000011 7823.6906738281259 11619.500000000002 53450000.000000007 2.5229492187500004 1193.7500000000002 90050000.000000015 77.108974456787124 7.4166667461395273 5105459.5000000009 2839912.7500000005 526180.37500000012 3.0033843517303471 4624315.7500000009 5004535.0000000009 506.50000000000006 85645580.000000015 62094.500000000007 1910325.0000000002 1085.5000000000002 85.640274047851577 51956.814453125007 38867.000000000007
decision_type=2 2 2 2 2 2 2 2 2 2 2 2 2 2 2 2 2 2 2 2 2 2 2 2 2 2
left_child=2 3 5 4 -2 8 7 -6 13 10 11 12 14 17 -9 -13 21 22 19 20 -17 -14 24 -22 -1 -3
right_child=1 25 -4 -5 6 -7 -8 9 -10 -11 -12 15 16 -15 -16 18 -18 -19 -20 -21 23 -23 -24 -25 -26 -27
leaf_value=-0.065242361742306382 0.054672174856935651 -0.065242361707609636 0.039918239244563773 0.039818835902671476 0.067151800042919901 -0.073132900466822262 0.062738429974223617 0.065278514589447348 -0.064464473898419139 0.065329171806905492 0.065323528588034321 0.06525412345627922 0.065242389563288219 -0.065203153427363478 0.065262102761345794 0.065241054584217889 0.065253254751979156 -0.065231953856221422 0.065239922366466516 0.065244068630096103 0.065242370816607761 0.065241082268112677 -0.06524219200217686 0.06524237652976804 -0.065242361707609636 -0.065242361707609636
leaf_weight=238.16610707342625 9.7176526337861997 90.66855862736702 7.2560038268566123 14.538720004260538 17.491479873657227 2.3355977833271018 11.426684334874151 10.756273925304415 2.0850828289985648 10.775106906890867 11.311478316783903 11.821832478046415 13.428410410881044 2.681990109384059 16.6626917719841 10.74222671985626 10.746794700622557 2.8994781374931327 10.741799056529997 10.743356108665465 193.36894512176514 11.279348492622374 2.1485307663679114 11.279858529567717 40.822336822748184 2.1485440433025351
leaf_count=2217 21 844 18 36 31 18 22 20 20 20 21 22 25 25 31 20 20 27 20 20 360 21 20 21 380 20
internal_value=-5.29732e-06 0.0390233 -0.0627411 0.0640409 0.0649868 -0.0652996 0.0652633 0.0653454 -0.0652363 0.0652507 0.0652481 0.0652454 0.0652554 -0.0652419 0.0652685 0.0652428 0.0652453 -0.0652423 0.0652423 0.0652424 0.0652423 0.0652418 -0.0652424 0.0652424 -0.0652424 -0.0652424
internal_weight=778.045 479.65 298.395 386.833 372.294 291.139 362.576 351.15 288.804 333.658 322.883 311.572 62.8735 286.718 27.419 248.698 35.4546 284.036 236.876 226.134 215.391 24.7078 281.137 204.649 278.988 92.8171
internal_count=4320 1595 2725 731 695 2707 674 652 2689 621 601 580 117 2669 51 463 66 2644 441 421 401 46 2617 381 2597 864
is_linear=0
shrinkage=0.05


Tree=16
num_leaves=27
num_cat=0
split_feature=67 6 5 24 40 17 18 14 24 37 74 52 1 27 14 14 14 40 28 18 73 22 24 22 1 0
split_gain=713.378 468.46 29.7088 4.68542 0.681093 0.409243 0.0311928 0.0195091 0.00127099 2.19087e-05 5.77996e-06 2.84e-06 2.79023e-06 1.34355e-06 5.67937e-07 5.11735e-07 2.87472e-07 1.76645e-07 1.02228e-07 1.20016e-08 9.43373e-09 2.79499e-10 1.23293e-10 7.51044e-12 9.66338e-13 5.68434e-14
threshold=1.5000000000000002 21.000000000000004 11598.000000000002 997.50000000000011 1195.350036621094 7823.6906738281259 91500000.000000015 2.5229492187500004 715.50000000000011 119.0769386291504 51650000.000000007 7.4166667461395273 5105459.5000000009 2839912.7500000005 14.713787078857424 3.0033843517303471 3.2615144252777104 1119.0908813476565 5004535.0000000009 54358.500000000007 69400000.000000015 27050000.000000004 395.50000000000006 3828646.2500000005 95569.000000000015 58861.500000000007
decision_type=2 2 2 2 2 2 2 2 2 2 2 2 2 2 2 2 2 2 2 2 2 2 2 2 2 2
left_child=2 3 4 5 13 -2 7 -7 9 10 11 12 14 17 -9 -13 -14 18 25 -17 21 22 24 -18 -21 -1
right_child=1 -3 -4 -5 -6 6 -8 8 -10 -11 -12 15 16 -15 -16 19 23 -19 -20 20 -22 -23 -24 -25 -26 -27
leaf_value=-0.064279664550932133 0.054072935713062723 -0.064279664549139096 0.032585073104461647 0.031517048806945551 -0.090992139942468686 0.066046539889184935 0.061629361381465568 0.064298693242503452 0.064844112986731164 0.064357797637977637 0.064319737563852328 0.06429051345545031 0.064289748712775957 -0.064243483853334768 0.064313792703139111 0.064277995047032174 0.064279682690773152 -0.064294210811629324 -0.064270058470661681 0.064279678268154325 0.064281170891637443 0.06427940689259673 0.064279841164691084 0.064279740289038878 0.064279662981666694 -0.064279664549139096
leaf_weight=267.80363043397665 10.044796518981455 89.578914642333984 8.10649725794792 11.434628255665301 2.4068905487656584 16.909731984138489 10.542130120098589 15.563403010368349 10.560121595859526 10.399095118045805 10.903240442275999 11.409521996974943 10.371984541416166 2.588325008749961 10.381681919097899 10.367256164550779 12.441526412963869 2.074757792055606 2.7982940152287474 10.367936253547667 10.886963605880736 10.36782670021057 10.368002057075499 10.367961347103117 170.03404998779297 2.3846238851547232
leaf_count=2583 22 864 27 31 20 31 21 30 20 20 21 22 20 25 20 20 24 20 27 20 21 20 20 20 328 23
internal_value=-5.99667e-06 0.0384145 -0.0617775 0.0630297 -0.0645089 0.0640243 0.0643081 0.0643908 0.0643046 0.0642864 0.064284 0.0642827 0.0642925 -0.0642793 0.0643047 0.0642802 0.0642828 -0.0642797 -0.0642796 0.0642797 0.0642797 0.0642797 0.0642797 0.0642797 0.0642797 -0.0642797
internal_weight=751.464 463.301 288.163 373.722 280.057 362.287 352.242 341.7 324.791 314.23 303.831 292.928 59.1266 277.65 25.9451 233.802 33.1815 275.061 272.987 222.392 212.025 201.138 190.77 22.8095 180.402 270.188
internal_count=4320 1595 2725 731 2698 700 678 657 626 606 586 565 114 2678 50 451 64 2653 2633 429 409 388 368 44 348 2606
is_linear=0
shrinkage=0.05


Tree=17
num_leaves=31
num_cat=0
split_feature=67 6 40 24 17 5 17 14 24 40 37 20 52 1 27 14 14 14 28 18 29 1 24 40 22 14 69 0 0 1
split_gain=668.305 438.907 28.6599 4.66864 0.431803 0.0711207 0.0317547 0.0161897 0.00105244 0.000532552 1.79608e-05 6.19131e-06 2.33655e-06 2.29766e-06 1.09982e-06 4.68296e-07 4.2102e-07 2.36623e-07 8.42047e-08 9.99194e-09 1.0535e-08 2.61821e-10 8.57767e-11 5.24096e-11 5.62039e-12 8.52651e-13 3.41061e-13 5.68434e-14 5.68434e-14 2.84217e-14
threshold=1.5000000000000002 21.000000000000004 1202.0363769531252 997.50000000000011 7823.6906738281259 11619.500000000002 26250000.000000004 2.5229492187500004 715.50000000000011 1193.7500000000002 119.0769386291504 90050000.000000015 7.4166667461395273 5105459.5000000009 2839912.7500000005 14.713787078857424 3.0033843517303471 3.2615144252777104 5004535.0000000009 54358.500000000007 193.50000000000003 84141496.000000015 362.50000000000006 1085.5000000000002 3828646.2500000005 120465.71875000001 104383.00000000001 57363.000000000007 51644.500000000007 63281.500000000007
decision_type=2 2 2 2 2 2 2 2 2 2 2 2 2 2 2 2 2 2 2 2 2 2 2 2 2 2 2 2 2 2
left_child=2 3 5 4 -2 9 7 -6 10 14 11 12 13 15 18 -9 -14 -15 23 -18 21 22 25 27 -19 26 -21 28 -1 -3
right_child=1 29 -4 -5 6 -7 -8 8 -10 -11 -12 -13 16 17 -16 -17 19 24 -20 20 -22 -23 -24 -25 -26 -27 -28 -29 -30 -31
leaf_value=-0.063390648594996782 0.052756476417231135 -0.063390648594996782 0.038257036292316554 0.030406324704927337 0.065028728103055197 -0.072213676795484932 0.060658730046799982 0.063408235269067276 0.0639137549565581 -0.062554501195298914 0.063462882070036072 0.063432501243435843 0.063400680780545435 0.063399971810617309 -0.063357207238629462 0.063422198170474092 0.063389108244244596 0.063390672614142857 -0.063381768299624844 0.063390650677333585 0.063392310090184992 0.063390396592566733 0.063390798121054845 -0.063390391540143726 0.063390723384710995 0.063390665165409865 0.063390642014845039 -0.063390648594996782 -0.063390648594996782 -0.063390648594996782
leaf_weight=235.53086000680923 9.7872622236609441 6.198180526494979 7.1068200320005408 11.264124058187006 16.330365061759949 2.300250068306922 10.181204259395598 15.006966173648836 10.187589377164839 1.9198648557066906 10.027858078479765 10.515777379274367 11.001512497663496 10.001070708036425 2.4956537634134284 10.010649681091307 9.9963997304439527 11.996487855911257 2.6981734558939925 152.95509633421898 9.9977787137031537 9.996955603361128 10.496985644102095 1.9993907511234272 9.9970958828926069 9.9970713555812818 10.99676740169525 2.9991196095943442 21.09380792081356 80.176464229822159
leaf_count=2356 22 62 18 31 31 18 21 30 20 20 20 21 22 20 25 20 20 24 27 306 20 20 21 20 20 20 22 30 211 802
internal_value=-6.62245e-06 0.0378492 -0.0608603 0.0620894 0.0631106 -0.0634592 0.0634089 0.0634939 0.0634139 -0.0633843 0.0633971 0.0633948 0.0633934 0.0634025 -0.0633902 0.0634138 0.0633911 0.0633936 -0.0633906 0.0633907 0.0633907 0.0633906 0.0633907 -0.0633906 0.0633907 0.0633907 0.0633907 -0.0633906 -0.0633906 -0.0633906
internal_weight=725.264 447.12 278.144 360.745 349.481 271.037 339.694 329.512 313.182 268.737 302.994 292.967 282.451 57.0123 266.817 25.0176 225.439 31.9947 264.321 214.437 204.441 194.443 184.446 261.623 21.9936 173.949 163.952 259.624 256.625 86.3746
internal_count=4320 1595 2725 731 700 2707 678 657 626 2689 606 586 565 114 2669 50 451 64 2644 429 409 389 369 2617 44 348 328 2597 2567 864
is_linear=0
shrinkage=0.05


Tree=18
num_leaves=30
num_cat=0
split_feature=67 6 5 24 40 17 74 14 24 52 73 37 52 1 27 14 14 14 28 73 18 18 24 40 22 29 14 4 1
split_gain=626.758 411.565 27.2456 4.66131 0.848764 0.455456 0.0326342 0.0134267 0.000865027 7.95504e-05 4.57873e-05 1.54217e-05 1.91191e-06 1.89864e-06 9.08821e-07 3.86556e-07 3.43782e-07 1.95615e-07 6.96072e-08 3.17356e-08 7.28994e-09 1.11038e-09 8.27072e-11 5.11591e-12 5.04485e-12 9.09495e-13 4.26326e-13 5.68434e-14 2.84217e-14
threshold=1.5000000000000002 21.000000000000004 11598.000000000002 997.50000000000011 1196.6499633789065 7823.6906738281259 53450000.000000007 2.5229492187500004 715.50000000000011 1322.527770996094 85350000.000000015 119.0769386291504 7.4166667461395273 5105459.5000000009 2839912.7500000005 14.713787078857424 3.0033843517303471 3.2615144252777104 5004535.0000000009 48850000.000000007 54358.500000000007 74900000.000000015 395.50000000000006 1081.681823730469 3828646.2500000005 189.50000000000003 120465.71875000001 350.50000000000006 5952327.5000000009
decision_type=2 2 2 2 2 2 2 2 2 2 2 2 2 2 2 2 2 2 2 2 2 2 2 2 2 2 2 2 2
left_child=2 3 4 5 9 -2 7 -7 10 14 11 12 13 15 18 -9 -14 -15 23 20 -18 22 25 27 -19 26 -22 -1 -3
right_child=1 28 -4 -5 -6 6 -8 8 -10 -11 -12 -13 16 17 -16 -17 19 24 -20 -21 21 -23 -24 -25 -26 -27 -28 -29 -30
leaf_value=-0.062568154148706132 0.051489839987355082 -0.062568154148706132 0.031365176933440653 0.029329423884146229 -0.096351766698270641 0.064089474663538898 0.059803472125949955 0.062584440148389778 0.063053770859974032 -0.062250261733748306 0.062683544481126993 0.062635046927494706 0.062577439986530495 0.062576785691717512 -0.062537183222139456 0.062597364519528409 0.062566724936724299 0.062568170720864638 -0.062559929341572798 0.062570938383452193 0.062568156105547598 0.062567612721009289 0.062568306473381477 -0.062568076116604129 0.062568219686670132 0.062568140982486503 0.062568166714574838 -0.062568154148706132 -0.062568154148706132
leaf_weight=235.87115670740604 9.5331240743398649 41.222072303295135 7.9138635098934165 11.098124064505098 1.8723128736019123 15.755771517753599 10.275015667080877 14.458181828260424 9.8195363581180555 1.9879269450902928 9.683764696121214 9.6616533100604993 10.599126219749449 9.6352697014808673 2.4042746499180785 9.6447023153305036 9.6306703686714155 11.557600498199465 2.5994395315647116 10.114225596189497 147.84084841609001 9.631077438592909 9.6313951909542066 2.1188838258385649 9.6313558220863325 10.112885653972624 9.6313314437866193 13.387542173266409 41.992578327655792
leaf_count=2449 22 428 27 31 15 31 22 30 20 21 20 20 22 20 25 20 20 24 27 21 307 20 20 22 20 21 20 139 436
internal_value=-7.29439e-06 0.0373226 -0.0600291 0.0612125 -0.0628084 0.062263 0.0625767 0.0626666 0.0625922 -0.0625653 0.0625766 0.062573 0.0625708 0.0625791 -0.0625678 0.0625896 0.0625687 0.0625709 -0.0625681 0.0625682 0.0625681 0.0625681 0.0625682 -0.0625682 0.0625682 0.0625682 0.0625682 -0.0625682 -0.0625682
internal_weight=699.316 431.16 268.155 347.946 260.242 336.848 327.314 317.039 301.284 258.369 291.464 281.78 272.119 54.9271 256.381 24.1029 217.192 30.8242 253.977 206.592 196.478 186.848 177.216 251.378 21.189 167.585 157.472 249.259 83.2147
internal_count=4320 1595 2725 731 2698 700 678 656 625 2683 605 585 565 114 2662 50 451 64 2637 429 408 388 368 2610 44 348 327 2588 864
is_linear=0
shrinkage=0.05


Tree=19
num_leaves=31
num_cat=0
split_feature=67 6 40 24 17 5 18 14 24 40 37 74 52 1 27 14 14 14 28 10 36 1 40 24 76 22 29 1 0 1
split_gain=588.097 386.224 26.3679 4.66196 0.480148 0.0814031 0.0336466 0.0112238 0.000725282 0.000468173 1.19362e-05 1.20242e-05 1.58568e-06 1.57289e-06 7.53003e-07 3.20121e-07 2.85106e-07 1.61947e-07 5.78178e-08 2.23827e-08 5.34232e-09 2.10537e-09 8.69989e-10 7.51186e-11 4.34852e-12 3.97193e-12 3.12639e-13 1.13687e-13 5.68434e-14 2.84217e-14
threshold=1.5000000000000002 21.000000000000004 1202.0363769531252 997.50000000000011 7823.6906738281259 11619.500000000002 91500000.000000015 2.5229492187500004 715.50000000000011 1193.7500000000002 119.0769386291504 51650000.000000007 7.4166667461395273 5105459.5000000009 2839912.7500000005 14.713787078857424 3.0033843517303471 3.2615144252777104 5004535.0000000009 11589.500000000002 42.658477783203132 85501788.000000015 1085.5000000000002 395.50000000000006 11250000.000000002 3828646.2500000005 189.50000000000003 138666.50000000003 51376.000000000007 70151004.000000015
decision_type=2 2 2 2 2 2 2 2 2 2 2 2 2 2 2 2 2 2 2 2 2 2 2 2 2 2 2 2 2 2
left_child=2 3 5 4 -2 9 7 -6 10 14 11 12 13 15 18 -9 -14 -15 22 20 21 23 28 24 26 -19 27 -18 -1 -29
right_child=1 -3 -4 -5 6 -7 -8 8 -10 -11 -12 -13 16 17 -16 -17 19 25 -20 -21 -22 -23 -24 -25 -26 -27 -28 29 -30 -31
leaf_value=-0.061805884211614495 0.050267483642500471 -0.061805884242776166 0.036810166067022566 0.028284793942574687 0.063221033631691112 -0.071324560587388494 0.058869637998287011 0.061820992549588755 0.062257415651585039 -0.060988511084357294 0.061867934314811079 0.06186480915179661 0.061814496902144515 0.061813889171595804 -0.06177716047919183 0.061832979759015673 0.061805886288879001 0.061805900500131641 -0.061798253215852063 0.061807897120741431 0.061804614559195649 0.06180511261016855 -0.061806971335474227 0.061806025008960999 0.061805845419179231 0.061805944822648395 0.061805871678025287 0.061805880661064933 -0.061805884227322673 0.061805882820531122
leaf_weight=216.67999320477247 9.2830900475382787 80.107622623443604 6.9545110613107672 10.936783745884894 15.1879805624485 2.2635779231786719 9.4685755595564824 13.918564379215242 9.4570676088333112 1.7658459618687619 9.3015010654926282 9.765174597501753 10.203471302986143 9.2755886316299456 2.3144366964697829 9.2848507165908796 9.7353029549121839 11.126068115234377 2.5023634135723105 13.445398420095442 9.2710997164249402 9.2713414728641492 1.8544488698244084 9.2717840075492841 9.2716977298259717 9.2717455029487592 9.2717114388942701 116.36003416776657 24.106460511684418 12.980403125286101
leaf_count=2337 22 864 18 31 31 18 21 30 20 20 20 21 22 20 25 20 21 24 27 29 20 20 20 20 20 20 20 251 260 28
internal_value=-7.91352e-06 0.036831 -0.0592296 0.0603925 0.0614749 -0.0618855 0.0618051 0.061896 0.0618267 -0.0617998 0.0618122 0.0618103 0.0618083 0.061816 -0.0618055 0.0618258 0.0618063 0.0618084 -0.0618058 0.0618059 0.0618058 0.0618058 -0.0618059 0.0618059 0.0618059 0.0618059 0.0618059 0.0618059 -0.0618059 0.0618059
internal_weight=673.908 415.467 258.442 335.359 324.422 251.487 315.139 305.671 290.483 249.224 281.026 271.724 261.959 52.8768 247.458 23.2034 209.082 29.6734 245.143 198.879 185.433 176.162 242.641 166.891 157.619 20.3978 148.347 139.076 240.786 129.34
internal_count=4320 1595 2725 731 700 2707 678 657 626 2689 606 586 565 114 2669 50 451 64 2644 429 400 380 2617 360 340 44 320 300 2597 279
is_linear=0
shrinkage=0.05


Tree=20
num_leaves=31
num_cat=0
split_feature=67 6 5 24 40 17 21 14 24 52 20 37 52 1 27 14 14 14 1 28 14 24 73 40 22 13 14 29 0 1
split_gain=552.361 362.701 25.1059 4.66933 0.805038 0.505833 0.034599 0.00937848 0.000604596 5.33002e-05 1.11551e-05 1.05728e-05 1.2787e-06 1.30579e-06 6.24688e-07 2.65734e-07 2.28685e-07 1.34504e-07 9.00591e-08 4.78228e-08 5.20487e-09 6.66205e-11 3.37081e-11 4.3201e-12 2.96652e-12 2.10321e-12 1.0516e-12 2.27374e-13 1.13687e-13 2.84217e-14
threshold=1.5000000000000002 21.000000000000004 11598.000000000002 997.50000000000011 1196.6499633789065 7823.6906738281259 13850000.000000002 2.5229492187500004 715.50000000000011 1322.527770996094 90050000.000000015 119.0769386291504 7.4166667461395273 5105459.5000000009 2839912.7500000005 14.713787078857424 3.0033843517303471 3.2615144252777104 86271292.000000015 5004535.0000000009 185201.15625000003 395.50000000000006 41650000.000000007 1081.681823730469 3828646.2500000005 4663.5041503906259 105964.91015625001 188.50000000000003 58861.500000000007 78448376.000000015
decision_type=2 2 2 2 2 2 2 2 2 2 2 2 2 2 2 2 2 2 2 2 2 2 2 2 2 2 2 2 2 2
left_child=2 3 4 5 9 -2 7 -7 10 14 11 12 13 15 19 -9 -14 -15 20 23 21 22 25 28 -19 26 27 29 -1 -18
right_child=1 -3 -4 -5 -6 6 -8 8 -10 -11 -12 -13 16 17 -16 -17 18 24 -20 -21 -22 -23 -24 -25 -26 -27 -28 -29 -30 -31
leaf_value=-0.061098301883782027 0.049084553049648767 -0.061098301883782027 0.030257632234313034 0.027271071069041947 -0.094421768589236885 0.062416629140014883 0.058056348745040669 0.061112336758841215 0.061518751069437785 -0.060827838873163856 0.061159310335072339 0.061155953554837973 0.061106305417091902 0.061105738764868439 -0.061071618367405114 0.061123472022047799 0.061098300877083844 0.061098316823376755 0.061103385917768607 -0.061091217416396976 0.061097063187758961 0.061098434763306501 0.061098199878458631 -0.061098226351886276 0.061098355852768675 0.061098279442152931 0.061098318174977101 0.06109829267075511 -0.061098301883782027 0.061098302256933718
leaf_weight=228.77410512417555 9.0377483665943128 77.06075119972229 7.7188866734504691 10.780215524137018 1.8259778022766102 14.628702610731123 9.1253366544842702 13.389368265867235 9.1011053919792158 1.8401058316230763 8.9501085281372053 8.9482474625110608 9.8154652118682844 8.9228620529174822 2.2263469621539107 8.9319341480731946 117.73170530796051 10.702891737222673 8.9216554164886457 2.4071692004799834 8.9184346497058851 8.9191355109214765 8.9190176129341108 1.9621867239475239 8.919097959995268 11.594774872064589 8.9190761446952802 8.9190645515918714 2.0513857379555693 8.9190697371959669
leaf_count=2565 22 864 27 31 15 31 21 30 20 21 20 20 22 20 25 20 264 24 20 27 20 20 20 22 20 26 20 20 23 20
internal_value=-8.61187e-06 0.036371 -0.0585064 0.059624 -0.0613483 0.060741 0.0610884 0.0611825 0.0611179 -0.0610959 0.0611044 0.0611025 0.0611006 0.0611077 -0.061098 0.0611168 0.0610989 0.0611006 0.0610985 -0.0610982 0.0610982 0.0610983 0.0610983 -0.0610983 0.0610983 0.0610983 0.0610983 0.0610983 -0.0610983 0.0610983
internal_weight=648.882 400.076 248.806 323.015 241.087 312.235 303.197 294.072 279.443 239.261 270.342 261.392 252.444 50.8662 237.421 22.3213 201.577 28.5449 191.762 235.195 182.84 173.922 165.003 232.788 19.622 156.084 144.489 135.57 230.825 126.651
internal_count=4320 1595 2725 731 2698 700 678 657 626 2683 606 586 566 114 2662 50 452 64 430 2637 410 390 370 2610 44 350 324 304 2588 284
is_linear=0
shrinkage=0.05


Tree=21
num_leaves=31
num_cat=0
split_feature=67 6 40 24 17 5 74 14 24 40 20 37 52 1 27 14 14 14 28 10 36 40 20 24 76 22 29 0 1 0
split_gain=518.999 340.833 24.3663 4.68234 0.532462 0.0887404 0.0356134 0.00782293 0.000499125 0.000397858 5.51563e-05 8.82907e-06 1.09393e-06 1.0859e-06 5.20323e-07 2.21168e-07 1.96871e-07 1.11912e-07 3.99973e-08 1.57804e-08 3.71125e-09 2.56978e-09 1.43814e-09 5.18412e-11 3.46745e-12 2.67519e-12 3.12639e-13 1.13687e-13 2.84217e-14 1.42109e-14
threshold=1.5000000000000002 21.000000000000004 1202.0363769531252 997.50000000000011 7823.6906738281259 11619.500000000002 53450000.000000007 2.5229492187500004 715.50000000000011 1193.7500000000002 90050000.000000015 119.0769386291504 7.4166667461395273 5105459.5000000009 2839912.7500000005 14.713787078857424 3.0033843517303471 3.2615144252777104 5004535.0000000009 11589.500000000002 42.658477783203132 1085.5000000000002 84050000.000000015 395.50000000000006 11250000.000000002 3828646.2500000005 189.50000000000003 52910.500000000007 182546.50000000003 8062.5000000000009
decision_type=2 2 2 2 2 2 2 2 2 2 2 2 2 2 2 2 2 2 2 2 2 2 2 2 2 2 2 2 2 2
left_child=2 3 5 4 -2 9 7 -6 10 14 11 12 13 15 18 -9 -14 -15 21 20 22 27 23 24 26 -19 28 -1 -18 -3
right_child=1 29 -4 -5 6 -7 -8 8 -10 -11 -12 -13 16 17 -16 -17 19 25 -20 -21 -22 -23 -24 -25 -26 -27 -28 -29 -30 -31
leaf_value=-0.060440512400634194 0.047936786218801174 -0.060440512388123757 0.035494526820254335 0.02628707760784026 0.0616703035853296 -0.070466568053294404 0.057357524027291211 0.060453566725009567 0.060832548874115079 -0.059653693700885239 0.060572830039048779 0.060494151029644019 0.06044795964592297 0.060447432985739236 -0.06041569000356492 0.060463927690859891 0.060440514924141112 0.060440527458896214 -0.06043391989679358 0.060442274482602733 0.060439415833497635 -0.06044245532069762 0.060439852833294866 0.060440637641038131 0.060440480182808225 0.06044056527907446 0.060440504122895859 -0.060440512388123757 0.060440513516332853 -0.060440512388123757
leaf_weight=212.03665994107723 8.7975813522934896 48.872177973389626 6.7993578761816016 10.628492832183836 14.079365164041517 2.2257291153073302 9.1832176819443685 12.871619850397112 8.7524099946022016 1.6191770657896984 8.6444012224674207 8.602586627006529 9.4358607530593854 8.5777735710144061 2.140174373984336 8.5866395831108075 12.432397305965422 10.288888841867449 2.3140409588813773 12.433759748935698 8.5734760165214521 1.715021863579749 8.5737107694149 8.5741315782070142 8.5740490853786451 8.5740949511527997 8.5740621089935285 10.631842225790022 116.17859762907028 25.207754954695702
leaf_count=2473 22 570 18 31 31 18 22 30 20 20 20 20 22 20 25 20 29 24 27 29 20 20 20 20 20 20 20 124 271 294
internal_value=-9.25639e-06 0.0359395 -0.0578043 0.0589018 0.0600561 -0.0605307 0.0604218 0.0605215 0.0604612 -0.0604347 0.0604487 0.0604444 0.0604426 0.0604493 -0.0604402 0.0604577 0.0604409 0.0604427 -0.0604405 0.0604406 0.0604404 -0.0604405 0.0604405 0.0604405 0.0604405 0.0604405 0.0604405 -0.0604405 0.0604405 -0.0604405
internal_weight=624.499 385.017 239.482 310.937 300.309 232.683 291.511 282.328 268.248 230.457 259.496 250.852 242.249 48.899 228.838 21.4583 193.35 27.4408 226.698 183.914 171.48 224.384 162.907 154.333 145.759 18.863 137.185 222.669 128.611 74.0799
internal_count=4320 1595 2725 731 700 2707 678 656 625 2689 605 585 565 114 2669 50 451 64 2644 429 400 2617 380 360 340 44 320 2597 300 864
is_linear=0
shrinkage=0.05


Tree=22
num_leaves=31
num_cat=0
split_feature=67 6 5 24 52 17 18 14 24 52 74 37 52 1 27 14 14 17 28 24 73 37 36 40 10 17 29 22 27 73
split_gain=488.08 320.477 23.2321 4.70453 0.87697 0.836401 0.0375485 0.00637724 0.00277411 0.000146754 1.82643e-05 7.41586e-06 8.78521e-07 9.72669e-07 4.33514e-07 1.84271e-07 1.71269e-07 5.79027e-08 3.32581e-08 1.88503e-08 1.37607e-08 3.45688e-09 1.30825e-09 6.23061e-10 4.68958e-12 1.13687e-12 6.25278e-13 3.2685e-13 1.13687e-13 5.68434e-14
threshold=1.5000000000000002 21.000000000000004 11598.000000000002 1000.5000000000001 1330.752868652344 7823.6906738281259 91500000.000000015 2.5229492187500004 849.50000000000011 1323.8333129882815 51650000.000000007 119.0769386291504 7.4166667461395273 5105459.5000000009 2839912.7500000005 14.713787078857424 3.0033843517303471 4624315.7500000009 5004535.0000000009 395.50000000000006 69400000.000000015 75.617527008056655 0.098723132163286223 1083.5908813476565 11589.500000000002 38822.968750000007 189.50000000000003 3828646.2500000005 85084.316406250015 37100000.000000007
decision_type=2 2 2 2 2 2 2 2 2 2 2 2 2 2 2 2 2 2 2 2 2 2 2 2 2 2 2 2 2 2
left_child=2 3 4 5 9 -2 7 -7 10 14 11 12 13 15 18 -9 -14 27 23 20 21 22 -18 28 25 -24 29 -15 -1 -27
right_child=1 -3 -4 -5 -6 6 -8 8 -10 -11 -12 -13 16 17 -16 -17 19 -19 -20 -21 -22 -23 24 -25 -26 26 -28 -29 -30 -31
leaf_value=-0.059828172578009098 0.044085393530113953 -0.059828172570926187 0.029248949575400196 0.023211910778862695 -0.097391916340523702 0.06097681251081797 0.056535708191747039 0.059840333654794187 0.060767893874738237 -0.059345117298800557 0.059905354249338516 0.05987814293089512 0.059835111338562889 0.059828188937663541 -0.059805050149800865 0.059849982284650584 0.059827524019605408 0.059833232806430207 -0.059822033223481209 0.059825895193542047 0.059830130026295385 0.059827084885046983 0.05982819245232926 -0.059829125405492872 0.059828138082068355 0.059828174470337087 0.059828160366539623 0.059828202293172129 -0.059828175856446231 0.059828171364678523
leaf_weight=211.2856574729085 8.7105341479182226 71.169905662536621 7.5229596197605124 9.2975914478301984 1.5644500404596318 13.541146963834761 8.4549121856689435 12.366147041320803 8.2148651480674726 1.5854317992925633 8.6944031715393049 8.2650778293609601 9.0652626454830152 9.8847175240516716 2.0560549348592749 8.2495205104351026 8.2368917465209943 8.2400885522365552 2.2231261432170859 9.4713650643825513 8.6502679586410505 8.236643582582472 8.2372671663761121 1.7299362644553173 9.4728223979473096 108.31993719935417 8.6491123437881452 8.6491362452507001 2.3064320012927046 8.2372552752494794
leaf_count=2565 23 864 27 28 12 31 21 30 19 20 21 20 22 24 25 20 20 20 27 23 21 20 20 21 23 263 21 21 28 20
internal_value=-9.9843e-06 0.0355338 -0.0571697 0.0582215 -0.0600883 0.0593445 0.0598173 0.059919 0.0598638 -0.0598244 0.0598342 0.0598316 0.05983 0.059836 -0.0598279 0.0598442 0.0598284 0.0598297 -0.0598281 0.0598281 0.0598282 0.0598281 0.0598281 -0.0598282 0.0598282 0.0598282 0.0598282 0.0598282 -0.0598282 0.0598282
internal_weight=600.589 370.315 230.274 299.145 222.751 289.847 281.137 272.682 259.141 221.187 250.926 242.232 233.966 47.3896 219.601 20.6157 186.577 26.7739 217.545 177.512 168.04 159.39 151.153 215.322 142.916 133.444 125.206 18.5339 213.592 116.557
internal_count=4320 1595 2725 731 2698 703 680 659 628 2686 609 588 568 115 2666 50 453 65 2641 431 408 387 367 2614 347 324 304 45 2593 283
is_linear=0
shrinkage=0.05


Tree=23
num_leaves=31
num_cat=0
split_feature=67 6 40 14 18 14 5 24 17 40 75 18 24 52 1 27 14 37 29 28 14 75 40 73 15 24 10 69 0 1
split_gain=459.127 301.502 22.6286 4.73713 1.483 0.360825 0.0934322 0.0595096 0.000524705 0.000305568 0.000159657 8.52301e-06 2.42011e-06 6.42343e-07 9.952e-07 3.62565e-07 1.53866e-07 4.88516e-08 4.40913e-08 2.79077e-08 3.87456e-09 4.1797e-09 3.5177e-09 1.94716e-09 5.34328e-12 3.97904e-12 3.43903e-12 1.59162e-12 5.68434e-14 5.68434e-14
threshold=1.5000000000000002 21.000000000000004 1202.0363769531252 2.1239306926727299 15670.000000000002 2.6515595912933354 11619.500000000002 984.00000000000011 11677.410644531252 1193.7500000000002 89650000.000000015 83850000.000000015 607.50000000000011 7.4166667461395273 5105459.5000000009 2839912.7500000005 14.713787078857424 84.366828918457045 193.50000000000003 5004535.0000000009 3.2615144252777104 76500000.000000015 1085.5000000000002 8993302.5000000019 92.371440887451186 344.50000000000006 11589.500000000002 44235.818359375007 52921.000000000007 78448376.000000015
decision_type=2 2 2 2 2 2 2 2 2 2 2 2 2 2 2 2 2 2 2 2 2 2 2 2 2 2 2 2 2 2
left_child=2 3 6 -2 -5 -6 9 8 -7 15 11 12 13 14 16 19 -10 18 20 22 -15 24 28 -16 25 26 27 29 -1 -22
right_child=1 -3 -4 4 5 7 -8 -9 10 -11 -12 -13 -14 17 23 -17 -18 -19 -20 -21 21 -23 -24 -25 -26 -27 -28 -29 -30 -31
leaf_value=-0.059257417039002017 0.0089364350182308695 -0.05925741706844221 0.034344135586704815 0.035668687178069799 0.051303167317008194 0.059675782833221218 -0.069640132831468152 0.063328385284732627 0.059268758970144275 -0.058537515855380112 0.059471359056951417 0.059310367115285326 0.059230464567210796 0.059256247341047869 0.059257444264668217 -0.059235847715703865 0.05927775671543959 0.059253462225660893 0.059261035370492356 -0.059251688576131833 0.0592574172572531 0.059256237696865791 -0.059259783764065738 0.059256479297007107 0.059257458502155337 0.059257448054872819 0.059257382745059498 0.059257394351862391 -0.05925741702919099 0.059257422072204968
leaf_weight=195.90777338296175 4.9196068271994582 68.334403038024902 6.642441675066947 6.9823401421308509 14.42427786439657 8.130874812602995 2.1868488416075698 9.4199429452419263 11.873600780963899 1.4853871837258328 9.2384740114212018 7.939991205930709 7.893206298351287 8.3038061261177045 15.422724992036821 1.9740957021713246 7.9210130870342246 7.9067500829696646 8.3067403733730298 2.1345414295792571 102.02706155180931 7.9083813428878775 1.5820928663015354 7.9085224866867057 7.9090979397296897 9.0954563319683057 8.304506301879881 7.909060835838317 9.4908893108367902 7.909076750278472
leaf_count=2477 17 864 18 20 39 20 18 19 30 20 23 20 20 21 39 25 20 20 21 27 258 20 20 20 20 23 21 20 120 20
internal_value=-1.06127e-05 0.0351515 -0.0565467 0.057579 0.0584254 0.0590016 -0.0593579 0.0594266 0.0592807 -0.0592521 0.0592675 0.0592594 0.0592577 0.0592586 0.0592641 -0.0592572 0.0592724 0.0592573 0.0592575 -0.0592574 0.0592573 0.0592574 -0.0592574 0.0592571 0.0592574 0.0592574 0.0592574 0.0592574 -0.0592574 0.0592574
internal_weight=577.393 355.989 221.404 287.655 282.735 275.753 214.762 261.328 251.908 212.575 243.777 234.539 226.599 218.706 43.1259 211.089 19.7946 175.58 167.673 209.115 159.366 151.063 206.981 23.3312 143.154 135.245 126.15 117.845 205.399 109.936
internal_count=4320 1595 2725 731 714 694 2707 655 636 2689 616 593 573 553 109 2669 50 444 424 2644 403 382 2617 59 362 342 319 298 2597 278
is_linear=0
shrinkage=0.05


Tree=24
num_leaves=31
num_cat=0
split_feature=67 6 5 24 40 17 17 14 24 52 20 14 37 52 1 27 14 74 28 18 73 1 14 40 24 12 1 10 8 29
split_gain=432.236 283.787 21.5772 4.99174 0.805153 0.605746 0.0405611 0.00754715 0.000274525 0.000101392 1.30986e-05 6.05702e-06 4.75191e-06 5.43004e-07 7.93581e-07 3.02858e-07 1.28755e-07 3.27755e-08 2.32458e-08 3.30968e-09 8.47365e-10 5.32843e-10 4.55799e-10 4.27633e-10 9.46159e-11 4.51905e-12 8.2423e-13 6.07514e-13 5.68434e-14 5.68434e-14
threshold=1.5000000000000002 21.000000000000004 11598.000000000002 997.50000000000011 1198.100036621094 7823.6906738281259 26250000.000000004 2.5229492187500004 715.50000000000011 1323.8333129882815 90050000.000000015 2.8556319475173955 119.0769386291504 7.4166667461395273 5105459.5000000009 2839912.7500000005 14.713787078857424 47050000.000000007 5004535.0000000009 54358.500000000007 69400000.000000015 8609285.5000000019 3.3562116622924809 1083.5908813476565 395.50000000000006 2899.5000000000005 113339.00000000001 9447.5000000000018 80.90000152587892 162.50000000000003
decision_type=2 2 2 2 2 2 2 2 2 2 2 2 2 2 2 2 2 2 2 2 2 2 2 2 2 2 2 2 2 2
left_child=2 3 4 5 9 -2 7 -7 10 15 11 -9 13 14 16 18 -13 19 23 -15 22 -16 -21 28 25 26 -24 -27 -1 -28
right_child=1 -3 -4 -5 -6 6 -8 8 -10 -11 -12 12 -14 17 21 -17 -18 -19 -20 20 -22 -23 24 -25 -26 27 29 -29 -30 -31
leaf_value=-0.058724779683333374 0.044841476108173461 -0.058724779673389071 0.02832647934529102 0.022310405534552366 -0.094980746888467027 0.059993479303456401 0.055146563340832233 0.058769961535559634 0.059034024982903111 -0.058306321929309658 0.058794280730258996 0.058735375436007958 0.058766325744481068 0.058723671496336262 0.058724804315975133 -0.058704645369068179 0.058743777507901329 0.058728053464181765 -0.058719432455503207 0.058724391873159011 0.058724226791068181 0.058724279138107731 0.058724800036426265 -0.058725602003875443 0.058724961586588936 0.058724767205625396 0.058724783136579708 0.058724750235878004 -0.058724782054452543 0.058724779044847755
leaf_weight=193.84472658485174 8.1403697431087476 65.576289653778076 7.3270783200860015 10.012925565242766 1.5426130145788182 12.675511628389357 7.8139515146613112 8.7598408162593824 7.7504470944404593 1.4596604853868473 8.0136108696460706 11.394480764865877 7.6149812936782828 7.5891673862934104 13.282256215810778 1.8943783044815052 7.6014517843723288 7.5918292999267569 2.0483759343624106 7.5896085798740378 7.5895081162452689 7.5895394384860984 7.5898582935333243 1.5939730778336514 7.5899565219879142 10.246280908584595 91.837161332368851 10.625758796930313 2.9600407704710952 7.5898452997207633
leaf_count=2554 22 864 27 31 12 31 21 23 20 20 21 30 20 20 35 25 20 20 27 20 20 20 20 21 20 27 242 28 39 20
internal_value=-1.13455e-05 0.0347893 -0.0559855 0.0569686 -0.0589939 0.0582709 0.058694 0.0588047 0.0587413 -0.0587215 0.0587315 0.0587292 0.0587275 0.0587261 0.0587313 -0.0587245 0.0587387 0.0587248 -0.0587247 0.0587247 0.0587247 0.0587246 0.0587248 -0.0587248 0.0587248 0.0587248 0.0587248 0.0587248 -0.0587248 0.0587248
internal_weight=554.735 342.065 212.671 276.488 205.344 266.475 258.335 250.521 237.846 203.801 230.095 222.082 213.322 205.707 39.8677 202.341 18.9959 165.839 200.447 158.247 150.658 20.8718 143.068 198.399 135.479 127.889 107.017 20.872 196.805 99.427
internal_count=4320 1595 2725 731 2698 700 678 657 626 2686 606 585 562 542 105 2666 50 437 2641 417 397 55 377 2614 357 337 282 55 2593 262
is_linear=0
shrinkage=0.05


Tree=25
num_leaves=31
num_cat=0
split_feature=67 6 40 24 17 5 1 14 24 52 18 14 37 52 1 28 14 15 28 18 9 17 14 1 24 52 40 74 1 17
split_gain=406.997 267.245 21.0858 5.00936 0.635909 0.0958629 0.0419935 0.0063614 0.000230756 0.000198969 1.24858e-05 5.05217e-06 3.96174e-06 4.35995e-07 6.64765e-07 2.54212e-07 1.07927e-07 9.69688e-08 4.26343e-09 2.80124e-09 5.17389e-10 4.85102e-10 1.1544e-09 4.4809e-10 7.65965e-11 3.6664e-12 2.81375e-12 1.5099e-12 7.10543e-13 1.13687e-13
threshold=1.5000000000000002 21.000000000000004 1202.0363769531252 997.50000000000011 7823.6906738281259 11619.500000000002 98350376.000000015 2.5229492187500004 715.50000000000011 1323.8333129882815 85250000.000000015 2.8556319475173955 119.0769386291504 7.4166667461395273 5105459.5000000009 5831052.5000000009 14.713787078857424 0.15393531322479251 5003391.0000000009 54358.500000000007 177.09582519531253 4624315.7500000009 141.09117126464847 8609285.5000000019 395.50000000000006 1087.8181762695315 1439.8603515625002 37200000.000000007 113339.00000000001 3842295.6250000005
decision_type=2 2 2 2 2 2 2 2 2 2 2 2 2 2 2 2 2 2 2 2 2 2 2 2 2 2 2 2 2 2
left_child=2 3 5 4 -2 9 7 -6 10 15 11 -9 13 14 16 18 -13 -15 20 -19 25 24 -23 -16 26 -1 28 -24 -21 -30
right_child=1 -3 -4 -5 6 -7 -8 8 -10 -11 -12 12 -14 17 23 -17 -18 19 -20 21 -22 22 27 -25 -26 -27 -28 -29 29 -31
leaf_value=-0.05822717443421932 0.043797538147063997 -0.058227174433560215 0.033292162482284844 0.021470788120201041 0.059416010327419271 -0.06884526562618011 0.054506325154949013 0.058269407881140822 0.058516798306597721 -0.057663330553458597 0.058297801012302003 0.058237075859314251 0.058266011700667475 0.058232999771859389 0.058227198236545041 -0.058211253337213602 0.058244930432317314 0.058226136980222665 -0.058224532070162441 0.058227192346204465 -0.058227891105979181 0.058226411953160653 0.058227139322790215 0.058226706482847203 0.058227341590774154 -0.058227094744327725 0.058227153687114036 0.058227168729359152 0.058227175593359604 0.058227181768983338
leaf_weight=185.9994008615613 7.92324274778366 62.897644758224487 6.484314188361167 9.8875154927372915 12.171528100967405 2.147076688706874 7.5137323513627043 8.4023811519145948 7.4359633028507224 1.578580256551503 7.3242971301078788 10.929151773452761 7.3042140305042258 7.2834829092025748 12.73970550298691 2.5443934947252265 7.2910809516906729 7.2791590690612784 1.5284092873334874 7.279829502105712 2.5480956137180319 7.2793341875076321 7.2797961831092861 7.2795200645923606 7.2799249291419974 1.455953650176524 14.559611320495604 10.919722259044645 82.989944577217102 7.2798223793506613
leaf_count=2555 22 864 18 31 31 18 21 23 20 23 20 30 20 20 35 35 20 20 21 20 35 20 20 20 20 20 40 30 228 20
internal_value=-1.20154e-05 0.0344474 -0.0554293 0.0563913 0.0577414 -0.0583377 0.0581872 0.0583023 0.0582428 -0.0582224 0.0582336 0.0582314 0.0582299 0.0582285 0.0582333 -0.058227 0.0582402 0.0582274 -0.0582272 0.0582271 -0.0582272 0.0582271 0.0582269 0.058227 0.0582272 -0.0582272 0.0582272 0.0582272 0.0582272 0.0582272
internal_weight=532.817 328.531 204.286 265.633 255.745 197.802 247.822 240.308 228.137 195.655 220.701 213.377 204.974 197.67 38.2395 194.076 18.2202 159.431 191.532 152.147 190.003 144.868 25.4789 20.0192 119.389 187.455 112.109 18.1995 97.5496 90.2698
internal_count=4320 1595 2725 731 700 2707 678 657 626 2689 606 586 563 543 105 2666 50 438 2631 418 2610 398 70 55 328 2575 308 50 268 248
is_linear=0
shrinkage=0.05


Tree=26
num_leaves=31
num_cat=0
split_feature=67 6 5 14 18 52 14 24 17 17 52 18 24 52 1 27 14 15 29 28 14 75 73 40 17 10 24 22 0 29
split_gain=383.517 251.776 20.1064 5.17175 1.69356 0.804154 0.0353444 0.056296 0.00047478 0.000157127 0.000131268 7.19204e-06 1.93449e-06 3.78614e-07 5.90339e-07 2.14425e-07 9.06109e-08 3.31784e-08 2.70122e-08 1.6026e-08 3.80331e-09 3.47879e-09 1.60513e-09 3.00588e-10 4.40536e-12 2.47269e-12 1.93268e-12 1.42109e-12 5.68434e-14 4.26326e-14
threshold=1.5000000000000002 21.000000000000004 11598.000000000002 2.3777232170104985 15670.000000000002 1333.7222290039065 2.6515595912933354 984.00000000000011 11677.410644531252 25850000.000000004 1323.8333129882815 83850000.000000015 607.50000000000011 7.4166667461395273 5105459.5000000009 2839912.7500000005 14.713787078857424 143.40257263183597 193.50000000000003 5004535.0000000009 3.2615144252777104 76500000.000000015 8993302.5000000019 1083.5908813476565 32490.684570312504 11589.500000000002 344.50000000000006 25450000.000000004 52233.500000000007 151.50000000000003
decision_type=2 2 2 2 2 2 2 2 2 2 2 2 2 2 2 2 2 2 2 2 2 2 2 2 2 2 2 2 2 2
left_child=2 3 5 -2 -5 10 -6 8 -8 11 15 12 13 14 16 19 -10 18 20 23 -15 24 -16 28 -22 26 27 29 -1 -26
right_child=1 -3 -4 4 6 -7 7 -9 9 -11 -12 -13 -14 17 22 -17 -18 -19 -20 -21 21 -23 -24 -25 25 -27 -28 -29 -30 -31
leaf_value=-0.057761809995421312 0.016682568782790577 -0.057761809989067242 0.027480765914635004 0.032003917089403817 0.054793003841291654 -0.095711481093062059 0.058184031069161202 0.061872744217525671 0.057771072485814902 0.057991650276020969 -0.057284910958316497 0.057812169322363709 0.057735957133157573 0.057760582526012495 0.05776183299791119 -0.057744142888722941 0.057778422768489227 0.057758317479792966 0.057764804945570736 -0.057757179972210998 0.057761850114102377 0.05776066581321089 0.057760900324467158 -0.057762528938883756 0.057761812375181666 0.057761781516897641 0.057761835711027033 0.057761791686417402 -0.05776180996191526 0.057761810715366624
leaf_weight=168.68613563477993 8.1616417914628965 60.299884557723999 7.1321454718708983 6.5258216336369506 9.2793048769235593 1.4061070345342148 7.2244468033313742 8.7557305395603162 10.477861523628237 7.8414536714553824 1.4554754905402649 7.3626493215560904 6.962112843990325 7.3272641897201529 13.609377235174181 1.7418794482946385 6.9900672435760489 6.9768543839454642 7.3301612734794608 1.8835490867495526 7.3281369209289542 6.9783998429775229 6.9785549342632285 1.4657214134931553 79.213388413190842 6.9791328310966483 8.0260443389415723 9.4218395352363569 12.283309668302534 15.354136794805525
leaf_count=2417 29 864 27 20 27 10 20 19 30 22 22 21 20 21 39 25 20 20 21 27 21 20 20 21 227 20 23 27 176 44
internal_value=-1.28002e-05 0.0341231 -0.0549293 0.0558422 0.0571365 -0.0580404 0.0578187 0.0579402 0.0577853 0.0577719 -0.0577579 0.0577636 0.0577619 0.0577628 0.0577673 -0.0577616 0.057774 0.0577617 0.0577618 -0.0577618 0.0577617 0.0577618 0.0577615 -0.0577618 0.0577618 0.0577618 0.0577618 0.0577618 -0.0577618 0.0577618
internal_weight=511.459 315.404 196.054 255.104 246.943 188.922 240.417 231.138 222.382 215.157 187.516 207.316 199.953 192.991 38.0559 186.061 17.4679 154.935 147.959 184.319 140.628 133.301 20.5879 182.435 126.323 118.995 112.015 103.989 180.969 94.5675
internal_count=4320 1595 2725 731 702 2698 682 655 636 616 2688 594 573 553 109 2666 50 444 424 2641 403 382 59 2614 362 341 321 298 2593 271
is_linear=0
shrinkage=0.05


Tree=27
num_leaves=31
num_cat=0
split_feature=67 6 40 24 17 5 17 14 24 52 20 14 37 52 1 27 14 2 28 18 17 1 14 40 24 29 13 17 1 1
split_gain=361.414 237.283 19.7211 5.30088 0.690407 0.0964206 0.0459808 0.00720592 0.000155187 0.000143288 9.7819e-06 6.21691e-06 2.52114e-06 3.23015e-07 4.69067e-07 1.80267e-07 7.60316e-08 2.04475e-08 1.34771e-08 2.57711e-09 1.62697e-09 3.12781e-10 2.66596e-10 2.54573e-10 9.79128e-11 4.34852e-12 1.53477e-12 8.52651e-13 5.82645e-13 2.84217e-14
threshold=1.5000000000000002 21.000000000000004 1202.0363769531252 997.50000000000011 7823.6906738281259 11619.500000000002 26250000.000000004 2.5229492187500004 715.50000000000011 1323.8333129882815 90050000.000000015 2.8556319475173955 119.0769386291504 7.4166667461395273 5105459.5000000009 2839912.7500000005 14.713787078857424 8.5000000000000018 5004535.0000000009 54358.500000000007 21750000.000000004 8609285.5000000019 3.3562116622924809 1083.5908813476565 395.50000000000006 189.50000000000003 4897.1669921875009 18850000.000000004 113339.00000000001 98350376.000000015
decision_type=2 2 2 2 2 2 2 2 2 2 2 2 2 2 2 2 2 2 2 2 2 2 2 2 2 2 2 2 2 2
left_child=2 3 5 4 -2 9 7 -6 10 15 11 -9 13 14 16 18 -13 19 23 -15 22 -16 -21 29 25 26 27 28 -24 -1
right_child=1 -3 -4 -5 6 -7 -8 8 -10 -11 -12 12 -14 17 21 -17 -18 -19 -20 20 -22 -23 24 -25 -26 -27 -28 -29 -30 -31
leaf_value=-0.057326175791456713 0.041887627389601528 -0.057326175756920172 0.032360806793592461 0.018616756322983805 0.058630320484793622 -0.068081639763464624 0.053269886530891035 0.0573741176843151 0.057574536469771981 -0.056826409471896988 0.057390042674236412 0.057334854148256668 0.05735845694984102 0.057325120217585006 0.057326194485732056 -0.057309627849145811 0.057341732160711527 0.057328842846338351 -0.057321838464364616 0.057325859498666344 0.057325366322440223 0.057325765836374609 0.057326192611573012 -0.057326851645878224 0.057326369802657276 0.057326135702419206 0.057326152218196785 0.057326160489044146 0.057326177266653656 -0.05732617587762659
leaf_weight=166.26233442127705 7.5245433524250975 57.783852338790894 6.3255288898944846 9.4601246863603574 11.411965996026991 2.1065477058291426 6.9274593889713278 7.7282418608665457 6.8319072425365439 1.4469839334487904 7.0675123929977408 10.04075747728348 6.7096517384052268 6.687225639820098 11.703925341367723 1.6691708713769902 6.6985103487968436 7.024227410554885 1.8049493804574002 6.6877295374870291 6.6873945891857138 6.6876661479473105 6.6879557073116294 1.4045646190643299 6.6880764663219443 7.3567093908786765 6.6879279017448416 7.3567284345626822 84.26811608672142 7.156102016568183
leaf_count=2486 22 864 18 31 31 18 21 23 20 23 21 30 20 20 35 25 20 21 27 20 20 20 20 21 20 22 20 22 252 107
internal_value=-1.34548e-05 0.0338128 -0.0544277 0.0553147 0.0567891 -0.0574466 0.057281 0.0574068 0.0573402 -0.057322 0.0573323 0.0573302 0.0573284 0.0573272 0.0573316 -0.057326 0.0573376 0.0573262 -0.0573261 0.0573261 0.0573261 0.057326 0.0573262 -0.0573262 0.0573262 0.0573262 0.0573262 0.0573262 0.0573262 -0.0573262
internal_weight=490.884 302.708 188.176 244.924 235.464 181.851 227.94 221.012 209.6 179.744 202.768 195.701 187.973 181.263 35.1309 178.297 16.7393 146.132 176.628 139.108 132.421 18.3916 125.733 174.823 119.046 112.357 105.001 98.3128 90.9561 173.418
internal_count=4320 1595 2725 731 700 2707 678 657 626 2689 606 585 562 542 105 2666 50 437 2641 416 396 55 376 2614 356 336 314 294 272 2593
is_linear=0
shrinkage=0.05


Tree=28
num_leaves=31
num_cat=0
split_feature=67 6 5 14 18 40 14 24 17 17 52 18 24 52 1 28 14 37 29 14 75 28 73 9 17 52 10 24 73 0
split_gain=340.831 223.717 18.7899 5.38685 1.80155 0.753727 0.0379394 0.0502674 0.000416293 0.000144681 0.000120285 5.11049e-06 1.5397e-06 2.68196e-07 4.19342e-07 1.52007e-07 6.40356e-08 2.47657e-08 1.95841e-08 3.37619e-09 3.08503e-09 2.4082e-09 1.3374e-09 3.27759e-10 3.75167e-12 2.50111e-12 1.9611e-12 1.47793e-12 1.06581e-12 2.84217e-14
threshold=1.5000000000000002 21.000000000000004 11598.000000000002 2.3777232170104985 15670.000000000002 1298.497741699219 2.6515595912933354 984.00000000000011 11677.410644531252 25850000.000000004 1323.8333129882815 83850000.000000015 607.50000000000011 7.4166667461395273 5105459.5000000009 5831052.5000000009 14.713787078857424 84.366828918457045 193.50000000000003 3.2615144252777104 76500000.000000015 5003391.0000000009 8993302.5000000019 177.09582519531253 32490.684570312504 1087.8181762695315 11589.500000000002 344.50000000000006 38900000.000000007 54249.000000000007
decision_type=2 2 2 2 2 2 2 2 2 2 2 2 2 2 2 2 2 2 2 2 2 2 2 2 2 2 2 2 2 2
left_child=2 3 5 -2 -5 10 -6 8 -8 11 15 12 13 14 16 21 -10 18 19 -15 24 23 -16 25 -21 29 27 28 -26 -1
right_child=1 -3 -4 4 6 -7 7 -9 9 -11 -12 -13 -14 17 22 -17 -18 -19 -20 20 -22 -23 -24 -25 26 -27 -28 -29 -30 -31
leaf_value=-0.056918003832232923 0.013935014997009021 -0.056918003829592445 0.026702864193791333 0.029755183909529432 0.053699277969843834 -0.094484103555185231 0.057329846104905963 0.060914404330738504 0.05692613782236975 0.057147550402421948 -0.056450033766065347 0.056962246860904911 0.056893862244580755 0.056916797218003079 0.05691802638036441 -0.056904880231476489 0.056932587215900055 0.056914843166539678 0.056920654822165385 0.056918043006605329 0.056916879651997092 -0.056915887257691526 0.056917137781107741 -0.056918611909704035 0.056918006444268587 -0.056917933958182093 0.056917977721475943 0.056918027883610015 0.056917989110668782 -0.056918003967502399
leaf_weight=160.60432886332273 7.7917515933513632 55.349876403808594 6.9388004243373862 6.2556642144918433 8.5521787106990796 1.3453991264104832 6.6583957672119132 8.2826473712921125 9.6178995072841662 7.2218850851058951 1.38535826653242 6.7589007318019858 6.3892709314823142 6.7256567180156699 12.49218598008156 2.238957241177558 6.4164499938487998 6.4040163457393637 6.7284794151782981 6.7265734672546378 6.4054452776908866 1.3449972122907627 6.4056265354156485 2.242331162095069 85.523245543241501 1.2812369242310513 6.4062142074108115 7.3671871125698081 9.9296434819698316 3.0749931260943404
leaf_count=2507 29 864 27 20 27 9 20 19 30 22 23 21 20 21 39 35 20 20 21 21 20 21 20 35 267 20 20 23 31 48
internal_value=-1.42627e-05 0.0335187 -0.053979 0.054814 0.0562155 -0.0572054 0.0569645 0.0570959 0.056941 0.0569279 -0.0569141 0.0569195 0.056918 0.0569188 0.0569228 -0.0569178 0.0569287 0.0569179 0.056918 0.0569179 0.0569179 -0.056918 0.0569177 -0.056918 0.056918 -0.056918 0.056918 0.056918 0.056918 -0.056918
internal_weight=470.866 290.409 180.456 235.059 227.268 173.518 221.012 212.46 204.177 197.519 172.172 190.297 183.538 177.149 34.9322 170.787 16.0343 142.216 135.812 129.084 122.358 168.548 18.8978 167.203 115.953 164.961 109.226 102.82 95.4529 163.679
internal_count=4320 1595 2725 731 702 2698 682 655 636 616 2689 594 573 553 109 2666 50 444 424 403 382 2631 59 2610 362 2575 341 321 298 2555
is_linear=0
shrinkage=0.05


Tree=29
num_leaves=31
num_cat=0
split_feature=67 6 40 24 17 5 1 14 24 52 18 14 37 52 1 27 14 15 28 18 17 14 15 40 24 40 10 37 29 17
split_gain=321.416 210.985 18.4985 5.59249 0.747158 0.0954732 0.0504257 0.00788295 0.000104454 0.000101114 7.79305e-06 7.05629e-06 1.58084e-06 2.19508e-07 3.32555e-07 1.28458e-07 5.41192e-08 4.67732e-08 9.39249e-09 2.50287e-09 2.87031e-10 6.19785e-10 2.2035e-10 1.81444e-10 1.0337e-10 3.05533e-12 1.13332e-12 5.54223e-13 3.71259e-13 1.98952e-13
threshold=1.5000000000000002 21.000000000000004 1202.0363769531252 997.50000000000011 7823.6906738281259 11619.500000000002 98350376.000000015 2.5229492187500004 715.50000000000011 1323.8333129882815 85250000.000000015 2.8556319475173955 119.0769386291504 7.4166667461395273 5105459.5000000009 2839912.7500000005 14.713787078857424 0.15393531322479251 5004535.0000000009 54358.500000000007 4624315.7500000009 141.09117126464847 0.58993160724639904 1083.5908813476565 395.50000000000006 1439.8603515625002 7294.0000000000009 46.178731918334968 184.50000000000003 3842295.6250000005
decision_type=2 2 2 2 2 2 2 2 2 2 2 2 2 2 2 2 2 2 2 2 2 2 2 2 2 2 2 2 2 2
left_child=2 3 5 4 -2 9 7 -6 10 15 11 -9 13 14 16 18 -13 -15 23 -19 24 -22 -16 -1 25 27 -23 29 -27 -21
right_child=1 -3 -4 -5 6 -7 -8 8 -10 -11 -12 12 -14 17 22 -17 -18 19 -20 20 21 26 -24 -25 -26 28 -28 -29 -30 -31
leaf_value=-0.056535243247780177 0.040048271321001389 -0.056535243224465653 0.03151889890007141 0.015841699738821238 0.05794209146843924 -0.067348710719260838 0.052105959466460183 0.056588050496753521 0.056748643082159114 -0.056096668040152578 0.056596303993812436 0.056542868058573607 0.056562069419077814 0.056539637300554085 0.056534883234829893 -0.056520657302639089 0.056548927190096569 0.056534183430232032 -0.056531462448606198 0.056535242665691578 0.056534627801266141 0.056535233579587632 0.056535258908172174 -0.056535839056921978 0.056535452860312245 0.056535226350039602 0.056535205875425355 0.056535258812627956 0.056535208963965002 0.056535251733981121
leaf_weight=159.05490143597126 7.1511021554470053 52.997853755950928 6.1666403263807288 9.058933921158312 10.702402174472807 2.0653903931379309 6.3772506788372985 7.0974290668964377 6.2658784091472617 1.3258842490613449 6.1776675879955283 9.2092707157134992 6.1531657278537741 6.1371514201164237 6.1337513327598598 1.5308670178055752 6.14387622475624 6.1332451999187461 1.6554460525512684 69.927724212408066 6.1335658133029964 9.2010054588317853 10.734537690877913 1.2882323190569867 6.134161800146102 6.1339995563030225 6.1339827477931967 6.1340210735797873 6.1339855492115021 6.1340172290801993
leaf_count=2593 22 864 18 31 31 18 21 23 20 23 20 30 20 20 20 25 20 20 27 228 20 30 35 21 20 20 20 20 20 20
internal_value=-1.49159e-05 0.0332359 -0.0535236 0.0543303 0.0559409 -0.0566654 0.0564838 0.0566214 0.0565479 -0.0565315 0.0565411 0.0565392 0.0565372 0.0565363 0.05654 -0.0565351 0.0565453 0.0565354 -0.0565352 0.0565352 0.0565352 0.0565351 0.0565351 -0.0565352 0.0565353 0.0565352 0.0565352 0.0565352 0.0565352 0.0565352
internal_weight=451.627 278.54 173.087 225.542 216.483 166.921 209.332 202.955 192.252 164.855 185.987 179.809 172.711 166.558 32.2214 163.529 15.3531 134.337 161.999 128.2 122.066 21.4686 16.8683 160.343 100.598 94.4637 15.335 82.1958 12.268 76.0617
internal_count=4320 1595 2725 731 700 2707 678 657 626 2689 606 586 563 543 105 2666 50 438 2641 418 398 70 55 2614 328 308 50 268 40 248
is_linear=0
shrinkage=0.05


Tree=30
num_leaves=31
num_cat=0
split_feature=67 6 40 14 17 5 14 24 18 17 52 18 24 52 1 28 16 2 16 14 28 18 73 9 29 17 52 10 24 69
split_gain=303.312 199.048 17.6091 5.60726 1.80461 0.0796254 0.040876 0.0452203 0.000296237 0.000128392 8.51056e-05 4.43504e-06 1.2077e-06 1.7992e-07 2.92167e-07 1.08525e-07 4.02036e-08 1.39724e-08 1.08442e-08 3.09063e-09 1.68433e-09 1.57402e-09 1.12646e-09 2.3752e-10 6.62226e-12 2.68585e-12 2.10321e-12 1.19371e-12 6.39488e-13 4.83169e-13
threshold=1.5000000000000002 21.000000000000004 1202.0363769531252 2.3777232170104985 6418.4936523437509 11619.500000000002 2.6515595912933354 984.00000000000011 31272.000000000004 25850000.000000004 1323.8333129882815 83850000.000000015 607.50000000000011 7.4166667461395273 5105459.5000000009 5831052.5000000009 526180.37500000012 8.5000000000000018 8210.5000000000018 3.2615144252777104 5003391.0000000009 74900000.000000015 8993302.5000000019 177.09582519531253 192.50000000000003 32490.684570312504 1087.8181762695315 10183.500000000002 344.50000000000006 2930.5000000000005
decision_type=2 2 2 2 2 2 2 2 2 2 2 2 2 2 2 2 2 2 2 2 2 2 2 2 2 2 2 2 2 2
left_child=2 3 5 -2 -5 10 -6 8 -8 11 15 12 13 14 16 20 -10 18 -15 -20 23 24 -16 26 25 -21 -1 28 29 -27
right_child=1 -3 -4 4 6 -7 7 -9 9 -11 -12 -13 -14 17 22 -17 -18 -19 19 21 -22 -23 -24 -25 -26 27 -28 -29 -30 -31
leaf_value=-0.056176024377978119 0.011241366337322971 -0.056176024385121474 0.030332728771291964 0.029096348890030391 0.05267860255652218 -0.06621877700975641 0.056540017801233966 0.060074232969870023 0.056188569644673017 0.056401492703430013 -0.055764667605685284 0.056219013211534788 0.056153634524934659 0.056173715256436656 0.05617604031710343 -0.05616444131998638 0.056183194949768193 0.056178251433017627 0.0561748270214983 0.056176057114677228 -0.056174175432181506 0.056175200269410079 0.056175188448722546 -0.056176565003445839 0.056175970603087037 0.056176024491169367 -0.056175957320654592 0.056176001906880928 0.056176040171147558 0.056176009519186387
leaf_weight=150.00961217284203 7.4488847106695166 50.727320909500122 6.0894019603729239 6.3283564224839202 7.8736580535769454 1.997327372431754 6.0984718203544608 7.8366975486278525 5.8805183470249203 6.6401665806770316 1.268538687378167 6.1979914903640738 5.85457420349121 5.8695043027400962 11.448899745941164 2.0519159249961367 8.5209768712520582 6.1664988398551932 6.1638474762439719 6.1648050248622885 1.2326678782701481 6.1641375422477713 5.8705991506576529 2.0550666861236087 5.8711793124675742 75.738704830408096 1.1742337010800827 6.1647616922855368 6.1647929847240439 5.8712086677551261
leaf_count=2555 29 864 18 21 27 18 20 19 20 22 23 21 20 20 39 35 29 21 21 21 21 21 20 35 20 258 20 21 21 20
internal_value=-1.57461e-05 0.0329668 -0.0531179 0.053869 0.0553891 -0.0562981 0.0562105 0.0563533 0.0561973 0.0561857 -0.0561726 0.0561775 0.0561759 0.0561768 0.0561801 -0.0561759 0.0561854 0.0561759 0.0561758 0.0561759 -0.056176 0.056176 0.0561758 -0.056176 0.056176 0.056176 -0.056176 0.056176 0.056176 0.056176
internal_weight=432.945 267.067 165.879 216.339 208.89 159.789 202.562 194.688 186.852 180.753 157.792 174.113 167.915 162.06 31.721 156.523 14.4015 130.339 124.173 118.303 154.472 112.14 17.3195 153.239 105.975 100.104 151.184 93.9395 87.7747 81.6099
internal_count=4320 1595 2725 731 702 2707 681 654 635 615 2689 593 572 552 108 2666 49 444 423 403 2631 382 59 2610 361 341 2575 320 299 278
is_linear=0
shrinkage=0.05


Tree=31
num_leaves=31
num_cat=0
split_feature=67 6 5 24 15 40 18 14 1 24 52 14 74 52 1 27 16 10 1 28 1 1 40 14 24 29 14 73 0 29
split_gain=286.306 187.828 17.2786 5.88295 0.974572 0.737376 0.055481 0.00832209 0.000152251 7.24689e-05 7.17153e-05 7.32875e-06 7.25987e-06 1.61148e-07 2.31113e-07 9.19654e-08 3.40035e-08 1.99942e-08 1.42538e-08 6.58986e-09 4.02522e-09 1.56337e-10 1.30342e-10 1.30143e-10 6.79137e-11 6.1533e-12 1.56319e-12 9.66338e-13 2.84217e-14 2.84217e-14
threshold=1.5000000000000002 21.000000000000004 11598.000000000002 997.50000000000011 346.42221069335943 1298.497741699219 91500000.000000015 2.5229492187500004 34525.000000000007 707.50000000000011 1323.8333129882815 2.8556319475173955 51650000.000000007 7.4166667461395273 5105459.5000000009 2839912.7500000005 526180.37500000012 11589.500000000002 62094.500000000007 5004535.0000000009 85501788.000000015 8609285.5000000019 1083.5908813476565 3.3562116622924809 362.50000000000006 190.50000000000003 108434.19531250001 38900000.000000007 53138.000000000007 167.50000000000003
decision_type=2 2 2 2 2 2 2 2 2 2 2 2 2 2 2 2 2 2 2 2 2 2 2 2 2 2 2 2 2 2
left_child=2 3 5 4 6 10 7 -2 -9 11 15 -10 13 14 16 19 -13 18 -15 22 23 -16 28 -20 25 26 27 29 -1 -25
right_child=1 -3 -4 -5 -6 -7 -8 8 9 -11 -12 12 -14 17 21 -17 -18 -19 20 -21 -22 -23 -24 24 -26 -27 -28 -29 -30 -31
leaf_value=-0.055838642944490618 0.057337852003894713 -0.055838642934771338 0.026464419770810921 0.013136981278230842 0.034996670271667328 -0.093055915047288912 0.050998648357450771 0.056110373044919087 0.055895629072979486 0.056024350923295989 -0.05545253004690183 0.055850433620718176 0.055895718241282789 0.055835983056419375 0.055838657330851131 -0.055825747029966732 0.055845380460534555 0.055841002694023416 0.055838401516664186 -0.055835333780941646 0.055837261578968594 0.055838326675423038 -0.055839170584091304 0.055838641675747008 0.05583881342661922 0.055838589008380492 0.055838667203723436 0.055838624516414727 -0.055838642598561888 0.055838645011273537
leaf_weight=140.05086230486631 10.041843861341475 48.537482857704163 6.601160265505313 8.6837897971272451 5.8060645163059226 1.342482492327689 5.8642701283097258 5.7902486920356742 6.5096231698989859 5.7395187318325034 1.2132916003465641 5.6267305910587337 5.9437643289566031 5.6157379746437064 9.8311044573783857 1.4019838161766518 8.1531922221183759 8.1483310461044294 5.6175806224346152 1.5161161608993996 5.6167125403881064 5.6175239980220786 1.1798144467174996 65.446948289871216 5.8987880051136008 5.898608684539794 5.617782086133956 8.9883992969989759 5.6177638731896868 7.0222052335739127
leaf_count=2493 31 864 27 31 19 9 21 20 23 20 23 20 21 20 35 25 29 29 20 27 20 20 21 233 21 21 20 32 100 25
internal_value=-1.65513e-05 0.0327064 -0.0527313 0.0534206 0.0551803 -0.0561634 0.0557875 0.0559376 0.0558582 0.0558497 -0.0558354 0.0558436 0.0558415 0.0558394 0.0558427 -0.0558385 0.0558474 0.0558386 0.0558384 -0.0558386 0.0558386 0.0558385 -0.0558386 0.0558386 0.0558386 0.0558386 0.0558386 0.0558386 -0.0558386 0.0558386
internal_weight=414.94 256.016 158.923 207.479 198.795 152.322 192.989 187.125 177.083 171.293 150.98 165.553 159.043 153.1 29.2286 149.767 13.7799 123.871 115.723 148.365 110.107 15.4486 146.848 104.49 98.8727 92.9739 87.0753 81.4576 145.669 72.4692
internal_count=4320 1595 2725 731 700 2698 681 660 629 609 2689 589 566 545 104 2666 49 441 412 2641 392 55 2614 372 352 331 310 290 2593 258
is_linear=0
shrinkage=0.05


Tree=32
num_leaves=31
num_cat=0
split_feature=67 6 40 24 15 5 74 24 14 1 52 20 14 24 52 1 27 16 10 37 28 20 15 40 14 29 14 73 0 1
split_gain=270.236 177.295 16.5768 8.61229 1.47084 0.0782763 0.0592255 0.0130577 0.00708642 0.000132322 6.05012e-05 4.64073e-05 6.81119e-06 3.89563e-07 1.35416e-07 1.95322e-07 7.77883e-08 2.8777e-08 1.68654e-08 1.20771e-08 5.57779e-09 2.23818e-09 1.34161e-10 1.0894e-10 5.77245e-11 5.3717e-12 1.32161e-12 1.08002e-12 2.84217e-14 2.84217e-14
threshold=1.5000000000000002 21.000000000000004 1202.0363769531252 1016.5000000000001 346.42221069335943 11619.500000000002 53450000.000000007 979.50000000000011 2.5229492187500004 34525.000000000007 1323.8333129882815 90050000.000000015 2.8556319475173955 506.50000000000006 7.4166667461395273 5105459.5000000009 2839912.7500000005 526180.37500000012 11589.500000000002 81.709625244140639 5004535.0000000009 84050000.000000015 0.58993160724639904 1083.5908813476565 3.5946894884109502 192.50000000000003 108434.19531250001 38900000.000000007 53727.500000000007 8609285.5000000019
decision_type=2 2 2 2 2 2 2 2 2 2 2 2 2 2 2 2 2 2 2 2 2 2 2 2 2 2 2 2 2 2
left_child=2 3 5 4 6 10 7 8 -2 -10 16 12 -11 14 15 17 20 -14 19 21 23 24 -17 28 -16 26 27 29 -1 -26
right_child=1 -3 -4 -5 -6 -7 -8 -9 9 11 -12 -13 13 -15 18 22 -18 -19 -20 -21 -22 -23 -24 -25 25 -27 -28 -29 -30 -31
leaf_value=-0.055521556992330891 0.056932901722243939 -0.055521556966970337 0.029597448019568623 -0.0082597994127117293 0.029989864416927661 -0.065586656813591951 0.050566220135155132 0.058162285831538978 0.05577745042672258 0.055575135466214065 -0.055158877181434897 0.055671824617974042 0.055532642808160441 0.055509173754203306 0.055521403682102635 0.055521259202546538 -0.055509430015355667 0.055527889737653713 0.055523774636320779 0.055519055185142413 -0.05551844408650735 0.055520493814609231 0.055521572393050611 -0.055522050213531585 0.0555215566256161 0.055521504324001249 0.055521579881851385 0.055521537724626938 -0.055521556714249409 0.055521553534689266
leaf_weight=135.62785257399082 9.6183166205883008 46.427283883094788 5.9334029406309119 5.5779308974742881 5.813434086740016 1.9566605240106572 5.8304529413580886 5.1711356341838828 5.5398971736431113 6.2269498705863944 1.1601073518395413 5.4885652959346762 5.3821650743484515 5.9002301394939414 6.9854324162006369 5.3732967376708975 1.3410152159631241 7.7987769246101379 7.7940946519374839 5.371575951576232 1.4501974694430817 5.3726988434791556 9.4036909341812116 1.1285218410193909 65.288366228342056 5.3734867572784415 5.3735462725162497 8.8662987351417524 3.7077343091368666 5.37352630496025
leaf_count=2524 31 864 18 23 20 18 22 15 20 23 23 20 20 22 26 20 25 29 29 20 27 20 35 21 243 20 20 33 69 20
internal_value=-1.72184e-05 0.032458 -0.052332 0.0529917 0.0547588 -0.0556531 0.0555266 0.0556858 0.0556132 0.0555372 -0.0555185 0.0555289 0.0555239 0.0555218 0.0555223 0.0555254 -0.0555214 0.0555298 0.0555215 0.0555214 -0.0555215 0.0555215 0.0555215 -0.0555216 0.0555215 0.0555216 0.0555216 0.0555216 -0.0555216 0.0555216
internal_weight=397.657 245.351 152.305 198.924 193.346 146.372 187.533 181.702 176.531 166.913 144.415 161.373 155.884 149.657 143.757 27.9579 143.255 13.1809 115.799 108.005 141.914 102.633 14.777 140.464 97.2607 90.2752 84.9017 79.5282 139.336 70.6619
internal_count=4320 1595 2725 731 708 2707 688 666 651 620 2689 600 580 557 535 104 2666 49 431 402 2641 382 55 2614 362 336 316 296 2593 263
is_linear=0
shrinkage=0.05


Tree=33
num_leaves=31
num_cat=0
split_feature=67 6 5 24 15 40 17 24 14 17 52 20 14 24 52 1 28 16 74 1 75 28 9 15 76 37 12 16 52 29
split_gain=255.228 167.397 16.2395 8.42514 1.50951 0.654773 0.0617557 0.0110927 0.00604103 0.000114701 5.10946e-05 9.63374e-06 5.76327e-06 3.30151e-07 1.13802e-07 1.65414e-07 6.59811e-08 2.43082e-08 2.19532e-08 1.13438e-08 1.08398e-09 9.78389e-10 1.50777e-10 1.12241e-10 4.8459e-11 5.11111e-11 3.38218e-12 2.52953e-12 1.36424e-12 1.0516e-12
threshold=1.5000000000000002 21.000000000000004 11598.000000000002 1016.5000000000001 346.42221069335943 1298.497741699219 26250000.000000004 979.50000000000011 2.5229492187500004 12398.273925781252 1323.8333129882815 90050000.000000015 2.8556319475173955 506.50000000000006 7.4166667461395273 5105459.5000000009 5831052.5000000009 526180.37500000012 47050000.000000007 59488.000000000007 74250000.000000015 5003391.0000000009 177.09582519531253 0.58993160724639904 8018869.0000000009 0.061282115057110793 2901.0000000000005 12708.333496093752 1087.8181762695315 189.50000000000003
decision_type=2 2 2 2 2 2 2 2 2 2 2 2 2 2 2 2 2 2 2 2 2 2 2 2 2 2 2 2 2 2
left_child=2 3 5 4 6 10 7 8 -2 -10 16 12 -11 14 15 17 21 -14 19 -16 24 22 28 -17 26 -26 27 -21 -1 -29
right_child=1 -3 -4 -5 -6 -7 -8 -9 9 11 -12 -13 13 -15 18 23 -18 -19 -20 20 -22 -23 -24 -25 25 -27 -28 29 -30 -31
leaf_value=-0.055223347993106575 0.056552775217823197 -0.055223347995647709 0.025804150359327302 -0.0078052990550166405 0.029075090079724076 -0.090408540834591919 0.049944169014997673 0.057707299582103681 0.055464531444746626 0.055273755064929646 -0.054882451776568288 0.055293220305599113 0.05523377431322956 0.055211698176662639 0.055220884946234575 0.055223065952144074 -0.055213693931949727 0.055229307028914501 0.055226522811012785 0.055223381144674767 0.055222586562965442 -0.05522184193670221 -0.055223808451957769 0.055223358895328901 0.055223118168555831 0.055223338520056064 0.055223305340584887 0.055223346534667386 -0.055223289844551528 0.05522332302772133
leaf_weight=131.28513514250517 9.2091650664806348 44.395442962646484 6.4152152538299552 5.6068317145109168 5.6994655504822722 1.3348056077957142 5.3951167091727248 4.9567353427410117 5.2987553477287284 5.9547367691993704 1.1089456789195526 5.4531230926513663 5.1466744542121905 5.6419463753700247 5.1363964676856986 5.1381388008594504 1.7957287728786457 7.4575166404247284 5.1408604979515067 5.138388752937316 5.1377559006214133 1.078803602606057 1.79855516552925 8.9921487271785718 5.1381778717040998 5.3952729105949402 5.1383286714553824 69.367889046669006 1.0276629775762547 5.1383420825004569
leaf_count=2555 31 864 27 23 20 9 21 15 20 23 23 21 20 22 20 20 35 29 20 20 20 21 35 35 20 21 20 270 20 20
internal_value=-1.76967e-05 0.0322195 -0.0519785 0.0525783 0.0544076 -0.0555573 0.0552125 0.0553759 0.0553075 0.0552358 -0.0552205 0.0552279 0.0552256 0.0552236 0.055224 0.055227 -0.0552232 0.0552311 0.0552233 0.0552232 0.0552233 -0.0552233 -0.0552234 0.0552233 0.0552233 0.0552232 0.0552233 0.0552233 -0.0552233 0.0552233
internal_weight=380.922 235.077 145.845 190.682 185.075 139.43 179.375 173.98 169.024 159.814 138.095 154.516 149.063 143.108 137.466 26.7345 136.986 12.6042 110.731 105.591 100.454 135.19 134.111 14.1303 95.3164 10.5335 84.7829 79.6446 132.313 74.5062
internal_count=4320 1595 2725 731 708 2698 688 667 652 621 2689 601 580 557 535 104 2666 49 431 411 391 2631 2610 55 371 41 330 310 2575 290
is_linear=0
shrinkage=0.05


Tree=34
num_leaves=31
num_cat=0
split_feature=67 6 40 24 15 5 18 24 14 1 52 74 14 24 52 1 27 10 16 17 28 1 15 40 14 29 18 14 76 4
split_gain=241.021 158.086 15.6346 8.24784 1.54825 0.076118 0.0640216 0.00941281 0.00513482 9.74313e-05 4.3194e-05 8.81477e-06 4.87863e-06 2.80713e-07 9.48645e-08 1.40044e-07 5.60102e-08 2.56372e-08 2.0588e-08 9.48425e-09 3.95855e-09 3.48203e-09 9.27756e-11 7.79039e-11 4.08562e-11 3.82272e-12 1.20792e-12 8.81073e-13 1.42109e-13 5.68434e-14
threshold=1.5000000000000002 21.000000000000004 1202.0363769531252 1016.5000000000001 346.42221069335943 11619.500000000002 91500000.000000015 979.50000000000011 2.5229492187500004 34525.000000000007 1323.8333129882815 51650000.000000007 2.8556319475173955 506.50000000000006 7.4166667461395273 5105459.5000000009 2839912.7500000005 11589.500000000002 526180.37500000012 19246.596679687504 5004535.0000000009 85501788.000000015 0.58993160724639904 1083.5908813476565 3.5946894884109502 192.50000000000003 72300000.000000015 108434.19531250001 8156788.0000000009 366.50000000000006
decision_type=2 2 2 2 2 2 2 2 2 2 2 2 2 2 2 2 2 2 2 2 2 2 2 2 2 2 2 2 2 2
left_child=2 3 5 4 6 10 7 8 -2 -10 16 12 -11 14 15 18 20 19 -14 -16 23 24 -17 29 -21 26 27 28 -26 -1
right_child=1 -3 -4 -5 -6 -7 -8 -9 9 11 -12 -13 13 -15 17 22 -18 -19 -20 21 -22 -23 -24 -25 25 -27 -28 -29 -30 -31
leaf_value=-0.054942718262089046 0.056195682860326626 -0.054942718307367147 0.028915636198781788 -0.0073780998922538645 0.028176872301977685 -0.064978752489579392 0.049442032504846453 0.057280687069302796 0.055170143628103546 0.054990170083554613 -0.054622093506086572 0.055010998900408531 0.054952529748694558 0.054931750340057241 0.054940377710126991 0.054942454002040557 -0.054931955515406472 0.054945625239923551 0.054948324885939419 0.054942581717744438 -0.054939975441171851 0.054941335882063541 0.054942726403034631 -0.054943154606301808 0.054942716473760117 0.054942670133679254 0.054942691704332282 0.054942737702255467 0.05494270742131873 -0.054942718294409054
leaf_weight=122.9005826599896 8.8142835795879346 42.440489172935486 5.7785662561655036 5.6341755613684645 5.5899241045117369 1.9156950786709774 5.1796749755740157 4.7492181062698355 5.066592425107955 5.6927922070026389 1.059762556105851 5.2154062241315833 4.9200897067785281 5.3934437632560721 4.9101864099502555 4.911879524588584 1.2258282527327526 7.1259174495935431 7.1291654855012894 6.3855786472558966 1.3256629072129715 4.910969763994216 8.5961798876523954 1.0316148325800885 62.874802201986313 4.9120559096336356 4.9120742678642264 4.9121114611625663 4.9120862334966651 4.4700058400630942
leaf_count=2502 31 864 18 23 20 18 21 15 20 23 23 21 20 22 20 20 25 29 29 26 27 20 35 21 256 20 20 20 20 91
internal_value=-1.80417e-05 0.0319892 -0.0516093 0.0521778 0.0540723 -0.0550836 0.0549163 0.0550867 0.0550222 0.0549545 -0.05494 0.0549472 0.0549448 0.0549429 0.0549434 0.0549461 -0.0549426 0.0549427 0.05495 0.0549425 -0.0549427 0.0549426 0.0549426 -0.0549427 0.0549427 0.0549427 0.0549427 0.0549427 0.0549427 -0.0549427
internal_weight=364.897 225.189 139.708 182.749 177.114 133.929 171.525 166.345 161.596 152.781 132.013 147.715 142.499 136.807 131.413 25.5573 130.954 105.856 12.0493 98.7299 129.728 93.8197 13.5081 128.402 88.9087 82.5231 77.6111 72.699 67.7869 127.371
internal_count=4320 1595 2725 731 708 2707 688 667 652 621 2689 601 580 557 535 104 2666 431 49 402 2641 382 55 2614 362 336 316 296 276 2593
is_linear=0
shrinkage=0.05


Tree=35
num_leaves=31
num_cat=0
split_feature=67 6 5 24 36 40 21 24 14 16 52 18 14 24 52 1 28 15 36 40 20 36 28 75 9 1 14 24 73 40
split_gain=227.735 149.321 15.2932 9.84956 1.8742 0.582346 0.06744 0.0178431 0.00428245 0.000601599 3.65482e-05 9.08875e-06 4.18656e-06 1.13573e-06 6.83342e-08 1.18777e-07 4.74587e-08 4.66117e-08 1.74338e-08 7.07863e-09 1.55863e-08 5.41404e-09 6.89454e-10 2.57316e-10 1.12152e-10 7.89999e-11 6.01261e-11 2.28795e-12 1.49214e-12 9.9476e-13
threshold=1.5000000000000002 21.000000000000004 11598.000000000002 1022.5000000000001 153.6311950683594 1298.497741699219 13850000.000000002 984.00000000000011 2.5229492187500004 4893.5000000000009 1323.8333129882815 85250000.000000015 2.8556319475173955 607.50000000000011 7.4166667461395273 5105459.5000000009 5831052.5000000009 0.15393531322479251 2.4133996963500981 1439.8603515625002 9187.0000000000018 42.658477783203132 5003391.0000000009 74250000.000000015 177.09582519531253 8609285.5000000019 3.3562116622924809 319.50000000000006 35500000.000000007 996.75000000000011
decision_type=2 2 2 2 2 2 2 2 2 2 2 2 2 2 2 2 2 2 2 2 2 2 2 2 2 2 2 2 2 2
left_child=2 3 5 4 6 10 7 8 -2 -10 16 12 -11 14 15 18 22 -16 -14 21 -21 23 24 26 29 -17 -19 28 -28 -1
right_child=1 -3 -4 -5 -6 -7 -8 -9 9 11 -12 -13 13 -15 17 25 -18 19 -20 20 -22 -23 -24 -25 -26 -27 27 -29 -30 -31
leaf_value=-0.054678473439437471 0.055859995933519528 -0.054678473389879217 0.025192309104772961 -0.018711776900130209 0.022954202722400507 -0.087998556547942919 0.048939343153551224 0.057970656390902424 0.055237084083350901 0.054723172447885188 -0.054376740726857664 0.054750506332393034 0.054683760682676497 0.054654213586584378 0.054683609729836685 0.054678485574993746 -0.054669907637000428 0.054678291084685776 0.054687718683066877 0.054678258588570172 0.054681814357631447 0.054676695311180849 -0.054677150891600315 0.054678082964978975 -0.054678888887140724 0.054678228449205418 0.054678476341666296 0.054678508756340262 0.054678454679449422 -0.054678423570607516
leaf_weight=119.89848625287414 8.4335151016712171 40.560803532600403 6.2324700951576224 4.8178828507661811 4.7911789268255225 1.3248898833990086 4.9698609709739676 4.462624102830886 5.0643142014741889 5.4409035593271247 1.0125107690691937 4.7536460161209098 6.813451215624811 4.6742510944604865 4.6987467110157004 8.2154554426670057 1.6405910253524769 4.6943857818841925 4.7022229582071304 8.2151268720626813 4.9321554452180854 4.69305495917797 0.98562159016728301 4.6942112743854514 1.6432082429528225 4.6943312585353842 57.273354306817055 4.9292933046817771 9.154313921928404 0.98584401234984298
leaf_count=2554 31 864 27 21 18 9 21 13 20 23 23 20 29 20 20 35 35 20 20 35 21 20 21 20 35 20 244 21 39 21
internal_value=-1.85465e-05 0.0317664 -0.0512837 0.0517888 0.0537833 -0.0550222 0.0546757 0.0548533 0.0547641 0.0547016 -0.0546759 0.0546825 0.0546802 0.0546784 0.0546793 0.0546817 -0.0546784 0.0546787 0.0546854 0.0546785 0.0546796 0.0546783 -0.0546785 0.0546784 -0.0546785 0.0546784 0.0546785 0.0546785 0.0546785 -0.0546785
internal_weight=349.403 215.679 133.724 175.118 170.3 127.491 165.509 160.539 156.077 147.643 126.166 142.579 137.825 132.384 127.71 24.4255 125.154 103.285 11.5157 98.5859 13.1473 85.4386 123.513 80.7456 122.528 12.9098 76.0513 71.357 66.4277 120.884
internal_count=4320 1595 2725 731 710 2698 692 671 658 627 2689 607 587 564 544 104 2666 440 49 420 56 364 2631 344 2610 55 324 304 283 2575
is_linear=0
shrinkage=0.05


Tree=36
num_leaves=31
num_cat=0
split_feature=67 66 0 4 40 4 12 65 74 5 24 15 14 17 73 52 24 14 52 1 27 16 1 28 15 24 1 40 76 12
split_gain=215.146 141.781 25.0583 15.767 14.7709 3.16885 8.60556 0.332415 0.0763368 0.0733519 0.0592485 0.0279372 0.00365919 6.92587e-05 3.48319e-05 3.09533e-05 2.51933e-05 3.44748e-06 7.43736e-08 1.00726e-07 4.03913e-08 1.48123e-08 9.79024e-09 2.79871e-09 2.11784e-10 8.22524e-11 6.79812e-11 5.76676e-11 3.31539e-11 3.90799e-12
threshold=1.5000000000000002 232.00000000000003 102.50000000000001 119.50000000000001 1202.0363769531252 61.000000000000007 1656.8571777343752 253.50000000000003 49750000.000000007 11619.500000000002 997.50000000000011 346.42221069335943 2.5229492187500004 12398.273925781252 77950000.000000015 1323.8333129882815 707.50000000000011 2.8556319475173955 7.4166667461395273 5105459.5000000009 2839912.7500000005 526180.37500000012 59488.000000000007 5004535.0000000009 0.1609923988580704 395.50000000000006 8609285.5000000019 1083.5908813476565 8018869.0000000009 2899.5000000000005
decision_type=2 2 2 2 2 2 2 2 2 2 2 2 2 2 2 2 2 2 2 2 2 2 2 2 2 2 2 2 2 2
left_child=4 2 5 -3 9 8 -7 -4 10 15 11 12 -2 -14 16 20 17 -15 19 21 23 -19 -20 27 -24 28 -21 -1 29 -26
right_child=1 3 7 -5 -6 6 -8 -9 -10 -11 -12 -13 13 14 -16 -17 -18 18 22 26 -22 -23 24 -25 25 -27 -28 -29 -30 -31
leaf_value=-0.054429530525079206 0.055544227829625738 -0.2035471521936518 -0.087275780695105734 -0.054429530513484162 0.028282124809598425 -0.054429530513484183 0.054456580574021377 -0.054429530513484148 0.048507981406244099 -0.064394500070828059 0.059436056516851327 0.058431025603840531 0.054637851578357301 0.054471654052284858 0.054576176589134023 -0.054145413695154514 0.054551360969838793 0.054438241663944689 0.054427117326660494 0.054429541762037126 -0.054419966219312034 0.054434509328594741 0.05442917792260199 -0.054427117148740378 0.054429533318492908 0.054429738900539641 0.054429297749728357 -0.054429923344752523 0.054429412633586471 0.05442949941190648
leaf_weight=116.3087408170104 8.0666588544845563 1.8784273341298092 0.95191331207752128 31.488135784864426 5.6253374218940726 2.5118740797042829 6.5365895628929138 4.0369404852390289 4.9055099934339514 1.8745306134223927 6.7174000740051261 4.6916136145591727 4.6337289363145819 5.1988405287265769 4.6060780882835379 0.96714076772332092 4.5744053125381461 4.4928722977638262 4.483440473675727 7.8496208786964399 1.1193420216441143 6.5100808441638947 4.485190123319625 1.2105291970074166 62.348332867026329 4.4856662750244132 4.4852914959192276 0.94202230125665565 6.7280831784009925 9.8680170178413373
leaf_count=2593 31 17 18 702 18 56 29 90 22 18 17 14 20 23 20 23 20 20 20 35 25 29 20 27 278 20 20 21 30 44
internal_value=-1.86639e-05 0.0315513 0.0497359 -0.0628244 -0.0509395 0.0530118 0.0242295 -0.0606969 0.0546484 -0.0545798 0.0548437 0.0546345 0.0545098 0.0544479 0.0544411 -0.0544271 0.0544362 0.0544318 0.05443 0.0544326 -0.0544294 0.054436 0.0544294 -0.0544295 0.0544295 0.0544295 0.0544295 -0.0544295 0.0544295 0.0544295
internal_weight=334.582 206.535 173.168 33.3666 128.048 168.179 9.04846 4.98885 159.131 122.422 154.225 147.508 142.816 134.75 130.116 120.548 125.51 120.935 115.737 23.3379 119.581 11.003 92.3987 118.461 87.9153 83.4301 12.3349 117.251 78.9444 72.2163
internal_count=4320 1595 876 719 2725 768 85 108 683 2707 661 644 630 599 579 2689 559 539 516 104 2666 49 412 2641 392 372 55 2614 352 322
is_linear=0
shrinkage=0.05


Tree=37
num_leaves=31
num_cat=0
split_feature=67 66 0 5 4 4 12 40 65 74 24 15 14 1 36 52 24 14 52 1 27 16 1 28 75 24 15 40 76 12
split_gain=203.441 133.817 23.7192 14.4277 11.467 2.99536 8.14953 0.518636 0.313179 0.0783257 0.0500512 0.0239375 0.00311708 5.8997e-05 2.96012e-05 2.62367e-05 2.14421e-05 2.92838e-06 6.33003e-08 8.55561e-08 3.43243e-08 1.2577e-08 8.55444e-09 2.38282e-09 2.12665e-10 7.06848e-11 5.76179e-11 4.8658e-11 2.88196e-11 3.86535e-12
threshold=1.5000000000000002 232.00000000000003 102.50000000000001 11598.000000000002 119.50000000000001 61.000000000000007 1656.8571777343752 1298.497741699219 253.50000000000003 49750000.000000007 997.50000000000011 346.42221069335943 2.5229492187500004 34525.000000000007 0.089986760169267668 1323.8333129882815 707.50000000000011 2.8556319475173955 7.4166667461395273 5105459.5000000009 2839912.7500000005 526180.37500000012 59488.000000000007 5004535.0000000009 74050000.000000015 395.50000000000006 0.58993160724639904 1083.5908813476565 8018869.0000000009 2899.5000000000005
decision_type=2 2 2 2 2 2 2 2 2 2 2 2 2 2 2 2 2 2 2 2 2 2 2 2 2 2 2 2 2 2
left_child=3 2 5 7 -3 9 -7 15 -4 10 11 12 -2 -14 -15 20 17 -16 19 21 23 -19 -20 27 25 28 -21 -1 29 -24
right_child=1 4 8 -5 -6 6 -8 -9 -10 -11 -12 -13 13 14 16 -17 -18 18 22 26 -22 -23 24 -25 -26 -27 -28 -29 -30 -31
leaf_value=-0.054194878654748896 0.055247012082324513 -0.17625582173330004 -0.086800155917809457 0.024624596847227408 -0.054194878675429506 -0.054194878675429527 0.054220383717358815 -0.085795837747087239 -0.054194878675429492 0.048036678810800031 0.058894163184796067 0.057978384357683516 0.054391569113785565 0.054333186205804754 0.054234595681009273 -0.053927207776996479 0.054309864159283454 0.054203090812801294 0.054192567651765555 0.054194657515070105 -0.054185857598001264 0.05419957197618365 0.054194880350072111 -0.054192600221483693 0.05419451538354754 0.054195074533469445 0.054194887359853207 -0.054195247840600841 0.054194768027818085 0.054194846199352886
leaf_weight=111.1032081656158 7.713478446006774 2.0556296259164801 0.91032923758029838 6.0531762465834609 30.078847713768482 2.3994522392749769 6.2441972643136978 1.3129975050687779 3.8562625274062157 4.7108964696526519 6.4470887482166281 4.4967589974403372 4.4272249639034262 4.4005736112594596 4.9663589447736731 0.92360109835863013 4.3701680898666373 4.2918242365121859 4.2827391177415839 4.2845462411642057 1.0692348703742016 6.2187440991401672 58.915153175592422 1.1563480049371708 4.2844239175319663 4.2849060446023932 7.4983024299144745 0.89986135065555473 6.8554261624813071 9.6405955702066404
leaf_count=2593 31 17 18 27 702 56 29 9 90 22 17 14 20 20 23 23 20 20 20 20 25 29 275 27 20 20 35 21 32 45
internal_value=-1.50279e-05 0.031367 0.0494964 -0.0506372 -0.0620031 0.052756 0.0241246 -0.0545489 -0.0604219 0.0543832 0.0545861 0.054389 0.0542707 0.0542122 0.0542058 -0.0541926 0.0542011 0.054197 0.0541953 0.0541977 -0.0541948 0.054201 0.0541947 -0.0541949 0.0541949 0.0541949 0.0541948 -0.0541949 0.0541949 0.0541949
internal_weight=320.152 197.634 165.499 122.518 32.1345 160.733 8.64365 116.465 4.76659 152.089 147.378 140.931 136.434 128.721 124.294 115.152 119.893 115.523 110.557 22.2934 114.229 10.5106 88.2632 113.159 83.9805 79.6961 11.7828 112.003 75.4112 68.5557
internal_count=4320 1595 876 2725 719 768 85 2698 108 683 661 644 630 599 579 2689 559 539 516 104 2666 49 412 2641 392 372 55 2614 352 320
is_linear=0
shrinkage=0.05


Tree=38
num_leaves=31
num_cat=0
split_feature=67 66 0 40 4 4 12 65 17 5 24 15 14 17 52 24 74 14 52 1 28 16 1 75 28 9 24 15 76 12
split_gain=192.339 126.376 22.4563 13.9762 8.59164 2.83213 7.71948 0.293329 0.0812273 0.0701482 0.0423769 0.0205506 0.0026707 5.179e-05 2.22565e-05 1.75945e-05 5.23417e-06 2.49324e-06 5.53933e-08 7.27193e-08 2.91695e-08 1.06757e-08 7.31228e-09 2.07125e-09 4.06274e-10 7.14806e-11 5.91598e-11 4.8999e-11 2.52811e-11 3.56692e-12
threshold=1.5000000000000002 232.00000000000003 102.50000000000001 1202.0363769531252 119.50000000000001 61.000000000000007 1656.8571777343752 253.50000000000003 25850000.000000004 11619.500000000002 997.50000000000011 346.42221069335943 2.5229492187500004 12398.273925781252 1323.8333129882815 707.50000000000011 47950000.000000007 2.8556319475173955 7.4166667461395273 5105459.5000000009 5831052.5000000009 526180.37500000012 59488.000000000007 74250000.000000015 5003391.0000000009 177.09582519531253 395.50000000000006 0.58993160724639904 8018869.0000000009 2899.5000000000005
decision_type=2 2 2 2 2 2 2 2 2 2 2 2 2 2 2 2 2 2 2 2 2 2 2 2 2 2 2 2 2 2
left_child=3 2 5 9 -3 8 -7 -4 10 14 11 12 -2 -14 20 16 17 -15 19 21 24 -19 -20 26 25 -1 28 -21 29 -24
right_child=1 4 7 -5 -6 6 -8 -9 -10 -11 -12 -13 13 15 -16 -17 -18 18 22 27 -22 -23 23 -25 -26 -27 -28 -29 -30 -31
leaf_value=-0.053973584498712063 0.054967103505083936 -0.15663827375881056 -0.08623133427034313 0.027692392761064874 -0.053973584843480298 -0.053973584843480304 0.053997648985022163 -0.053973584843480277 0.047426973406126199 -0.063833266696067301 0.058387810748476411 0.057552647736807711 0.054159388107091255 0.054011052854472469 -0.053721282243698432 0.054082162454200645 0.054032830115203025 0.053981334403889025 0.053971361742968099 0.053973379813583459 -0.053966392179381144 0.05397801699352292 0.053973591288738999 0.05397243291906352 -0.053972497625064043 -0.05397394011508827 0.053973772666173349 0.053973596708465757 0.053973483529399624 0.053973557733204641
leaf_weight=105.37041290104389 7.3737057596445075 2.1934635043144253 0.87150473147630592 5.4740749150514594 28.726227410137653 2.2915509045124036 5.9635448902845383 3.6828496679663658 4.3802777454257003 1.8332601562142361 6.1844941377639762 4.3082892000675193 4.2289474159479132 4.7432046532630912 0.88183907419443031 4.1740921139717093 4.1432934999465934 4.0988564044237155 4.090098410844802 4.0918727517127973 1.4300050064921368 5.9391186088323593 56.470388293266296 4.0910402536392203 0.85913001000881095 1.4323275536298741 4.0922180116176596 7.1611098349094391 6.5471424758434287 9.2070653438568097
leaf_count=2575 31 17 18 18 702 56 29 90 21 18 17 14 20 23 23 20 20 20 20 20 35 29 276 20 21 35 20 35 32 45
internal_value=-1.21054e-05 0.031193 0.0492694 -0.050314 -0.0612567 0.0525141 0.0240257 -0.0601463 0.0541324 -0.0541332 0.0543408 0.054155 0.0540428 0.0539874 -0.0539715 0.0539813 0.0539777 0.0539756 0.053974 0.0539763 -0.0539735 0.0539794 0.0539734 0.0539735 -0.0539736 -0.0539736 0.0539736 0.0539735 0.0539736 0.0539736
internal_weight=306.335 189.054 158.135 117.281 30.9197 153.58 8.2551 4.55435 145.325 111.807 140.945 134.76 130.452 123.078 109.974 118.85 114.675 110.532 105.789 21.291 109.092 10.038 84.498 80.4079 107.662 106.803 76.3168 11.253 72.2246 65.6775
internal_count=4320 1595 876 2725 719 768 85 108 683 2707 662 645 631 600 2689 580 560 540 517 104 2666 49 413 393 2631 2610 373 55 353 321
is_linear=0
shrinkage=0.05


Tree=39
num_leaves=31
num_cat=0
split_feature=67 66 0 5 4 4 12 40 65 17 24 15 14 1 52 24 74 14 52 1 27 16 1 75 28 24 15 40 76 12
split_gain=181.947 119.409 21.2648 13.6331 6.57742 2.67848 7.31375 0.462437 0.273072 0.0837495 0.0358707 0.0176266 0.00227762 4.4164e-05 1.88948e-05 1.49929e-05 4.45156e-06 2.12044e-06 4.71729e-08 6.18385e-08 2.48747e-08 9.09781e-09 6.3784e-09 1.76021e-09 1.70041e-09 5.09175e-11 4.14779e-11 3.52287e-11 2.07905e-11 2.8848e-12
threshold=1.5000000000000002 232.00000000000003 102.50000000000001 11598.000000000002 119.50000000000001 61.000000000000007 1656.8571777343752 1298.497741699219 253.50000000000003 25850000.000000004 997.50000000000011 346.42221069335943 2.5229492187500004 34525.000000000007 1323.8333129882815 707.50000000000011 47950000.000000007 2.8556319475173955 7.4166667461395273 5105459.5000000009 2839912.7500000005 526180.37500000012 59488.000000000007 74250000.000000015 5004535.0000000009 395.50000000000006 0.58993160724639904 1083.5908813476565 8018869.0000000009 2899.5000000000005
decision_type=2 2 2 2 2 2 2 2 2 2 2 2 2 2 2 2 2 2 2 2 2 2 2 2 2 2 2 2 2 2
left_child=3 2 5 7 -3 9 -7 14 -4 10 11 12 -2 -14 20 16 17 -15 19 21 24 -19 -20 25 27 28 -21 -1 29 -24
right_child=1 4 8 -5 -6 6 -8 -9 -10 -11 -12 -13 13 15 -16 -17 -18 18 22 26 -22 -23 23 -25 -26 -27 -28 -29 -30 -31
leaf_value=-0.05376480427421635 0.054703340952819139 -0.14181784131747488 -0.085568162881462864 0.024097220271377728 -0.053764804277201178 -0.053764804277201178 0.053787513692956791 -0.083775243937254329 -0.053764804277201164 0.046948762836411535 0.057914180043849767 0.057151915647277833 0.053940369731449923 0.053800160416525501 -0.05352687174133694 0.053867363945840942 0.053820712508311747 0.053772116615147914 0.053762676419202515 0.053764608064614854 -0.053756762364938829 0.053768982572374308 0.053764806338132493 0.053763713826884975 -0.053762788728397341 0.053764978881459036 0.053764812283443625 -0.053765133269524951 0.05376470639217347 0.053764775419141236
leaf_weight=101.31411968544126 7.0470495373010626 2.2985654845833805 0.83526845276355643 5.8775228485465041 27.428658708930016 2.1880411505699149 5.6943008899688721 1.2993642389774311 3.5164947062730789 4.208023212850093 5.9297629892826071 4.1261787414550772 4.0386458039283744 4.5291147828102103 0.84180088341236015 3.9859513640403739 3.956362932920455 3.9137393087148684 3.905315786600112 3.9070415794849378 0.97500782087445159 5.6708720624446869 53.919615745544434 3.9062432795763007 1.0544624775648106 3.9073727428913108 6.8376417607069016 0.82057701051235099 6.2514066845178595 8.7911810576915723
leaf_count=2593 31 17 18 27 702 56 29 9 90 21 17 14 20 23 23 20 20 20 20 20 25 29 276 20 27 20 35 21 32 45
internal_value=-9.91632e-06 0.0310285 0.0490542 -0.0500312 -0.0605732 0.0522851 0.0239323 -0.0541296 -0.0598691 0.0538948 0.0541119 0.0539367 0.0538302 0.0537779 -0.0537628 0.0537721 0.0537686 0.0537667 0.0537652 0.0537673 -0.0537647 0.0537703 0.0537646 0.0537647 -0.0537648 0.0537648 0.0537647 -0.0537648 0.0537648 0.0537648
internal_weight=292.976 180.793 151.066 112.183 29.7272 146.714 7.88234 106.305 4.35176 138.832 134.623 128.694 124.568 117.521 105.006 113.482 109.496 105.54 101.01 20.3293 104.164 9.58461 80.6811 76.7758 103.189 72.8696 10.7447 102.135 68.9622 62.7108
internal_count=4320 1595 876 2725 719 768 85 2698 108 683 662 645 631 600 2689 580 560 540 517 104 2666 49 413 393 2641 373 55 2614 353 321
is_linear=0
shrinkage=0.05


Tree=40
num_leaves=31
num_cat=0
split_feature=67 66 0 51 5 4 4 12 40 65 74 5 24 15 14 17 73 24 52 14 41 52 1 25 16 1 75 28 24 1
split_gain=172.08 112.875 20.1402 13.4079 7.31967 5.11854 2.53375 6.9308 0.376215 0.252649 0.0866265 0.0666015 0.0303379 0.0150937 0.00192833 3.60497e-05 3.06882e-05 1.32684e-05 8.37817e-06 1.80231e-06 3.26075e-07 3.9413e-08 5.25991e-08 9.24045e-09 7.72003e-09 5.7809e-09 3.66725e-10 2.88821e-10 4.3201e-11 3.52145e-11
threshold=1.5000000000000002 232.00000000000003 102.50000000000001 1.5000000000000002 11598.000000000002 119.50000000000001 61.000000000000007 1656.8571777343752 1298.497741699219 253.50000000000003 49750000.000000007 11619.500000000002 997.50000000000011 346.42221069335943 2.5229492187500004 12398.273925781252 77950000.000000015 707.50000000000011 1323.8333129882815 2.8556319475173955 2501.385375976563 7.4166667461395273 5105459.5000000009 10750000.000000002 526180.37500000012 59488.000000000007 74050000.000000015 5003391.0000000009 395.50000000000006 8609285.5000000019
decision_type=2 2 2 2 2 2 2 2 2 2 2 2 2 2 2 2 2 2 2 2 2 2 2 2 2 2 2 2 2 2
left_child=3 2 6 8 18 -3 10 -8 11 -4 12 20 13 14 -2 -16 17 19 -5 -17 23 22 24 27 -21 -23 28 -1 -27 -24
right_child=1 5 9 4 -6 -7 7 -9 -10 -11 -12 -13 -14 -15 15 16 -18 -19 -20 21 -22 25 29 -25 -26 26 -28 -29 -30 -31
leaf_value=-0.053567733491581643 0.054454675887142992 -0.13021079342762332 -0.084813061126985667 -0.053565311160962283 0.061251946772076495 -0.053567732160065808 -0.053567732160065808 0.053589177180436598 -0.081060999462216343 -0.053567732160065801 0.046556055747257866 -0.063294369202134826 0.057470735888796948 0.056774443343209149 0.053733703287216085 0.053601117108165564 0.053716566613851262 0.053664650063492886 -0.053356497451462238 0.053574636214938465 -0.053534310543382257 0.053565689604143735 0.053567743477176105 -0.053562817632785788 0.053571681438533872 0.053567724635153018 0.053567225077472649 -0.053566769352636934 0.053567899548021186 0.053567550885360894
leaf_weight=95.636890608817339 6.7331970632076255 2.3760939240455654 0.80143167078494926 1.379280157387256 4.0487566888332367 26.184507139027119 2.0887925922870627 5.4361267536878586 1.2763074338436116 3.3569880947470665 4.1458713449537745 1.7919710353016842 5.6829836070537558 3.9503770619630805 3.8561171591281882 4.3238209038972846 3.8601931929588309 3.8055143207311621 0.73706303536891926 3.7362396866083163 0.73776699416339298 3.7281305789947501 6.5274890363216382 0.96863676607608695 5.4136648029088974 65.647603675723076 3.7295242697000495 0.78311318531632323 3.7301364988088599 3.7298189699649811
leaf_count=2564 31 17 18 37 9 702 56 29 9 90 22 18 17 14 20 23 20 20 21 20 20 20 35 26 29 352 20 21 20 20
internal_value=-8.03167e-06 0.030873 0.0488499 -0.0497251 0.0218627 -0.059944 0.052068 0.0238442 -0.0540864 -0.0595895 0.0536697 -0.0537419 0.0538993 0.0537339 0.0536328 0.0535835 0.0535781 0.053573 -0.0534926 0.0535695 -0.0535674 0.0535681 0.0535701 -0.0535677 0.0535729 0.0535676 0.0535677 -0.0535677 0.0535677 0.0535677
internal_weight=280.204 172.845 144.284 107.36 6.1651 28.5606 140.126 7.52492 101.195 4.15842 132.601 99.9184 128.455 122.772 118.821 112.088 108.232 104.372 2.11634 100.566 98.1264 96.2426 19.4072 97.3886 9.1499 76.8354 73.1073 96.42 69.3777 10.2573
internal_count=4320 1595 876 2725 67 719 768 85 2658 108 683 2649 661 644 630 599 579 559 58 539 2631 516 104 2611 49 412 392 2585 372 55
is_linear=0
shrinkage=0.05


Tree=41
num_leaves=31
num_cat=0
split_feature=67 4 51 24 5 36 40 29 18 5 24 14 16 1 20 24 52 39 8 14 41 22 52 1 25 16 28 17 8 15
split_gain=162.953 106.793 12.7194 9.3956 6.90009 2.26557 0.31095 0.0881768 0.0864038 0.0561163 0.0123288 0.00174346 0.000246062 0.00124737 1.25631e-05 1.14447e-05 7.12345e-06 3.23298e-06 2.81139e-06 1.48332e-06 2.76694e-07 1.51713e-07 3.07253e-08 4.47888e-08 7.88538e-09 6.58571e-09 2.50353e-10 1.60824e-10 1.91797e-10 2.95177e-11
threshold=1.5000000000000002 64.500000000000014 1.5000000000000002 1035.5000000000002 11598.000000000002 153.6311950683594 1298.497741699219 16258.000000000002 91500000.000000015 11619.500000000002 997.50000000000011 2.5229492187500004 4893.5000000000009 52158.500000000007 90050000.000000015 683.50000000000011 1323.8333129882815 68.500000000000014 702.47500610351574 2.8556319475173955 2501.385375976563 28400000.000000004 7.4166667461395273 5105459.5000000009 10750000.000000002 526180.37500000012 5003391.0000000009 4624315.7500000009 6.9444444179534921 0.58993160724639904
decision_type=2 2 2 2 2 2 2 2 2 2 2 2 2 2 2 2 2 2 2 2 2 2 2 2 2 2 2 2 2 2
left_child=2 3 6 5 16 8 9 17 10 20 11 -2 -13 -14 15 19 -4 -3 -19 -15 24 22 23 25 26 -21 -1 -24 -29 -25
right_child=1 7 4 -5 -6 -7 -8 -9 -10 -11 -12 12 13 14 -16 -17 -18 18 -20 21 -22 -23 27 29 -26 -27 -28 28 -30 -31
leaf_value=-0.053381652348284771 0.054220125937876673 -0.05328554841553429 -0.053379359914484517 -0.031426533577346982 0.060583426490626924 0.018242436845342103 -0.078642510889758765 -0.071274934190788952 0.045900522102408622 -0.062478986179103468 0.056506626293283159 0.053766852038835557 0.052419050945417628 0.053413179753323263 0.053481467908501612 0.053474203478037399 -0.053182263162549287 -0.053381651181460266 -0.053302912992419897 0.053388167182219219 -0.053350137416107384 0.053391370529764705 0.053381657594213011 0.053381474280042002 -0.053377004075901506 0.053385373762283909 -0.053380733544679954 0.05338119630751862 0.053381616820886837 0.05338165476198941
leaf_weight=91.281731344759464 6.4318206608295432 0.96858597919345513 1.3164668343961232 3.464537873864173 3.8927135467529297 4.7908341418951741 1.2504321634769429 0.70430964231490989 3.8547208234667769 1.7262543886899937 3.3240374624729148 3.8458913564681998 3.4124483931809655 4.1270515173673621 3.6500826030969611 3.6334544271230689 0.70335499010980118 27.626599550247196 1.1821937076747406 3.5661205202341097 0.70414711721241374 4.6395335942506781 59.632287964224815 3.5599682480096799 0.92452222481369872 5.1671545803546906 0.74745075404643913 4.4496411234140378 6.9421937614679337 6.2302373796701431
leaf_count=2564 31 28 37 17 9 28 9 17 21 18 11 20 20 23 20 20 21 776 34 20 20 26 335 20 26 29 21 25 39 35
internal_value=-6.07733e-06 0.0307257 -0.049515 0.0498476 0.0216753 0.0519928 -0.0538708 -0.053789 0.0532714 -0.053546 0.0535031 0.0534194 0.0533738 0.0533599 0.0533903 0.0533871 -0.0533107 -0.0533754 -0.0533784 0.0533838 -0.0533814 0.0533826 0.0533821 0.0533839 -0.0533816 0.0533865 -0.0533816 0.0533816 0.0533815 0.0533816
internal_weight=267.751 165.204 102.547 134.722 5.91254 131.257 96.6345 30.4817 126.467 95.3841 122.612 119.288 112.856 109.01 105.598 101.948 2.01982 29.7774 28.8088 98.3142 93.6579 94.1871 89.5476 18.5235 92.9537 8.73328 92.0292 71.0241 11.3918 9.79021
internal_count=4320 1595 2725 740 67 723 2658 855 695 2649 674 663 632 612 592 572 58 838 810 552 2631 529 503 104 2611 49 2585 399 64 55
is_linear=0
shrinkage=0.05


Tree=42
num_leaves=31
num_cat=0
split_feature=67 66 0 51 5 4 4 12 40 65 20 5 24 15 14 1 24 52 75 14 26 41 29 40 52 1 14 15 25 16
split_gain=154.255 101.935 18.3024 12.0679 6.50809 3.90755 2.26558 6.22236 0.25777 0.226941 0.0938823 0.0473406 0.0259691 0.0131295 0.00141368 2.96288e-05 9.18087e-06 6.0605e-06 4.70806e-06 1.28989e-06 1.27483e-06 2.34901e-07 1.33315e-07 3.47361e-08 2.25205e-08 3.82031e-08 1.37385e-08 1.01455e-08 6.70177e-09 5.60487e-09
threshold=1.5000000000000002 232.00000000000003 102.50000000000001 1.5000000000000002 11598.000000000002 119.50000000000001 61.000000000000007 1656.8571777343752 1298.497741699219 253.50000000000003 97250000.000000015 11619.500000000002 997.50000000000011 346.42221069335943 2.5229492187500004 34525.000000000007 707.50000000000011 1323.8333129882815 79450000.000000015 2.8556319475173955 16639.250000000004 2501.385375976563 1007.5000000000001 107.66666793823244 7.4166667461395273 5105459.5000000009 131.57868194580081 0.1609923988580704 10750000.000000002 526180.37500000012
decision_type=2 2 2 2 2 2 2 2 2 2 2 2 2 2 2 2 2 2 2 2 2 2 2 2 2 2 2 2 2 2
left_child=3 2 6 8 17 -3 10 23 11 -4 12 21 13 14 -2 -16 18 -5 19 -17 -11 28 -7 -8 25 29 -22 -26 -1 -21
right_child=1 5 9 4 -6 22 7 -9 -10 20 -12 -13 -14 -15 15 16 -18 -19 -20 24 26 -23 -24 -25 27 -27 -28 -29 -30 -31
leaf_value=-0.053205856341565133 0.053998797200209482 -0.11967300832971293 -0.08377401535550516 -0.053203702700716352 0.059961283981483073 -0.053205874125503053 -0.053205946784855546 0.053227693096140838 -0.076476287669351065 -0.053280550225433598 0.045450197171374059 -0.0617231670697777 0.056932039678409901 0.056288160629472006 0.053360376898374008 0.053235656139515954 0.053292652255039388 -0.05301759039590534 0.053267132592718196 0.053212024544095807 -0.053197447901134509 -0.053176138139864208 -0.053183335891772633 -0.053191829242186676 0.053208670087979443 0.05320580728724459 -0.053205867267622553 0.053205870106450497 -0.053201476720982049 0.053209386537853134
leaf_weight=87.822781667113304 6.1425798386335364 2.4371679574251202 0.75783909857273046 1.2562919594347466 3.7403066754341125 23.170378584414724 1.2230945751070965 4.9550594240427017 1.2222703099250782 0.69269051775336299 3.7140037119388571 1.6616594865918148 5.3370707631111136 3.7071249783039084 3.5189728289842597 3.9385331720113745 3.4669628888368598 0.6710775177925824 3.4532792121171942 3.4031438231468218 0.67788781970739398 0.6719417404383411 0.67523247003555198 0.6768280304968356 3.3999677449464789 9.3427214324474317 1.6987049244344232 66.759082406759262 0.88226092979311843 4.9309952557086945
leaf_count=2585 31 17 18 37 9 682 36 29 9 20 21 18 17 14 20 23 20 21 20 20 20 20 20 20 20 55 50 393 26 29
internal_value=-5.7865e-06 0.030542 0.0484719 -0.0493169 0.0215 -0.0593687 0.0516941 0.02373 -0.0536673 -0.0592709 0.0532769 -0.0533611 0.0535245 0.0533622 0.0532621 0.0532178 0.0532127 -0.0531389 0.0532098 0.0532077 -0.0532209 -0.0532056 -0.0532052 -0.0532009 0.0532064 0.053208 -0.0532035 0.053206 -0.0532058 0.0532105
internal_weight=256.008 158.079 131.797 97.9286 5.66768 26.2828 127.969 6.85498 92.2609 3.82712 121.114 91.0386 117.4 112.063 108.356 102.214 98.6947 1.92737 95.2277 91.7744 3.06928 89.377 23.8456 1.89992 87.8359 17.6769 2.37659 70.1591 88.705 8.33414
internal_count=4320 1595 876 2725 67 719 768 85 2658 108 683 2649 662 645 631 600 580 58 560 540 90 2631 702 56 517 104 70 413 2611 49
is_linear=0
shrinkage=0.05


Tree=43
num_leaves=31
num_cat=0
split_feature=67 66 0 51 5 4 4 12 40 65 17 5 24 15 14 17 24 52 74 14 18 41 29 21 52 1 41 25 16 75
split_gain=146.133 96.4381 17.3425 11.4513 6.14147 3.11695 2.14429 5.89987 0.214257 0.206884 0.0971106 0.0399836 0.0220555 0.0112758 0.00120772 2.52954e-05 7.82804e-06 5.15917e-06 4.80677e-06 1.11102e-06 1.08755e-06 1.9959e-07 1.13665e-07 2.96557e-08 2.30979e-08 3.25547e-08 1.16839e-08 5.73611e-09 4.77633e-09 1.68819e-09
threshold=1.5000000000000002 232.00000000000003 102.50000000000001 1.5000000000000002 11598.000000000002 119.50000000000001 61.000000000000007 1656.8571777343752 1298.497741699219 253.50000000000003 25850000.000000004 11619.500000000002 997.50000000000011 346.42221069335943 2.5229492187500004 12398.273925781252 707.50000000000011 1323.8333129882815 47950000.000000007 2.8556319475173955 71039.000000000015 2501.385375976563 1007.5000000000001 34916.500000000007 7.4166667461395273 5105459.5000000009 447.19111633300787 10750000.000000002 526180.37500000012 74250000.000000015
decision_type=2 2 2 2 2 2 2 2 2 2 2 2 2 2 2 2 2 2 2 2 2 2 2 2 2 2 2 2 2 2
left_child=3 2 6 8 17 -3 10 23 11 -4 12 21 13 14 -2 -16 18 -5 19 -17 -11 27 -7 -8 25 28 -22 -1 -21 -26
right_child=1 5 9 4 -6 22 7 -9 -10 20 -12 -13 -14 -15 15 16 -18 -19 -20 24 26 -23 -24 -25 29 -27 -28 -29 -30 -31
leaf_value=-0.053039748731179497 0.053789850848321913 -0.11218974105796134 -0.08282177846634059 -0.053037706747879436 0.059381545213956215 -0.053039765440220481 -0.053039835155420802 0.053060384966888356 -0.074526966644114095 -0.053110371877462328 0.044962859614830958 -0.061021458235355076 0.056550482763105273 0.055960284480281577 0.05318594956657699 0.053067908821425584 0.053121845390156422 -0.052861901407820371 0.053102783966047284 0.053045574064379701 -0.053031803393777624 -0.053011703834112849 -0.053018459827729306 -0.053026480884979549 0.053039759478243666 0.053039698459971557 -0.053039752178788459 -0.053035600650057281 0.053043080995224867 0.053038589566583833
leaf_weight=83.794629719108343 5.8651259690523139 2.4688303172588375 0.72896130010485594 1.1986674666404713 3.591742604970932 22.107627730816606 1.1669968031346787 4.7278847694396973 1.1922868341207493 0.66096815839409861 3.568458590656518 1.5983330458402623 5.1101647317409506 3.5464644730091086 3.3580789417028418 3.7579917162656775 3.3082130253314963 0.64018123596906651 3.2999543100595465 3.2470716983079937 0.64679073169827495 0.64110325090587039 0.64424794912338157 0.64577395096421231 63.697099655866623 8.9142005294561368 1.6207876875996587 0.84179098904132743 4.7048419862985611 3.2404786646366111
leaf_count=2585 31 17 18 37 9 682 36 29 9 20 21 18 17 14 20 23 20 21 20 20 20 20 20 20 393 55 50 26 29 20
internal_value=-4.08598e-06 0.0304071 0.0482952 -0.0491301 0.0213361 -0.0588294 0.0515072 0.0236556 -0.0534753 -0.0589868 0.0530828 -0.0531863 0.0533414 0.0531881 0.053093 0.0530511 0.0530463 -0.0529765 0.0530435 0.0530413 -0.0530539 -0.0530395 -0.0530392 -0.0530351 0.0530401 0.0530418 -0.0530375 -0.0530397 0.0530441 0.0530397
internal_weight=244.536 151.037 125.816 93.4987 5.43059 25.2207 122.159 6.54066 88.0681 3.65751 115.618 86.8759 112.05 106.94 103.393 97.5279 94.1699 1.83885 90.8616 87.5617 2.92855 85.2775 22.7519 1.81277 83.8037 16.8661 2.26758 84.6364 7.95191 66.9376
internal_count=4320 1595 876 2725 67 719 768 85 2658 108 683 2649 662 645 631 600 580 58 560 540 90 2631 702 56 517 104 70 2611 49 413
is_linear=0
shrinkage=0.05


Tree=44
num_leaves=31
num_cat=0
split_feature=67 66 0 51 5 4 4 12 65 40 74 5 24 15 14 22 1 24 52 14 26 41 29 40 52 1 35 25 16 75
split_gain=138.467 91.2655 16.4352 10.8676 5.79823 2.50741 2.02984 5.59502 0.187512 0.178522 0.101003 0.0338065 0.0187051 0.00966231 0.00102162 3.05627e-05 2.22224e-05 7.06055e-06 4.3944e-06 9.46343e-07 9.29312e-07 1.69623e-07 9.6859e-08 2.53045e-08 1.92307e-08 2.77177e-08 1.01888e-08 4.86241e-09 4.08401e-09 3.94948e-10
threshold=1.5000000000000002 232.00000000000003 102.50000000000001 1.5000000000000002 11598.000000000002 119.50000000000001 61.000000000000007 1656.8571777343752 253.50000000000003 1298.497741699219 49750000.000000007 11619.500000000002 997.50000000000011 346.42221069335943 2.5229492187500004 31550000.000000004 34525.000000000007 707.50000000000011 1323.8333129882815 2.8556319475173955 16639.250000000004 2501.385375976563 1007.5000000000001 107.66666793823244 7.4166667461395273 5105459.5000000009 154.00000000000003 10750000.000000002 526180.37500000012 74250000.000000015
decision_type=2 2 2 2 2 2 2 2 2 2 2 2 2 2 2 2 2 2 2 2 2 2 2 2 2 2 2 2 2 2
left_child=3 2 6 9 18 -3 10 23 -4 11 12 21 13 14 -2 16 -16 19 -5 -18 -10 27 -7 -8 25 28 -22 -1 -21 -26
right_child=1 5 8 4 -6 22 7 -9 20 -11 -12 -13 -14 -15 15 -17 17 -19 -20 24 26 -23 -24 -25 29 -27 -28 -29 -30 -31
leaf_value=-0.052882717398163998 0.053592511014312054 -0.10591520780198294 -0.081805497174296915 -0.052880791326839996 0.058840671377937893 -0.052882733508535264 -0.052882806450308108 0.05290223506849711 -0.052949546111829886 -0.072765500708682707 0.044532054356464325 -0.060369020396816291 0.056192191236726023 0.055650782205605688 0.05302108275225368 0.053051825922320321 0.052909349271665941 0.052960401202311436 -0.052714661973119692 0.052888229584061031 -0.05287513418449466 -0.052856246966272682 -0.052862596953714293 -0.052870176644403147 0.05288272980130581 0.052882675835488002 -0.052882733965021848 -0.052878807232584292 0.052885869325043328 0.052882150497399506
leaf_weight=79.938616344705224 5.5991042107343665 2.4838704317808178 0.70180915668606703 1.1435056626796711 3.4471793174743652 21.090292124077681 1.1132950484752644 4.5104079246520996 0.63060224987566504 1.1608870178461064 3.4934157580137244 1.5363950058817852 4.8911478817462912 3.3917882144451132 3.2040007561445227 3.0849457979202262 3.58515441417694 3.1562200933694831 0.61061714403331269 3.0976669788360622 0.61700830049812827 0.61158457398414512 0.61458883434533973 0.61604893766343582 60.765908867120743 8.5039913803338987 1.5462092868983743 0.80305073596537013 4.4883516579866409 3.0918592214584342
leaf_count=2585 31 17 18 37 9 682 36 29 20 9 22 18 17 14 20 19 23 20 21 20 20 20 20 20 393 55 50 26 29 20
internal_value=-2.60496e-06 0.0302791 0.0481267 -0.0489537 0.0211825 -0.058328 0.0513295 0.0235852 -0.0587002 -0.0532939 0.0528982 -0.0530212 0.0531717 0.0530269 0.0529366 0.0528971 0.0528918 0.052887 -0.052823 0.0528842 -0.0528961 -0.0528825 -0.0528822 -0.0528783 0.0528831 0.0528846 -0.0528806 -0.0528827 0.0528868 0.0528827
internal_weight=233.53 144.278 120.089 89.2518 5.2013 24.1888 116.593 6.23975 3.49563 84.0505 110.354 82.8896 106.86 101.969 98.5772 92.9781 89.8932 86.6892 1.75412 83.5329 2.79382 81.3533 21.7049 1.72934 79.9478 16.09 2.16322 80.7417 7.58602 63.8578
internal_count=4320 1595 876 2725 67 719 768 85 108 2658 683 2649 661 644 630 599 580 560 58 540 90 2631 702 56 517 104 70 2611 49 413
is_linear=0
shrinkage=0.05


Tree=45
num_leaves=31
num_cat=0
split_feature=67 66 0 51 5 4 4 12 65 40 17 5 24 15 14 17 24 74 52 14 20 41 29 21 52 1 3 25 16 75
split_gain=131.228 86.3947 15.5775 10.3148 5.47657 2.03151 1.9218 5.30676 0.169024 0.149075 0.104772 0.0286125 0.0159381 0.00832103 0.000881281 1.83183e-05 5.61961e-06 5.83988e-06 3.74497e-06 8.09109e-07 7.94051e-07 1.4429e-07 8.26571e-08 2.16236e-08 1.69745e-08 2.36813e-08 8.70641e-09 4.15177e-09 3.48122e-09 1.63676e-09
threshold=1.5000000000000002 232.00000000000003 102.50000000000001 1.5000000000000002 11598.000000000002 119.50000000000001 61.000000000000007 1656.8571777343752 253.50000000000003 1298.497741699219 25850000.000000004 11619.500000000002 997.50000000000011 346.42221069335943 2.5229492187500004 12398.273925781252 707.50000000000011 47950000.000000007 1323.8333129882815 2.8556319475173955 159068.00000000003 2501.385375976563 1007.5000000000001 34916.500000000007 7.4166667461395273 5105459.5000000009 6.5000000000000009 10750000.000000002 526180.37500000012 74250000.000000015
decision_type=2 2 2 2 2 2 2 2 2 2 2 2 2 2 2 2 2 2 2 2 2 2 2 2 2 2 2 2 2 2
left_child=3 2 6 9 18 -3 10 23 -4 11 12 21 13 14 -2 -16 17 19 -5 -17 -10 27 -7 -8 25 28 -22 -1 -21 -26
right_child=1 5 8 4 -6 22 7 -9 20 -11 -12 -13 -14 -15 15 16 -18 -19 -20 24 26 -23 -24 -25 29 -27 -28 -29 -30 -31
leaf_value=-0.052734231598680174 0.053406069519086288 -0.10058017294993193 -0.080737591291324518 -0.052732411443987881 0.05833549162960925 -0.052734249973031645 -0.052734319668412105 0.052752694035114678 -0.052797476759560195 -0.071167790172257647 0.043931954412589652 -0.059761574704410361 0.055855506503801236 0.055358477554475573 0.0528652241316954 0.052759419726881286 0.052807755320926054 0.05280648361031879 -0.052575373096568449 0.052739445417359171 -0.052727049853597968 -0.052709233599749952 -0.052715203204533059 -0.052722365305312657 0.052734243661408935 0.052734190743574431 -0.052734243084091192 -0.052730532055800278 0.052737214194293364 0.052733036021904989
leaf_weight=76.248665150254965 5.3441560715436927 2.4847599118948009 0.67619092576205675 1.0907196048647154 3.3067337572574615 20.116767682135109 1.0619069132953871 4.3022877722978592 0.60153704322874579 1.1284241080284108 3.284020707011222 1.4759415462613095 4.6799381524324408 3.2429735809564582 3.0565216392278662 3.4197507351636878 3.0107485055923453 3.018044337630271 0.58233694918453682 2.9546945095062247 0.58852073177695308 0.58333885669708152 0.5862082839012136 0.58760388754308213 57.960942223668098 8.1114482879638654 1.4748335909098385 0.76597918197512527 4.2811828851699829 2.9484988301992408
leaf_count=2585 31 17 18 37 9 682 36 29 20 9 21 18 17 14 20 23 20 20 21 20 20 20 20 20 393 55 50 26 29 20
internal_value=-1.31003e-06 0.0301575 0.0479659 -0.0487872 0.0210385 -0.0578609 0.0511602 0.0235187 -0.0584119 -0.0531227 0.0527224 -0.0528652 0.0530053 0.0528683 0.0527825 0.0527449 0.0527407 0.0527382 -0.0526778 0.0527356 -0.0527469 -0.052734 -0.0527337 -0.0527301 0.0527346 0.052736 -0.0527322 -0.0527342 0.0527381 0.0527342
internal_weight=222.976 137.794 114.606 85.1821 4.97979 23.1877 111.265 5.9518 3.34108 80.2023 105.313 79.0739 102.029 97.349 94.106 88.7618 85.7053 82.6946 1.67306 79.6765 2.66489 77.598 20.703 1.64951 76.2568 15.3473 2.06335 77.0146 7.23588 60.9094
internal_count=4320 1595 876 2725 67 719 768 85 108 2658 683 2649 662 645 631 600 580 560 58 540 90 2631 702 56 517 104 70 2611 49 413
is_linear=0
shrinkage=0.05


Tree=46
num_leaves=31
num_cat=0
split_feature=67 66 0 40 4 12 4 65 74 5 24 15 14 22 1 52 24 14 26 29 5 52 1 27 35 16 28 75 27 16
split_gain=124.39 81.805 14.7664 9.79138 1.81978 5.0341 1.65598 0.151576 0.108674 0.0242573 0.0135338 0.00713354 0.000745838 2.8059e-05 1.62497e-05 6.13771e-06 5.15783e-06 6.89392e-07 6.78535e-07 7.05306e-08 1.8566e-08 1.40902e-08 2.02013e-08 8.32812e-09 7.41744e-09 2.97122e-09 5.43523e-10 3.6124e-10 3.38197e-10 1.10492e-09
threshold=1.5000000000000002 232.00000000000003 102.50000000000001 1202.0363769531252 61.000000000000007 1656.8571777343752 119.50000000000001 253.50000000000003 49750000.000000007 11619.500000000002 997.50000000000011 346.42221069335943 2.5229492187500004 31550000.000000004 34525.000000000007 1323.8333129882815 707.50000000000011 2.8556319475173955 16639.250000000004 1007.5000000000001 235.00000000000003 7.4166667461395273 5105459.5000000009 2839912.7500000005 154.00000000000003 526180.37500000012 5004535.0000000009 74250000.000000015 16565.057617187504 9196.7944335937518
decision_type=2 2 2 2 2 2 2 2 2 2 2 2 2 2 2 2 2 2 2 2 2 2 2 2 2 2 2 2 2 2
left_child=3 2 4 9 8 20 -3 -4 10 15 11 12 -2 14 -14 23 17 -16 -9 -8 -6 22 25 26 -20 -19 -1 28 -23 -30
right_child=1 6 7 -5 5 -7 19 18 -10 -11 -12 -13 13 -15 16 -17 -18 21 24 -21 -22 27 -24 -25 -26 -27 -28 -29 29 -31
leaf_value=-0.052593791266548479 0.053229858117053698 -0.095990459912921156 -0.079630915773588579 0.025108137084957072 -0.052582533271755098 0.052611247829788411 -0.052593795691193407 -0.052653640855040519 0.043509628985440134 -0.059195295266028361 0.055538914245290033 0.055082288933772275 0.052717811373282492 0.052762250678314096 0.052617608339960133 -0.052433852125934002 0.052663384624958315 0.052598712969568473 -0.052586985413132274 -0.052575779339119347 -0.05259387595967091 0.052593573681951146 0.052593743000211871 -0.052588305642141946 -0.052593784111738942 0.052596602219853107 -0.052592446537103356 0.052593208839036377 0.052594817213787594 0.052593791179416864
leaf_weight=73.534828819334507 5.099921539425849 2.47362953424454 0.65192792564630453 4.2656929492950431 0.56039050780236621 4.1031874418258667 19.185472629964355 0.57372721657156978 3.2145272567868224 1.4170484840869892 4.4764285683631888 3.0998882204294196 2.9153902828693381 2.8219846934080115 3.2615131437778464 0.60517371073365112 2.8715652823448172 2.8179224133491498 0.56127114035189141 0.55905994772910972 1.0127507876604793 13.642571493983267 7.7359324991703033 0.70193611085414787 1.4065537042915819 4.0829990357160568 0.75918588414788146 2.8125440776348105 2.8141159862279883 38.820971742272377
leaf_count=2614 31 17 18 18 20 29 682 20 22 18 17 14 20 19 23 23 20 20 20 20 36 97 55 25 50 29 27 20 20 276
internal_value=-1.67889e-07 0.0300418 0.0478123 -0.0486299 0.0509989 0.0234558 -0.0574249 -0.0581228 0.0525548 -0.0527139 0.0528537 0.0527241 0.0526426 0.0526072 0.0526019 -0.0525924 0.0525976 0.0525951 -0.0526058 -0.0525933 -0.0525898 0.0525941 0.0525955 -0.0525937 -0.0525918 0.0525975 -0.0525938 0.0525938 0.0525938 0.0525939
internal_weight=212.86 131.576 109.358 81.2839 106.165 5.67633 22.2182 3.19348 100.488 77.0182 97.2737 92.7973 89.6974 84.5975 81.7755 75.6011 78.8601 75.9886 2.54155 19.7445 1.57314 72.7271 14.6369 74.996 1.96782 6.90092 74.294 58.0902 55.2777 41.6351
internal_count=4320 1595 876 2725 768 85 719 108 683 2707 661 644 630 599 580 2689 560 540 90 702 56 517 104 2666 70 49 2641 413 393 296
is_linear=0
shrinkage=0.05


Tree=47
num_leaves=31
num_cat=0
split_feature=67 66 0 51 5 4 12 4 40 65 17 5 24 15 14 17 74 24 52 14 18 41 29 40 52 1 41 25 16 75
split_gain=117.82 77.4777 13.9993 9.64219 4.95315 1.7234 4.77613 1.357 0.135659 0.13528 0.113184 0.0205529 0.0115463 0.00614606 0.000643866 1.32693e-05 6.29186e-06 4.41424e-06 2.723e-06 5.90077e-07 5.80178e-07 1.04906e-07 6.02038e-08 1.586e-08 1.2495e-08 1.72384e-08 6.37859e-09 3.03244e-09 2.52969e-09 1.53675e-09
threshold=1.5000000000000002 232.00000000000003 102.50000000000001 1.5000000000000002 11598.000000000002 61.000000000000007 1656.8571777343752 119.50000000000001 1298.497741699219 253.50000000000003 25850000.000000004 11619.500000000002 997.50000000000011 346.42221069335943 2.5229492187500004 12398.273925781252 47950000.000000007 707.50000000000011 1323.8333129882815 2.8556319475173955 71039.000000000015 2501.385375976563 1007.5000000000001 107.66666793823244 7.4166667461395273 5105459.5000000009 447.19111633300787 10750000.000000002 526180.37500000012 74250000.000000015
decision_type=2 2 2 2 2 2 2 2 2 2 2 2 2 2 2 2 2 2 2 2 2 2 2 2 2 2 2 2 2 2
left_child=3 2 5 8 18 10 23 -3 11 -4 12 21 13 14 -2 -16 17 19 -5 -17 -11 27 -9 -7 25 28 -22 -1 -21 -26
right_child=1 7 9 4 -6 6 -8 22 -10 20 -12 -13 -14 -15 15 16 -18 -19 -20 24 26 -23 -24 -25 29 -27 -28 -29 -30 -31
leaf_value=-0.052460890729188442 0.053063262037617798 -0.092002302397633795 -0.078498113511119169 -0.052459256951213534 0.057668177053166014 -0.052460980042773414 0.052477419318868346 -0.052460900923618929 -0.070214928038925498 -0.052517565945752756 0.04287490940210209 -0.058666777096116743 0.055241028891841196 0.054821211091914374 0.052578367841884327 0.052483437217626286 0.052541350156547866 0.052526800864474345 -0.052318826600033598 0.052465553040557333 -0.05245443636089589 -0.052438538701825771 -0.052443855194554856 -0.052450244287520265 0.052460898039181608 0.05246085291364519 -0.052460892682300614 -0.05245757526869696 0.052463558587340788 0.052459670961546245
leaf_weight=69.343030298128724 4.8660412281751624 2.4523256570100811 0.62885749153792803 0.9919324442744244 3.1128156781196594 0.9657374583184708 3.9127747863531113 18.294848337769512 1.1070749312639225 0.5471287835389379 3.0237692557275286 1.3597731515765179 4.2804909050464621 2.9623925238847724 2.7803937643766394 3.1101780682802191 2.7601125389337531 2.7384406775236121 0.52944358065724373 2.6871219873428327 0.53520832583308209 0.53047792240977187 0.53309822082519431 0.53437009826302528 52.711549118161201 7.3768160045146942 1.3412590045481918 0.69660131819546123 3.8934695273637772 2.6813104450702658
leaf_count=2585 31 17 18 37 9 36 29 682 9 20 21 18 17 14 20 23 20 20 21 20 20 20 20 20 393 55 50 26 29 20
internal_value=3.29018e-07 0.0299317 0.0476655 -0.0484078 0.0215301 0.050845 0.0233962 -0.0570172 -0.0528453 -0.057834 0.0523947 -0.052578 0.0527048 0.0525822 0.0525047 0.052471 0.0524672 0.0524645 -0.0524104 0.0524621 -0.0524723 -0.0524607 -0.0524604 -0.0524572 0.0524612 0.0524625 -0.0524591 -0.0524609 0.0524644 0.0524608
internal_weight=203.289 125.618 104.337 77.6711 4.63419 101.285 5.41288 21.2803 73.037 3.05245 95.8721 71.9299 92.8483 88.5678 85.6054 80.7394 77.959 75.1989 1.52138 72.4604 2.4236 70.5701 18.8279 1.50011 69.3503 13.9574 1.87647 70.0396 6.58059 55.3929
internal_count=4320 1595 876 2725 67 768 85 719 2658 108 683 2649 662 645 631 600 580 560 58 540 90 2631 702 56 517 104 70 2611 49 413
is_linear=0
shrinkage=0.05


Tree=48
num_leaves=31
num_cat=0
split_feature=67 66 0 51 5 4 12 4 65 20 40 5 24 15 14 1 75 24 52 26 14 41 29 15 5 52 1 35 25 16
split_gain=111.714 73.3954 13.2735 9.1544 4.68275 1.63233 4.53198 1.1171 0.120206 0.117317 0.113689 0.0174415 0.00983715 0.0052844 0.000550957 1.1337e-05 4.9836e-06 3.75272e-06 2.32401e-06 4.96158e-07 4.94711e-07 8.93571e-08 5.14391e-08 1.41613e-08 1.36239e-08 9.92161e-09 1.47241e-08 5.4668e-09 2.59475e-09 2.16802e-09
threshold=1.5000000000000002 232.00000000000003 102.50000000000001 1.5000000000000002 11598.000000000002 61.000000000000007 1656.8571777343752 119.50000000000001 253.50000000000003 97250000.000000015 1298.497741699219 11619.500000000002 997.50000000000011 346.42221069335943 2.5229492187500004 34525.000000000007 79450000.000000015 707.50000000000011 1323.8333129882815 16639.250000000004 2.8556319475173955 2501.385375976563 1007.5000000000001 0.1609923988580704 235.00000000000003 7.4166667461395273 5105459.5000000009 154.00000000000003 10750000.000000002 526180.37500000012
decision_type=2 2 2 2 2 2 2 2 2 2 2 2 2 2 2 2 2 2 2 2 2 2 2 2 2 2 2 2 2 2
left_child=3 2 5 10 18 9 24 -3 -4 12 11 21 13 14 -2 -16 17 20 -5 -10 -17 28 -9 -22 -7 26 29 -21 -1 -25
right_child=1 7 8 4 -6 6 -8 22 19 -11 -12 -13 -14 -15 15 16 -18 -19 -20 27 23 -23 -24 25 -26 -27 -28 -29 -30 -31
leaf_value=-0.052335117282839773 0.052905706732998395 -0.088506939864844841 -0.077351152083011729 -0.052333573954148595 0.057238479241537993 -0.05232502265961108 0.052350765361704632 -0.052335130408459052 -0.052388788696380778 0.042359387273349876 -0.068844215895012509 -0.058172948258217054 0.054960574858117006 0.054574315930321887 0.052446406496212461 0.052356462244984185 0.052408798509221505 0.052397546944114928 -0.052200704443979631 -0.052328997451742701 0.052339232262616144 -0.052313990370781216 -0.052318994153690936 0.05233953409222189 -0.052335212843871465 0.052335119046199766 0.052335083599513305 -0.052335118706116374 -0.052331976438967046 0.052337643183431461
leaf_weight=66.115649627521634 4.6421578824520102 2.4224526211619404 0.60683459974825327 0.94576412066817173 2.9826668500900269 0.5094906911253918 3.7307237088680267 17.443364104256037 0.52169531583786044 2.907629992812871 1.0735121816396702 1.3041575923562039 4.091980203986167 2.8303408324718466 2.6512886434793463 2.9654867202043524 2.6289993673562995 2.6111488044261923 0.50473315827548504 0.51029279083013523 2.5616183727979651 0.50577723421156306 0.50827834755182166 2.5620684474706632 0.9207933098077774 50.258121699094772 7.0334817171096802 1.2788330893963573 0.66417780704796214 3.71226766705513
leaf_count=2585 31 17 18 37 9 20 29 682 20 21 9 18 17 14 20 23 20 20 21 20 20 20 20 20 36 393 55 50 26 29
internal_value=1.24687e-06 0.0298269 0.047525 -0.0482652 0.0214025 0.050698 0.0233399 -0.0566355 -0.0575467 0.0522419 -0.0526986 -0.0524459 0.0525664 0.0524504 0.0523767 0.0523448 0.0523412 0.0523387 -0.0522873 -0.0523459 0.0523365 -0.0523349 -0.0523347 0.0523356 -0.0523316 0.0523354 0.0523367 -0.0523334 -0.0523351 0.0523384
internal_weight=194.006 119.909 99.5353 74.0964 4.43316 96.6176 5.16101 20.3741 2.91766 91.4566 69.6633 68.5898 88.549 84.457 81.6266 76.9845 74.3332 71.7042 1.4505 2.31082 69.093 67.2856 17.9516 66.1276 1.43028 63.5659 13.3078 1.78913 66.7798 6.27434
internal_count=4320 1595 876 2725 67 768 85 719 108 683 2658 2649 662 645 631 600 580 560 58 90 540 2631 702 517 56 497 104 70 2611 49
is_linear=0
shrinkage=0.05


Tree=49
num_leaves=31
num_cat=0
split_feature=67 66 0 51 5 4 12 4 74 65 40 5 24 15 14 22 17 24 52 14 20 41 29 21 52 1 3 25 16 75
split_gain=105.942 69.5424 12.5868 8.69212 4.42865 1.54624 4.30085 0.923328 0.121881 0.106384 0.0954417 0.0148127 0.00836431 0.00453099 0.000465907 2.61163e-05 1.01868e-05 3.22923e-06 1.98417e-06 4.30167e-07 4.24765e-07 7.62263e-08 4.39718e-08 1.16603e-08 8.84452e-09 1.26024e-08 4.73747e-09 2.21524e-09 1.85163e-09 2.99451e-10
threshold=1.5000000000000002 232.00000000000003 102.50000000000001 1.5000000000000002 11598.000000000002 61.000000000000007 1656.8571777343752 119.50000000000001 49750000.000000007 253.50000000000003 1298.497741699219 11619.500000000002 997.50000000000011 346.42221069335943 2.5229492187500004 31550000.000000004 12398.273925781252 707.50000000000011 1323.8333129882815 2.8556319475173955 159068.00000000003 2501.385375976563 1007.5000000000001 34916.500000000007 7.4166667461395273 5105459.5000000009 6.5000000000000009 10750000.000000002 526180.37500000012 74250000.000000015
decision_type=2 2 2 2 2 2 2 2 2 2 2 2 2 2 2 2 2 2 2 2 2 2 2 2 2 2 2 2 2 2
left_child=3 2 5 10 18 8 23 -3 12 -4 11 21 13 14 -2 16 -16 19 -5 -18 -11 27 -9 -7 25 28 -22 -1 -21 -26
right_child=1 7 9 4 -6 6 -8 22 -10 20 -12 -13 -14 -15 15 -17 17 -19 -20 24 26 -23 -24 -25 29 -27 -28 -29 -30 -31
leaf_value=-0.052216053007476143 0.052756650647273785 -0.085420486700346646 -0.076200966912891924 -0.052214588123191963 0.056835787039492908 -0.052216144956052396 0.052230868484309745 -0.052216065363726076 0.041901706019091212 -0.052266903174665647 -0.06759055528067702 -0.057711070699036027 0.05469639070486873 0.054340747734555675 0.052321506407431467 0.052388245243856192 0.052236262962300585 0.052275195250510803 -0.05208884357541891 0.052220234214771448 -0.052210218957409453 -0.052196068026135536 -0.05220078541945266 -0.052206489721466569 0.052216057179794099 0.052216018437182578 -0.052216055090582074 -0.052213080759442566 0.052218444474020624 0.052215489100152362
leaf_weight=63.03093552030623 4.4279179424047461 2.3854081481695202 0.58573234826326315 0.90163695067167171 2.8567926585674286 0.87783367186784633 3.5567147582769394 16.629520965740088 2.8368691839277735 0.49738582782447371 1.039611943066119 1.2502296343445767 3.9107366502284995 2.7035830318927756 2.5278686285018912 2.472715124487876 2.8271853402256957 2.4894680976867667 0.48112204857170582 2.4425420165061933 0.48647437803447235 0.48216965049505134 0.48455653339624305 0.48571397736668587 47.913342267274857 6.7053252011537552 1.2191690746694801 0.63318782486021419 3.5390754044055939 2.4377662986516944
leaf_count=2585 31 17 18 37 9 36 29 682 22 20 9 18 17 14 20 19 23 20 21 20 20 20 20 20 393 55 50 26 29 20
internal_value=2.065e-06 0.0297269 0.0473905 -0.0481304 0.0212825 0.0505574 0.0232865 -0.0562776 0.0520956 -0.0572617 -0.0525599 -0.0523209 0.0524382 0.0523285 0.0522586 0.0522285 0.0522229 0.0522193 -0.0521708 0.0522172 -0.0522262 -0.0522159 -0.0522156 -0.0522127 0.0522163 0.0522175 -0.0522144 -0.052216 0.0522192 0.052216
internal_weight=185.119 114.443 94.9434 70.6757 4.23955 92.1547 4.92026 19.4995 87.2344 2.78876 66.4361 65.3965 84.3975 80.4868 77.7832 73.3553 70.8826 68.3547 1.38276 65.8652 2.20303 64.1463 17.1141 1.36355 63.0381 12.6869 1.70564 63.6641 5.98162 50.3511
internal_count=4320 1595 876 2725 67 768 85 719 683 108 2658 2649 661 644 630 599 580 560 58 540 90 2631 702 56 517 104 70 2611 49 413
is_linear=0
shrinkage=0.05


Tree=50
num_leaves=31
num_cat=0
split_feature=67 66 0 51 5 4 12 4 23 65 40 5 24 15 14 74 1 24 52 26 14 41 29 10 5 52 1 13 25 16
split_gain=100.482 65.9041 11.9369 8.25395 4.1897 1.46483 4.082 0.765891 0.140815 0.0938097 0.08025 0.0125892 0.00714766 0.00390468 0.000401875 9.00614e-06 8.68985e-06 2.744e-06 1.69475e-06 3.63314e-07 3.59454e-07 6.49907e-08 3.75934e-08 2.60573e-08 1.00007e-08 7.99501e-09 1.077e-08 4.0206e-09 1.89527e-09 1.5765e-09
threshold=1.5000000000000002 232.00000000000003 102.50000000000001 1.5000000000000002 11598.000000000002 61.000000000000007 1656.8571777343752 119.50000000000001 90000000.000000015 253.50000000000003 1298.497741699219 11619.500000000002 997.50000000000011 346.42221069335943 2.5229492187500004 48350000.000000007 34525.000000000007 707.50000000000011 1323.8333129882815 16639.250000000004 2.8556319475173955 2501.385375976563 1007.5000000000001 11589.500000000002 235.00000000000003 7.4166667461395273 5105459.5000000009 593.57220458984386 10750000.000000002 526180.37500000012
decision_type=2 2 2 2 2 2 2 2 2 2 2 2 2 2 2 2 2 2 2 2 2 2 2 2 2 2 2 2 2 2
left_child=3 2 5 10 18 8 24 -3 12 -4 11 21 13 14 -2 16 -16 20 -5 -11 -18 28 -9 25 -7 26 29 -21 -1 -22
right_child=1 7 9 4 -6 6 -8 22 -10 19 -12 -13 -14 -15 15 -17 17 -19 -20 27 23 -23 -24 -25 -26 -27 -28 -29 -30 -31
leaf_value=-0.052103309426448363 0.052615601938353754 -0.082677190532199102 -0.075057230919690854 -0.052101921281928434 0.056458106112653852 -0.052094242377406869 0.052117339194559555 -0.052103321176308531 0.040080442477616045 -0.05215147575163448 -0.066440887282572095 -0.057278655070233969 0.054447396362200084 0.054119709831409991 0.052203247817161597 0.052208030920321648 0.052122446471170203 0.052159348342621085 -0.051982887588678597 -0.052097797700127069 0.052107266214988894 -0.052084408550237486 -0.052088850348842676 0.052108303130931802 -0.052103400896630819 0.052103238297025838 0.052103276372932245 -0.052103304477819204 -0.052100493567545605 0.052105574762103202
leaf_weight=60.083341063931584 4.2229717671871176 2.3424111008644131 0.56544187664985601 0.85947141237556823 2.7351831793785095 0.46299367770552524 3.3904354348778725 15.851854180917144 2.4237296283245078 0.47414935007691417 1.0055836290121067 1.1980055719614018 3.7365893423557273 2.5819657146930686 2.4099002480506888 2.4269671663641921 2.6950259879231444 2.3731819316744796 0.45856672711670399 0.46372483298182476 2.3283276781439763 0.4596124179661264 0.46188990771770555 3.0278610289096823 0.83678456395864487 45.206395231187344 6.3917556777596474 1.1621523834764955 0.6035755816847076 3.3735809549689293
leaf_count=2585 31 17 18 37 9 20 29 682 19 20 9 18 17 14 20 20 23 20 21 20 20 20 20 26 36 389 55 50 26 29
internal_value=2.79344e-06 0.0296314 0.0472614 -0.0480029 0.0211697 0.0504228 0.023236 -0.0559417 0.0519554 -0.0569803 -0.0524286 -0.0522026 0.0523117 0.0522082 0.0521419 0.0521134 0.05211 0.0521066 -0.0520605 -0.052113 0.0521046 -0.0521031 -0.0521029 0.0521038 -0.0521001 0.0521035 0.0521047 -0.0521017 -0.0521033 0.0521063
internal_weight=176.613 109.21 90.5539 67.4033 4.05322 87.8885 4.69021 18.6562 83.1983 2.66547 63.3501 62.3445 80.7745 77.0379 74.456 70.233 67.806 65.3961 1.31804 2.10003 63.0229 61.1465 16.3137 60.3279 1.29978 57.3001 12.0937 1.62588 60.6869 5.70191
internal_count=4320 1595 876 2725 67 768 85 719 683 108 2658 2649 664 647 633 602 582 562 58 90 542 2631 702 519 56 493 104 70 2611 49
is_linear=0
shrinkage=0.05


Tree=51
num_leaves=31
num_cat=0
split_feature=67 66 0 51 5 4 12 4 23 65 40 5 24 15 14 74 17 24 52 18 14 40 29 10 21 52 1 41 25 16
split_gain=95.3163 62.4671 11.3217 7.83856 3.96485 1.38782 3.87473 0.637315 0.145627 0.0824522 0.0675751 0.0107069 0.00609917 0.00335898 0.000344277 7.70273e-06 7.44386e-06 2.34965e-06 1.44814e-06 3.11177e-07 3.07498e-07 5.55025e-08 3.21369e-08 2.2313e-08 8.56053e-09 6.8279e-09 9.20658e-09 3.47176e-09 1.61976e-09 1.35102e-09
threshold=1.5000000000000002 232.00000000000003 102.50000000000001 1.5000000000000002 11598.000000000002 61.000000000000007 1656.8571777343752 119.50000000000001 90000000.000000015 253.50000000000003 1298.497741699219 11619.500000000002 997.50000000000011 346.42221069335943 2.5229492187500004 48350000.000000007 12398.273925781252 707.50000000000011 1323.8333129882815 71039.000000000015 2.8556319475173955 997.29165649414074 1007.5000000000001 11589.500000000002 34916.500000000007 7.4166667461395273 5105459.5000000009 447.19111633300787 10750000.000000002 526180.37500000012
decision_type=2 2 2 2 2 2 2 2 2 2 2 2 2 2 2 2 2 2 2 2 2 2 2 2 2 2 2 2 2 2
left_child=3 2 5 10 18 8 24 -3 12 -4 11 21 13 14 -2 16 -16 20 -5 -11 -18 28 -9 25 -7 26 29 -21 -1 -22
right_child=1 7 9 4 -6 6 -8 22 -10 19 -12 -13 -14 -15 15 -17 17 -19 -20 27 23 -23 -24 -25 -26 -27 -28 -29 -30 -31
leaf_value=-0.051996527272245498 0.052482093623452811 -0.080224750028223782 -0.073928238796000231 -0.051995212042984955 0.056103594246050541 -0.051996613630260702 0.052009817154650785 -0.051996535133910241 0.039525153103213501 -0.05204217930359753 -0.065384034333460669 -0.056873455319775418 0.054212609292027314 0.053910464169513263 0.052091262922274478 0.052095724713680881 0.052014654962381161 0.052049638879407827 -0.051882502311860756 -0.05199128091363784 0.052000272975625296 -0.051979066253919383 -0.051982830569709239 0.052001258175139169 -0.051987934323516019 0.051996457889025738 0.051996493296787953 -0.051996522380867265 -0.051993860885635304 0.051998669119582876
leaf_weight=57.245392056182027 4.026975765824317 2.2945252656936672 0.54587149992585127 0.8191899769008153 2.6178105175495148 0.7975684143602837 3.2315809354186058 15.108934674412009 2.337099775671958 0.45195291563868556 0.97160708159208198 1.1474912837147702 3.5693577229976645 2.4653336852788916 2.2971856892108908 2.3134537190198889 2.568766474723815 2.2620785534381858 0.43702484481036663 0.44198407605290402 2.2192157506942731 0.46012609079480071 0.44023673981428224 2.8859697207808486 0.44129015877842903 43.087717734277248 6.0921969413757324 1.1076871659606693 0.57528661005198856 3.21548031270504
leaf_count=2584 31 17 18 37 9 36 29 682 19 20 9 18 17 14 20 20 23 20 21 20 20 21 20 26 20 389 55 50 26 29
internal_value=3.44901e-06 0.0295402 0.0471375 -0.0478822 0.0210635 0.0502938 0.0231882 -0.0556261 0.051821 -0.0567032 -0.0523044 -0.0520905 0.0521942 0.0520961 0.0520331 0.0520061 0.0520029 0.0519996 -0.051956 -0.0520057 0.0519977 -0.0519964 -0.0519961 0.051997 -0.0519935 0.0519967 0.0519978 -0.051995 -0.0519965 0.0519993
internal_weight=168.476 104.202 86.3588 64.2739 3.87403 83.8113 4.47044 17.8437 79.3408 2.5475 60.3999 59.4283 77.0037 73.4344 70.969 66.9421 64.6286 62.3314 1.25621 2.00162 60.0693 58.2808 15.5492 57.5006 1.23886 54.6146 11.5269 1.54967 57.8207 5.4347
internal_count=4320 1595 876 2725 67 768 85 719 683 108 2658 2649 664 647 633 602 582 562 58 90 542 2631 702 519 56 493 104 70 2610 49
is_linear=0
shrinkage=0.05


Tree=52
num_leaves=31
num_cat=0
split_feature=67 66 0 51 5 4 12 4 23 65 40 5 24 15 14 74 1 24 52 20 14 41 29 10 5 52 1 3 25 16
split_gain=90.4281 59.2191 10.7393 7.44468 3.75314 1.31497 3.67837 0.531827 0.150601 0.0722587 0.0569789 0.0091119 0.00520681 0.00288985 0.000295001 6.58992e-06 6.37705e-06 2.01226e-06 1.23786e-06 2.66416e-07 2.63026e-07 4.7508e-08 2.74795e-08 1.90954e-08 7.35073e-09 5.84873e-09 7.8653e-09 3.00219e-09 1.38514e-09 1.15463e-09
threshold=1.5000000000000002 232.00000000000003 102.50000000000001 1.5000000000000002 11598.000000000002 61.000000000000007 1656.8571777343752 119.50000000000001 90000000.000000015 253.50000000000003 1298.497741699219 11619.500000000002 997.50000000000011 346.42221069335943 2.5229492187500004 48350000.000000007 34525.000000000007 707.50000000000011 1323.8333129882815 159068.00000000003 2.8556319475173955 2501.385375976563 1007.5000000000001 11589.500000000002 235.00000000000003 7.4166667461395273 5105459.5000000009 6.5000000000000009 10750000.000000002 526180.37500000012
decision_type=2 2 2 2 2 2 2 2 2 2 2 2 2 2 2 2 2 2 2 2 2 2 2 2 2 2 2 2 2 2
left_child=3 2 5 10 18 8 24 -3 12 -4 11 21 13 14 -2 16 -16 20 -5 -11 -18 28 -9 25 -7 26 29 -21 -1 -22
right_child=1 7 9 4 -6 6 -8 22 -10 19 -12 -13 -14 -15 15 -17 17 -19 -20 27 23 -23 -24 -25 -26 -27 -28 -29 -30 -31
leaf_value=-0.051895365043761868 0.052355685248731833 -0.078021026931555576 -0.072820907386014808 -0.051894122245698782 0.055770594107607034 -0.051887217348634246 0.051907959676104953 -0.051895375543694999 0.038962808594073764 -0.051938635339683507 -0.064410347871511175 -0.056493451881456005 0.053991111020110151 0.053712315848709669 0.051985182405372934 0.051989353293129828 0.051912541786677147 0.051945713457838175 -0.051787375799422213 -0.051890376306277186 0.051898916157433764 -0.051878409230827809 -0.051882394307419699 0.051899851107456867 -0.051895455823503224 0.051895302178003914 0.051895337428943367 -0.051895369105219781 -0.051892839293303919 0.051897397357274083
leaf_weight=54.577999090775847 3.8395928442478171 2.2426791861653355 0.52694526128470842 0.78071725182235174 2.5046301484107971 0.42056062258779892 3.0798545405268669 14.399371393024918 2.2543978579342356 0.43074829503893841 0.93783612549304862 1.0986835956573475 3.4088549464941016 2.3535304814577094 2.1895028576254836 2.2050140947103491 2.4481712579727164 2.1559519022703162 0.4164552241563797 0.42122064530849446 2.1150018870830518 0.4174779187887897 0.41955634951591569 2.750447764992713 0.76011387072503567 41.064173705875874 5.806087851524353 1.0556691344827411 0.54826793074607749 3.0644774660468102
leaf_count=2585 31 17 18 37 9 20 29 682 19 20 9 18 17 14 20 20 23 20 21 20 20 20 20 26 36 389 55 50 26 29
internal_value=4.03388e-06 0.029453 0.0470184 -0.0477681 0.0209636 0.0501699 0.0231429 -0.0553292 0.0516919 -0.0564313 -0.0521868 -0.0519844 0.0520829 0.05199 0.05193 0.0519044 0.0519014 0.0518983 -0.051857 -0.051904 0.0518965 -0.0518952 -0.051895 0.0518958 -0.0518925 0.0518956 0.0518966 -0.0518939 -0.0518953 0.051898
internal_weight=160.694 99.4119 82.3503 61.2821 3.7018 79.9157 4.26053 17.0616 75.6552 2.43458 57.5803 56.6424 73.4008 69.992 67.6384 63.7988 61.5938 59.4043 1.19717 1.90764 57.2484 55.5437 14.8189 54.8002 1.18067 52.0497 10.9856 1.47689 55.1263 5.17948
internal_count=4320 1595 876 2725 67 768 85 719 683 108 2658 2649 664 647 633 602 582 562 58 90 542 2631 702 519 56 493 104 70 2611 49
is_linear=0
shrinkage=0.05


Tree=53
num_leaves=31
num_cat=0
split_feature=67 66 0 51 5 4 12 4 23 65 40 5 24 15 14 74 17 24 52 26 14 40 29 10 40 52 1 24 25 16
split_gain=85.8011 56.1485 10.1878 7.07116 3.55368 1.24602 3.49232 0.444929 0.155732 0.0631615 0.0481043 0.0077592 0.00444689 0.0024865 0.000252839 5.6396e-06 5.46532e-06 1.72391e-06 1.05848e-06 2.28253e-07 2.25095e-07 4.0622e-08 2.35119e-08 1.63535e-08 6.31384e-09 5.00746e-09 6.74565e-09 2.53738e-09 1.19058e-09 9.86771e-10
threshold=1.5000000000000002 232.00000000000003 102.50000000000001 1.5000000000000002 11598.000000000002 61.000000000000007 1656.8571777343752 119.50000000000001 90000000.000000015 253.50000000000003 1298.497741699219 11619.500000000002 997.50000000000011 346.42221069335943 2.5229492187500004 48350000.000000007 12398.273925781252 707.50000000000011 1323.8333129882815 16639.250000000004 2.8556319475173955 997.29165649414074 1007.5000000000001 11589.500000000002 107.66666793823244 7.4166667461395273 5105459.5000000009 11.500000000000002 10750000.000000002 526180.37500000012
decision_type=2 2 2 2 2 2 2 2 2 2 2 2 2 2 2 2 2 2 2 2 2 2 2 2 2 2 2 2 2 2
left_child=3 2 5 10 18 8 24 -3 12 -4 11 21 13 14 -2 16 -16 20 -5 -11 -18 28 -9 25 -7 26 29 -21 -1 -22
right_child=1 7 9 4 -6 6 -8 22 -10 19 -12 -13 -14 -15 15 -17 17 -19 -20 27 23 -23 -24 -25 -26 -27 -28 -29 -30 -31
leaf_value=-0.05179951742117174 0.052235975261016948 -0.076031688625238611 -0.071740814765016717 -0.051798335192790868 0.055457572775922385 -0.051799604080028275 0.051811449303759916 -0.051799519760141514 0.038393275743953452 -0.051840536139252692 -0.063511436402008833 -0.056136781977001941 0.053782059190108922 0.053524627751125334 0.051884685607037184 0.05188858078087677 0.051815790330479262 0.05184724947172839 -0.051697214679285133 -0.051794801300816207 0.05180287907127739 -0.051783842100998456 -0.051787219222305406 0.051803765459960009 -0.051791782480142802 0.051799453133274082 0.051799485506704782 -0.051799503313420328 -0.051797118642925161 0.051801440758989528
leaf_weight=51.98980381526053 3.6604924201965323 2.1876827031374004 0.50860143546014969 0.74397985637187891 2.3955849409103394 0.72434846311807521 2.9349676296114922 13.721812672913071 2.1754614301025859 0.41049929708242405 0.90440165251493354 1.0515719912946213 3.2548884600400916 2.2463993728160849 2.0866635590791693 2.1014449000358573 2.33301106840372 2.0546012893319121 0.39681790582835674 0.40140186622738827 2.0154876857995969 0.41786347702145477 0.399809271097184 2.6210370585322371 0.40076655521988869 39.131892845034599 5.5328833907842636 1.005988312885165 0.52246804721653362 2.9202846139669418
leaf_count=2584 31 17 18 37 9 36 29 682 19 20 9 18 17 14 20 20 23 20 21 20 20 21 20 26 20 389 55 50 26 29
internal_value=4.55532e-06 0.0293694 0.0469038 -0.04766 0.0208694 0.0500508 0.0230999 -0.0550497 0.0515678 -0.0561654 -0.0520755 -0.0518839 0.0519774 0.0518894 0.0518324 0.0518081 0.0518052 0.0518023 -0.0517632 -0.0518077 0.0518006 -0.0517994 -0.0517992 0.0517999 -0.0517968 0.0517997 0.0518007 -0.0517982 -0.0517995 0.051802
internal_weight=153.253 94.8304 78.5211 58.4225 3.53638 76.1946 4.06008 16.3093 72.1345 2.32649 54.8861 53.9817 69.9591 66.7042 64.4578 60.7973 58.6959 56.6092 1.1408 1.81789 54.5546 52.9301 14.1216 52.2216 1.12512 49.6005 10.4687 1.40739 52.5123 4.93577
internal_count=4320 1595 876 2725 67 768 85 719 683 108 2658 2649 664 647 633 602 582 562 58 90 542 2631 702 519 56 493 104 70 2610 49
is_linear=0
shrinkage=0.05


Tree=54
num_leaves=31
num_cat=0
split_feature=67 66 0 51 5 4 12 4 23 65 40 5 24 15 14 74 1 24 52 20 14 41 29 10 5 52 14 3 25 16
split_gain=81.4202 53.2446 9.6655 6.71687 3.36567 1.18074 3.316 0.373082 0.161017 0.0550832 0.0406589 0.0066111 0.00379939 0.00213963 0.000216751 4.82789e-06 4.68437e-06 1.47714e-06 9.05431e-07 1.95497e-07 1.92736e-07 3.47837e-08 2.0135e-08 1.3995e-08 5.40442e-09 4.28685e-09 5.75855e-09 2.21743e-09 1.01254e-09 8.51746e-10
threshold=1.5000000000000002 232.00000000000003 102.50000000000001 1.5000000000000002 11598.000000000002 61.000000000000007 1656.8571777343752 119.50000000000001 90000000.000000015 253.50000000000003 1298.497741699219 11619.500000000002 997.50000000000011 346.42221069335943 2.5229492187500004 48350000.000000007 34525.000000000007 707.50000000000011 1323.8333129882815 159068.00000000003 2.8556319475173955 2501.385375976563 1007.5000000000001 11589.500000000002 235.00000000000003 7.4166667461395273 5.8663907051086435 6.5000000000000009 10750000.000000002 526180.37500000012
decision_type=2 2 2 2 2 2 2 2 2 2 2 2 2 2 2 2 2 2 2 2 2 2 2 2 2 2 2 2 2 2
left_child=3 2 5 10 18 8 24 -3 12 -4 11 21 13 14 -2 16 -16 20 -5 -11 -18 28 -9 25 -7 26 -22 -21 -1 -28
right_child=1 7 9 4 -6 6 -8 22 -10 19 -12 -13 -14 -15 15 -17 17 -19 -20 27 23 -23 -24 -25 -26 -27 29 -29 -30 -31
leaf_value=-0.051708671475231151 0.052122581476139018 -0.074228466082045627 -0.070692306127520532 -0.051707556723985228 0.055163146446438598 -0.051701344409435912 0.051719986076890427 -0.051708680758800675 0.037816470620556659 -0.05174756494468892 -0.062679983815903909 -0.055801772822973952 0.053584672077065847 0.053346801126901155 0.051789447295291759 0.051793093643217096 0.051724101139735391 0.05175393766058916 -0.051611743488644737 -0.051704172705217301 0.051708646794785276 -0.051693445520292175 -0.051697019528368776 0.051712701293983226 -0.051708757691206531 0.051708614498440691 0.051711863340563671 -0.051708675740204893 -0.051706405246990161 0.051710494398117535
leaf_weight=49.558015160262585 3.4893518835306159 2.1302422136068335 0.49079068005084936 0.70890661142766409 2.2906054258346558 0.38187033310532503 2.796640083193779 13.074943816289302 2.1001331433653823 0.39116380736231793 0.8714144378900518 1.0061393715441216 3.1072623729705802 2.1437841877341262 1.9884582310914982 2.0025485232472411 2.2230634093284598 1.9578319713473309 0.37807417288422585 0.3824698459357021 5.2720538452267629 0.37906202208250661 0.38095714896917421 2.4974871501326552 0.69020216539502144 37.287144176661968 1.920480392873287 0.95857095159590244 0.49783688597381015 2.7826228141784668
leaf_count=2585 31 17 18 37 9 20 29 682 19 20 9 18 17 14 20 20 23 20 21 20 55 20 20 26 36 389 20 50 26 29
internal_value=5.01906e-06 0.0292894 0.0467933 -0.0475577 0.0207806 0.0499362 0.0230592 -0.0547863 0.0514481 -0.0559059 -0.05197 -0.0517886 0.0518775 0.0517941 0.0517399 0.0517168 0.0517141 0.0517113 -0.0516742 -0.0517165 0.0517097 -0.0517085 -0.0517084 0.0517091 -0.0517061 0.0517089 0.0517098 -0.0517074 -0.0517086 0.0517111
internal_weight=146.14 90.4501 74.8639 55.6901 3.37759 72.6409 3.86871 15.5861 68.7722 2.223 52.3125 51.4411 66.6721 63.5648 61.421 57.9317 55.9291 53.9407 1.08698 1.7322 51.9829 50.4349 13.4559 49.7598 1.07207 47.2623 9.97516 1.34104 50.0559 4.7031
internal_count=4320 1595 876 2725 67 768 85 719 683 108 2658 2649 664 647 633 602 582 562 58 90 542 2631 702 519 56 493 104 70 2611 49
is_linear=0
shrinkage=0.05


Tree=55
num_leaves=31
num_cat=0
split_feature=67 66 8 0 51 5 4 12 4 65 40 5 24 15 14 23 74 17 24 52 26 14 40 29 10 21 52 1 13 25
split_gain=77.2713 50.4976 9.67597 9.2458 6.38078 3.18837 1.15529 3.14887 0.313485 0.0479411 0.0344029 0.0056359 0.00321658 0.00181608 0.000174088 0.000103051 4.13406e-06 4.01644e-06 1.26608e-06 7.74701e-07 1.67571e-07 1.65031e-07 2.97585e-08 1.7229e-08 1.20019e-08 4.63992e-09 3.68011e-09 4.93858e-09 1.87359e-09 8.72127e-10
threshold=1.5000000000000002 232.00000000000003 4.5000000000000009 102.50000000000001 1.5000000000000002 11598.000000000002 61.000000000000007 1656.8571777343752 119.50000000000001 253.50000000000003 1298.497741699219 11619.500000000002 997.50000000000011 346.42221069335943 2.5229492187500004 90000000.000000015 48350000.000000007 12398.273925781252 707.50000000000011 1323.8333129882815 16639.250000000004 2.8556319475173955 997.29165649414074 1007.5000000000001 11589.500000000002 34916.500000000007 7.4166667461395273 5105459.5000000009 593.57220458984386 10750000.000000002
decision_type=2 2 2 2 2 2 2 2 2 2 2 2 2 2 2 2 2 2 2 2 2 2 2 2 2 2 2 2 2 2
left_child=4 2 -2 6 10 19 12 25 -3 -5 11 22 13 14 -4 16 17 -16 21 -6 -11 -19 29 -10 26 -8 27 -23 -22 -1
right_child=1 8 3 9 5 -7 7 -9 23 20 -12 -13 -14 -15 15 -17 -18 18 -20 -21 28 24 -24 -25 -26 -27 -28 -29 -30 -31
leaf_value=-0.051622569435809777 -0.76597891922727579 -0.072587868930234944 0.052015148450151871 -0.069678622061813203 -0.051621507105288456 0.054886047232365634 -0.051622649890385022 0.051633290612966593 -0.051622570484172015 -0.051659451033129057 -0.061909598184402698 -0.055486890719654403 0.053398230071154844 0.053178276316041662 0.051699186271586019 0.051996372481835522 0.05170259622516974 0.051637190324143767 0.051665495613191476 -0.051530707735170114 -0.051618316347076768 0.051624823167737449 -0.051608488210915432 -0.051611519400056129 0.051626386112163206 -0.05161561273925426 0.051622508730220243 0.051622539918489856 -0.051622556893623141 -0.051620414695593225
leaf_weight=47.199498906731606 0.036609001457690193 2.0709722563624373 3.3258564770221701 0.4734743302687997 0.67542852833867006 2.1896132826805115 0.65760928764939242 2.6646003052592278 12.457493247464296 0.3727079965174197 0.83896715193986793 0.96236308291554351 2.9657786339521399 2.0455297976732245 1.8947088718414296 1.991651915013789 1.908133104443549 2.1181126460432997 1.8654549345374096 0.36018656194210052 0.36440995708107926 4.4810141623020154 0.3793460400775065 0.36296281218528825 2.3795549944043151 0.36383320204913616 35.526286251842976 5.0230865553021431 0.91329728253185749 0.47432603314518829
leaf_count=2584 1 17 31 18 37 9 36 29 682 20 9 18 17 14 20 18 20 23 20 21 20 49 21 20 26 20 389 55 50 26
internal_value=5.42919e-06 0.0292125 0.0466868 0.0471038 -0.0474608 0.0206968 0.0502571 0.0230206 -0.054538 -0.0556535 -0.0518701 -0.0516983 0.0517893 0.051713 0.0516635 0.051643 0.0516303 0.0516277 0.0516251 -0.0515899 -0.05163 0.0516235 -0.0516224 -0.0516223 0.0516229 -0.0516201 0.0516227 0.0516236 -0.0516213 -0.0516225
internal_weight=139.343 86.2631 71.3717 71.3351 53.0797 3.22523 69.2112 3.68604 14.8914 2.12389 49.8545 49.0155 65.5252 62.5594 60.5139 57.188 55.1964 53.2882 51.3935 1.03562 1.65042 49.5281 48.0532 12.8205 47.4099 1.02144 45.0304 9.5041 1.27771 47.6738
internal_count=4320 1595 876 875 2725 67 767 85 719 108 2658 2649 682 665 651 620 602 582 562 58 90 542 2631 702 519 56 493 104 70 2610
is_linear=0
shrinkage=0.05


Tree=56
num_leaves=31
num_cat=0
split_feature=67 66 0 51 5 4 12 4 17 9 40 5 24 15 14 22 1 5 24 52 14 41 29 36 40 52 1 25 16 27
split_gain=73.3535 47.9033 8.70278 6.06191 3.02108 1.06075 2.99042 0.263902 0.181028 0.0430972 0.0291387 0.00480702 0.00277242 0.0015816 0.000158029 8.6466e-06 3.44529e-06 3.35966e-06 1.08628e-06 6.63028e-07 1.41802e-07 2.5479e-08 1.47646e-08 6.09137e-09 3.97911e-09 2.87825e-09 4.21536e-09 7.41778e-10 6.24953e-10 7.77334e-11
threshold=1.5000000000000002 232.00000000000003 102.50000000000001 1.5000000000000002 11598.000000000002 61.000000000000007 1656.8571777343752 119.50000000000001 26550000.000000004 17.787763595581058 1298.497741699219 11619.500000000002 997.50000000000011 346.42221069335943 2.5229492187500004 30050000.000000004 34525.000000000007 542.00000000000011 707.50000000000011 1323.8333129882815 2.8556319475173955 2501.385375976563 1007.5000000000001 0.098723132163286223 107.66666793823244 7.4166667461395273 5105459.5000000009 10750000.000000002 526180.37500000012 16565.057617187504
decision_type=2 2 2 2 2 2 2 2 2 2 2 2 2 2 2 2 2 2 2 2 2 2 2 2 2 2 2 2 2 2
left_child=3 2 5 10 19 8 24 -3 12 -4 11 21 13 14 -2 16 -16 -11 20 -5 -18 27 -9 -22 -7 26 28 -1 -25 -27
right_child=1 7 9 4 -6 6 -8 22 -10 17 -12 -13 -14 -15 15 -17 18 -19 -20 -21 23 -23 -24 25 -26 29 -28 -29 -30 -31
leaf_value=-0.051540926023432104 0.051913342946964529 -0.071090210209066126 -0.069007970480633493 -0.051539924959355048 0.05462510075800267 -0.051541012270542898 0.051551099138667282 -0.051540939590464269 0.035772716710496276 -0.051360111754506305 -0.061194637621307224 -0.055190732873878837 0.05322205724743298 0.053018526735432961 0.051613616427072732 0.051650963587146638 0.051554797071522607 -0.051540856549151998 0.051581650225909159 -0.051453861928815008 0.051544147110236596 -0.051527248006416976 -0.051530458396102589 0.051543796094770424 -0.051534335629627198 0.051540792525495288 0.051540906716214176 -0.051538890090540905 0.051542565317718794 0.051540966700873964
leaf_weight=44.984205523505807 3.1697001531720153 2.0104074478149405 0.45260926522314493 0.64347879588603918 2.0925225466489792 0.62650386616587583 2.538585364818573 11.868228742852803 1.8394865840673436 0.32348149735480536 0.80713684111833472 0.92021594569086929 2.8302382081747046 1.9514827951788891 1.8052188381552685 2.0323206484317771 2.0179498046636573 1.2528902385383842 1.7772871926426876 0.34311884827911854 1.7434429824352253 0.34406369365751643 0.34579033404588777 1.7432467415928821 0.34662016108632088 8.5262697935104352 4.7854845449328423 0.45188856311142345 2.5258159264922142 25.755560375750065
leaf_count=2585 31 17 14 37 9 36 29 682 18 22 9 18 17 14 20 22 23 72 20 21 20 20 20 20 20 98 55 26 29 296
internal_value=1.04287e-05 0.0291439 0.0465883 -0.0473691 0.0206178 0.0497232 0.0229841 -0.0543037 0.0512255 -0.0554085 -0.0517755 -0.0516127 0.0516941 0.0516193 0.0515705 0.0515498 0.0515458 -0.0515038 0.0515433 -0.05151 0.0515418 -0.0515408 -0.0515406 0.0515412 -0.0515386 0.0515411 0.0515419 -0.0515409 0.0515431 0.0515409
internal_weight=132.855 82.2686 68.0442 50.5866 3.07912 66.0152 3.51171 14.2244 62.5035 2.02898 47.5075 46.7004 60.664 57.8338 55.8823 52.7126 50.6803 1.57637 48.8751 0.986598 47.0978 45.7802 12.214 45.0798 0.973124 43.3364 9.05455 45.4361 4.26906 34.2818
internal_count=4320 1595 876 2725 67 768 85 719 683 108 2658 2649 665 648 634 603 581 94 561 58 541 2631 702 518 56 498 104 2611 49 394
is_linear=0
shrinkage=0.05


Tree=57
num_leaves=31
num_cat=0
split_feature=67 66 0 51 5 4 12 4 17 9 40 5 24 15 14 22 17 5 24 52 14 40 29 36 5 52 1 25 16 25
split_gain=69.6295 45.4425 8.25854 5.75935 2.86316 1.00528 2.84018 0.22254 0.187005 0.0373036 0.024703 0.00410199 0.00237127 0.00136124 0.000135554 7.41009e-06 2.95519e-06 2.87399e-06 9.31443e-07 5.67646e-07 1.21479e-07 2.17945e-08 1.26489e-08 5.22063e-09 3.41921e-09 2.47591e-09 3.62698e-09 6.33811e-10 5.31289e-10 7.8181e-11
threshold=1.5000000000000002 232.00000000000003 102.50000000000001 1.5000000000000002 11598.000000000002 61.000000000000007 1656.8571777343752 119.50000000000001 26550000.000000004 17.787763595581058 1298.497741699219 11619.500000000002 997.50000000000011 346.42221069335943 2.5229492187500004 30050000.000000004 12398.273925781252 542.00000000000011 707.50000000000011 1323.8333129882815 2.8556319475173955 997.29165649414074 1007.5000000000001 0.098723132163286223 235.00000000000003 7.4166667461395273 5105459.5000000009 10750000.000000002 526180.37500000012 39161.000000000007
decision_type=2 2 2 2 2 2 2 2 2 2 2 2 2 2 2 2 2 2 2 2 2 2 2 2 2 2 2 2 2 2
left_child=3 2 5 10 19 8 24 -3 12 -4 11 21 13 14 -2 16 -16 -11 20 -5 -18 27 -9 -22 -7 26 28 -1 -25 -27
right_child=1 7 9 4 -6 6 -8 22 -10 17 -12 -13 -14 -15 15 -17 18 -19 -20 -21 23 -23 -24 25 -26 29 -28 -29 -30 -31
leaf_value=-0.051463517684008614 0.051816849364332278 -0.069718862152170033 -0.068033558425166216 -0.051462568395771902 0.054379224657355209 -0.051457261595131046 0.051473165079358063 -0.05146352858391795 0.035153930714635621 -0.051292164723420457 -0.060530128188288783 -0.054912014505673713 0.053055529957960229 0.052867071715132621 0.051532489802482422 0.051567881992272781 0.051476671087701244 -0.05146345393992964 0.051502152723569783 -0.051380977726801537 0.051466572352957041 -0.051450868110643123 -0.051453589016967775 0.051466240122334556 -0.051463602754535737 0.051463377927145171 0.051463498284493703 -0.05146158953108157 0.05146507744270043 0.051463558149073753
leaf_weight=42.836531195789576 3.020584985613822 1.949011169373988 0.43654519598930974 0.61299281381070536 1.9992410838603973 0.33019517920911257 2.4183409512042999 11.305961163714525 1.7797983661293972 0.30810245219618071 0.77598667144775291 0.87966699153184791 2.7004423737525931 1.86149152368307 1.7198208197951306 1.9362391978502262 1.9223729521036137 1.1935333292931316 1.6931516006588925 0.32683603558689356 1.6608508676290501 0.34426762815564771 0.32940492779016572 1.6606634110212306 0.59682418406009674 7.9564964622259131 4.5587679371237755 0.43047909811139007 2.4061568155884743 24.701192736625671
leaf_count=2584 31 17 14 37 9 20 29 682 18 22 9 18 17 14 20 22 23 72 20 21 20 21 20 20 36 96 55 26 29 298
internal_value=1.07412e-05 0.0290728 0.0464885 -0.0472821 0.0205432 0.0496198 0.0229494 -0.0540825 0.0511173 -0.0551684 -0.0516858 -0.0515316 0.0516089 0.051538 0.0514915 0.051472 0.0514681 -0.0514283 0.0514657 -0.0514342 0.0514644 -0.0514634 -0.0514632 0.0514638 -0.0514613 0.0514637 0.0514645 -0.0514635 0.0514656 0.0514635
internal_weight=126.652 78.4459 64.8616 48.206 2.93907 62.9234 3.34536 13.5844 59.578 1.93818 45.2669 44.4909 57.7982 55.0978 53.2363 50.2157 48.2795 1.50164 46.5597 0.939829 44.8665 43.6113 11.6354 42.9441 0.927019 41.2833 8.62559 43.267 4.06682 32.6577
internal_count=4320 1595 876 2725 67 768 85 719 683 108 2658 2649 665 648 634 603 581 94 561 58 541 2631 702 518 56 498 104 2610 49 394
is_linear=0
shrinkage=0.05


Tree=58
num_leaves=31
num_cat=0
split_feature=67 66 0 51 5 4 12 17 4 9 40 5 24 15 14 22 1 5 24 52 14 41 29 36 40 52 1 25 16 27
split_gain=66.1006 43.1127 7.83755 5.47221 2.71403 0.952727 2.69769 0.193107 0.187952 0.0322517 0.0209607 0.00350194 0.00202882 0.00117164 0.000116296 6.35195e-06 2.53481e-06 2.45916e-06 7.98789e-07 4.86121e-07 1.04082e-07 1.86976e-08 1.08469e-08 4.47324e-09 2.93391e-09 2.11252e-09 3.11075e-09 5.44553e-10 4.57816e-10 5.90745e-11
threshold=1.5000000000000002 232.00000000000003 102.50000000000001 1.5000000000000002 11598.000000000002 61.000000000000007 1656.8571777343752 26550000.000000004 119.50000000000001 17.787763595581058 1298.497741699219 11619.500000000002 997.50000000000011 346.42221069335943 2.5229492187500004 30050000.000000004 34525.000000000007 542.00000000000011 707.50000000000011 1323.8333129882815 2.8556319475173955 2501.385375976563 1007.5000000000001 0.098723132163286223 107.66666793823244 7.4166667461395273 5105459.5000000009 10750000.000000002 526180.37500000012 16565.057617187504
decision_type=2 2 2 2 2 2 2 2 2 2 2 2 2 2 2 2 2 2 2 2 2 2 2 2 2 2 2 2 2 2
left_child=3 2 5 10 19 7 24 12 -3 -4 11 21 13 14 -2 16 -16 -11 20 -5 -18 27 -10 -22 -7 26 28 -1 -25 -27
right_child=1 8 9 4 -6 6 -8 -9 22 17 -12 -13 -14 -15 15 -17 18 -19 -20 -21 23 -23 -24 25 -26 29 -28 -29 -30 -31
leaf_value=-0.051390105716317871 0.051725375895666718 -0.068459685549502922 -0.067103158749622471 -0.05138920373814039 0.054147447298515609 -0.051390186180004044 0.051399255723810947 0.034528806934887128 -0.051390118677243725 -0.051227688086620066 -0.059911648923301357 -0.054649556774258604 0.052898067655661421 0.052723445724347 0.05145555247127867 0.051489104685040289 0.051402579729784098 -0.051390042715500364 0.051426762583257457 -0.051311839442653509 0.051393002231908597 -0.051377805093703391 -0.051380687816120096 0.0513926879802208 -0.051384167720116107 0.051389982478639087 0.051390084749658609 -0.051388274492278833 0.051391582133102187 0.051390141875282083
leaf_weight=40.81983732804656 2.8782222941517821 1.8871844187378872 0.42086618859320779 0.58390825241804045 1.9096713960170746 0.56850733980536405 2.3036214411258698 1.7228755876421917 10.769538441672918 0.29343568347394455 0.74556760489940543 0.84068203344941039 2.5761934146285048 1.7754073813557614 1.6383310332894314 1.8445545136928547 1.8311869874596585 1.1369049008935688 1.612877070903777 0.31130437925457954 1.5820547118782986 0.31220097932964463 0.31377301365137178 1.5818756446242317 0.31452685035765171 7.7369460463523891 4.342472568154335 0.41005384363233943 2.2919976860284805 23.371264018118382
leaf_count=2585 31 17 14 37 9 36 29 18 682 22 9 18 17 14 20 22 23 72 20 21 20 20 20 20 20 98 55 26 29 296
internal_value=1.10116e-05 0.0290043 0.0463918 -0.0471997 0.0204727 0.0495195 0.0229165 0.0510124 -0.0538735 -0.0549366 -0.0516008 -0.0514547 0.0515281 0.0514609 0.0514167 0.0513981 0.0513945 -0.0513567 0.0513922 -0.0513623 0.0513909 -0.05139 -0.0513899 0.0513904 -0.051388 0.0513903 0.051391 -0.0513901 0.051392 0.0513901
internal_weight=120.728 74.7946 61.8241 45.9332 2.80488 59.9729 3.18666 56.7863 12.9705 1.85121 43.1283 42.3828 55.0634 52.4872 50.7118 47.8336 45.989 1.43034 44.3507 0.895213 42.7378 41.5421 11.0833 40.9066 0.883034 39.3246 8.21635 41.2299 3.87387 31.1082
internal_count=4320 1595 876 2725 67 768 85 683 719 108 2658 2649 665 648 634 603 581 94 561 58 541 2631 702 518 56 498 104 2611 49 394
is_linear=0
shrinkage=0.05


Tree=59
num_leaves=31
num_cat=0
split_feature=67 66 0 51 5 4 12 74 4 9 40 5 24 15 76 14 14 17 5 24 52 15 14 40 29 52 69 5 19 25
split_gain=62.7559 40.9064 7.43851 5.19969 2.57315 0.902925 2.56254 0.206154 0.158964 0.0278563 0.0177998 0.00299095 0.00172637 0.00100186 9.99189e-05 9.73267e-05 4.42142e-06 2.15531e-06 2.10491e-06 6.7587e-07 4.1639e-07 9.52446e-08 1.19464e-07 1.60129e-08 9.29005e-09 2.71383e-09 4.01083e-09 2.51961e-09 5.09049e-10 4.69946e-10
threshold=1.5000000000000002 232.00000000000003 102.50000000000001 1.5000000000000002 11598.000000000002 61.000000000000007 1656.8571777343752 51650000.000000007 119.50000000000001 17.787763595581058 1298.497741699219 11619.500000000002 997.50000000000011 346.42221069335943 11550000.000000002 123.91339111328126 2.5229492187500004 12398.273925781252 542.00000000000011 707.50000000000011 1323.8333129882815 0.44140833616256719 141.47206878662112 997.29165649414074 1007.5000000000001 7.4166667461395273 998.50000000000011 235.00000000000003 1.5000000000000002 10750000.000000002
decision_type=2 2 2 2 2 2 2 2 2 2 2 2 2 2 2 2 2 2 2 2 2 2 2 2 2 2 2 2 2 2
left_child=3 2 5 10 20 7 27 12 -3 -4 11 23 13 14 16 -16 -2 -18 -11 21 -5 22 -19 29 -10 26 28 -7 -23 -1
right_child=1 8 9 4 -6 6 -8 -9 24 18 -12 -13 -14 -15 15 -17 17 19 -20 -21 -22 25 -24 -25 -26 -27 -28 -29 -30 -31
leaf_value=-0.051320477341403159 0.051407977138248698 -0.067300574503272731 -0.066216360070356139 -0.051319618098630282 0.053928845406596593 -0.051314835116639035 0.051329152187253438 0.03343471387058685 -0.051320482030755579 -0.051166496584096145 -0.059335260543316615 -0.054402281127642393 0.052749136727822304 0.052587219379052808 0.051824727740686707 0.051335203935139351 0.051382587789188527 0.051338566745295161 -0.051320413290881883 0.051355258568231414 -0.051246251324715414 0.05132316001518189 0.051320418630088654 -0.051309093927586695 -0.051311539103481012 0.051320438354609324 0.051320336480888643 -0.051320549900013057 0.051322055089520861 -0.051318734256827328
leaf_weight=38.865404817275703 1.664688080549239 1.8252729102969159 0.40556584019213815 0.55616482533514422 1.8237127661705017 0.29957994073629324 2.1941897124052048 1.6365554258227337 10.257850871421393 0.27945004496723402 0.71592007577419181 0.80322432518005271 2.4572950005531302 1.6930840983986843 2.0913919508457175 1.9735057801008222 1.5605930164456356 1.7517456486821168 1.0828876327723262 1.5362983569502819 0.29649131745100021 1.8836951181292514 1.8800197690725324 0.31234207656234403 0.29886219650507051 27.674281544983387 3.9854070693254471 0.54149745404720306 2.3339613974094391 0.39057048875838418
leaf_count=2584 21 17 14 37 9 20 29 19 682 22 9 18 17 14 21 26 20 23 72 20 21 25 25 21 20 368 53 36 31 26
internal_value=1.12448e-05 0.0289382 0.0462978 -0.0471216 0.0204062 0.0494221 0.0228853 0.0509103 -0.0536759 -0.0547133 -0.0515203 -0.0513817 0.0514553 0.0513917 0.0513498 0.0515871 0.051328 0.0513249 -0.0512888 0.0513227 -0.0512941 0.0513215 0.0513292 -0.0513204 -0.0513202 0.0513207 0.0513215 -0.0513185 0.0513225 -0.0513205
internal_weight=115.072 71.3077 58.9257 43.7638 2.67637 57.1578 3.03527 54.1225 12.382 1.7679 41.0875 40.3715 52.486 50.0287 48.3356 4.0649 44.2707 42.606 1.36234 41.0454 0.852656 39.5091 3.63177 39.5683 10.5567 35.8773 8.20306 0.841077 4.21766 39.256
internal_count=4320 1595 876 2725 67 768 85 683 719 108 2658 2649 664 647 633 47 586 565 94 545 58 525 48 2631 702 477 109 56 56 2610
is_linear=0
shrinkage=0.05


Tree=60
num_leaves=31
num_cat=0
split_feature=67 66 0 51 5 4 12 74 4 9 40 5 24 15 76 14 14 1 5 24 52 15 14 41 29 52 69 25 19 25
split_gain=59.5852 38.8164 7.06022 4.941 2.44001 0.855715 2.43434 0.212438 0.134621 0.0240392 0.0151271 0.00255555 0.00147793 0.000862403 8.56743e-05 8.34134e-05 3.79257e-06 1.84942e-06 1.80214e-06 5.79856e-07 3.56728e-07 8.16678e-08 1.02428e-07 1.37338e-08 7.96163e-09 2.32445e-09 3.43102e-09 2.16171e-09 4.38557e-10 4.01783e-10
threshold=1.5000000000000002 232.00000000000003 102.50000000000001 1.5000000000000002 11598.000000000002 61.000000000000007 1656.8571777343752 51650000.000000007 119.50000000000001 17.787763595581058 1298.497741699219 11619.500000000002 997.50000000000011 346.42221069335943 11550000.000000002 123.91339111328126 2.5229492187500004 34525.000000000007 542.00000000000011 707.50000000000011 1323.8333129882815 0.44140833616256719 141.47206878662112 2501.385375976563 1007.5000000000001 7.4166667461395273 998.50000000000011 150517.50000000003 1.5000000000000002 10750000.000000002
decision_type=2 2 2 2 2 2 2 2 2 2 2 2 2 2 2 2 2 2 2 2 2 2 2 2 2 2 2 2 2 2
left_child=3 2 5 10 20 7 27 12 -3 -4 11 23 13 14 16 -16 -2 -18 -11 21 -5 22 -19 29 -10 26 28 -7 -23 -1
right_child=1 8 9 4 -6 6 -8 -9 24 18 -12 -13 -14 -15 15 -17 17 19 -20 -21 -22 25 -24 -25 -26 -27 -28 -29 -30 -31
leaf_value=-0.051254417495418425 0.05133745436796136 -0.066231107774344336 -0.065372359021693333 -0.051253603567193953 0.053722577528619121 -0.051254490909323262 0.051262650022410185 0.032796605536246207 -0.051254424015153149 -0.051108419058326207 -0.058797467755269832 -0.054169183799801547 0.052608227324361503 0.052457992861701067 0.051732705658638002 0.051268395035233338 0.051313370868440546 0.051271582362669113 -0.051254358753237694 0.051287429195532586 -0.05118401908288598 0.051256964184023229 0.051254363546968044 -0.051243348886854695 -0.051245940843134274 0.051254382141950321 0.051254286212653134 -0.051249066928474613 0.051255913309437455 -0.05125276601828406
leaf_weight=37.030630949884653 1.5856206491589535 1.7635736986994732 0.39064057357609172 0.52970455121248883 1.7412613928318024 0.51573573239147608 2.0898171588778496 1.5862651914358128 9.7698282245546544 0.26611555647104967 0.68707486242055793 0.76725525408983131 2.343553975224494 1.6143786385655392 1.9928429871797555 1.8796412870287893 1.4864357113838185 1.6684340685605996 1.0313686085864899 1.4632561579346646 0.2823655316606164 1.7940818741917599 1.7905767038464544 0.28321085311472316 0.28464123979210931 26.357659988105297 3.7957986071705818 0.28532543126493692 2.2229252979159355 0.3719882657751431
leaf_count=2585 21 17 14 37 9 36 29 19 682 22 9 18 17 14 21 26 20 23 72 20 21 25 25 20 20 368 53 20 31 26
internal_value=1.14428e-05 0.0288743 0.0462063 -0.0470476 0.0203433 0.0493272 0.0228557 0.0508108 -0.0534891 -0.0544983 -0.0514439 -0.0513125 0.0513824 0.0513221 0.0512823 0.0515073 0.0512616 0.0512586 -0.0512244 0.0512565 -0.0512294 0.0512553 0.0512627 -0.0512543 -0.0512542 0.0512546 0.0512554 -0.0512526 0.0512564 -0.0512544
internal_weight=109.672 67.9785 56.1605 41.6935 2.55333 54.4723 2.89088 51.5815 11.818 1.68812 39.1402 38.4531 49.9952 47.6517 46.0373 3.87248 42.1648 40.5792 1.29748 39.0927 0.81207 37.6295 3.45901 37.6858 10.0545 34.1705 7.81281 0.801061 4.01701 37.4026
internal_count=4320 1595 876 2725 67 768 85 683 719 108 2658 2649 664 647 633 47 586 565 94 545 58 525 48 2631 702 477 109 56 56 2611
is_linear=0
shrinkage=0.05


Tree=61
num_leaves=31
num_cat=0
split_feature=67 66 0 51 5 4 12 16 4 9 40 5 24 15 14 22 17 5 24 52 14 40 29 36 5 52 1 25 16 25
split_gain=56.5789 36.8364 6.70156 4.69543 2.31414 0.810964 2.3127 0.220067 0.114141 0.02073 0.0128648 0.00218436 0.00126956 0.000744985 7.25471e-05 9.92027e-06 1.60204e-06 1.54335e-06 5.04491e-07 3.05703e-07 6.50996e-08 1.17646e-08 6.82665e-09 2.76387e-09 1.85748e-09 1.34022e-09 1.96009e-09 3.44748e-10 2.88846e-10 4.58016e-11
threshold=1.5000000000000002 232.00000000000003 102.50000000000001 1.5000000000000002 11598.000000000002 61.000000000000007 1656.8571777343752 8184587.5000000009 119.50000000000001 17.787763595581058 1298.497741699219 11619.500000000002 997.50000000000011 346.42221069335943 2.5229492187500004 30050000.000000004 12398.273925781252 542.00000000000011 707.50000000000011 1323.8333129882815 2.8556319475173955 997.29165649414074 1007.5000000000001 0.098723132163286223 235.00000000000003 7.4166667461395273 5105459.5000000009 10750000.000000002 526180.37500000012 39161.000000000007
decision_type=2 2 2 2 2 2 2 2 2 2 2 2 2 2 2 2 2 2 2 2 2 2 2 2 2 2 2 2 2 2
left_child=3 2 5 10 19 7 24 12 -3 -4 11 21 13 14 -2 16 -16 -11 20 -5 -18 27 -10 -22 -7 26 28 -1 -25 -27
right_child=1 8 9 4 -6 6 -8 -9 22 17 -12 -13 -14 -15 15 -17 18 -19 -20 -21 23 -23 -24 25 -26 29 -28 -29 -30 -31
leaf_value=-0.051191743968398686 0.051478380341594493 -0.065242255421475992 -0.064570081345272742 -0.051190970875581977 0.053527869838101184 -0.051186662019256604 0.051199555102727917 0.03199062964740685 -0.05119174805472361 -0.051053287614216902 -0.058295107920403239 -0.053949350354347808 0.052474874996927795 0.052335382667647937 0.051247707252571065 0.051320934255458264 0.051202353221135311 -0.05119168701377777 0.051223076296491088 -0.051124962046600532 0.051194190661709563 -0.051181498903498428 -0.051183698701551941 0.051193947307501202 -0.05119181407521687 0.051191621077089092 0.051191723785561687 -0.051190176393437231 0.05119300229993036 0.051191773130228629
leaf_weight=35.25307787861675 2.4892093837261191 1.7023408338427533 0.37608865089714427 0.5044714976102106 1.6622117310762405 0.27173169143497888 1.9902835041284559 1.5208742357790459 9.3044390268623793 0.25340340286493279 0.6590549647808065 0.73273449763655563 2.2347795069217673 1.5391513034701336 1.4157134518027295 1.6407026052474964 1.582072190940379 0.98223892319947481 1.3935968577861775 0.26889684144407511 1.3668147698044766 0.28330299351364274 0.2710800766944893 1.3666858673095696 0.49116929434239864 6.5479100346565273 3.7517166510224342 0.35426790826022525 1.9801975041627882 20.328265637159348
leaf_count=2584 31 17 14 37 9 20 29 18 682 22 9 18 17 14 20 22 23 72 20 21 20 21 20 20 36 96 55 26 29 298
internal_value=1.16084e-05 0.0288125 0.0461172 -0.0469774 0.0202838 0.0492347 0.0228277 0.0507137 -0.0533124 -0.0542917 -0.0513714 -0.0512468 0.0513114 0.0512542 0.0512162 0.0512004 0.0511955 -0.0511633 0.0511935 -0.051168 0.0511924 -0.0511916 -0.0511915 0.051192 -0.05119 0.0511919 0.0511925 -0.0511917 0.0511934 0.0511917
internal_weight=104.518 64.8005 53.5226 39.718 2.43558 51.9109 2.75318 49.1577 11.2779 1.61173 37.2824 36.6234 47.6368 45.402 43.8629 41.3737 39.733 1.23564 38.3173 0.773368 36.9237 35.8906 9.57552 35.3416 0.762901 33.9748 7.0986 35.6073 3.34688 26.8762
internal_count=4320 1595 876 2725 67 768 85 683 719 108 2658 2649 665 648 634 603 581 94 561 58 541 2631 702 518 56 498 104 2610 49 394
is_linear=0
shrinkage=0.05


Tree=62
num_leaves=31
num_cat=0
split_feature=67 66 0 51 5 4 12 20 4 9 40 5 24 15 14 22 1 5 24 52 14 41 29 36 40 52 1 25 16 27
split_gain=53.7282 34.9601 6.36146 4.46228 2.1951 0.768538 2.19728 0.251357 0.0968811 0.017865 0.0109481 0.00186776 0.00108739 0.000641105 6.21489e-05 8.86353e-06 1.37509e-06 1.322e-06 4.32912e-07 2.62026e-07 5.5837e-08 1.00944e-08 5.85204e-09 2.37548e-09 1.59476e-09 1.15664e-09 1.68477e-09 2.95955e-10 2.47773e-10 3.2248e-11
threshold=1.5000000000000002 232.00000000000003 102.50000000000001 1.5000000000000002 11598.000000000002 61.000000000000007 1656.8571777343752 98250000.000000015 119.50000000000001 17.787763595581058 1298.497741699219 11619.500000000002 997.50000000000011 346.42221069335943 2.5229492187500004 30050000.000000004 34525.000000000007 542.00000000000011 707.50000000000011 1323.8333129882815 2.8556319475173955 2501.385375976563 1007.5000000000001 0.098723132163286223 107.66666793823244 7.4166667461395273 5105459.5000000009 10750000.000000002 526180.37500000012 16565.057617187504
decision_type=2 2 2 2 2 2 2 2 2 2 2 2 2 2 2 2 2 2 2 2 2 2 2 2 2 2 2 2 2 2
left_child=3 2 5 10 19 7 24 12 -3 -4 11 21 13 14 -2 16 -16 -11 20 -5 -18 27 -10 -22 -7 26 28 -1 -25 -27
right_child=1 8 9 4 -6 6 -8 -9 22 17 -12 -13 -14 -15 15 -17 18 -19 -20 -21 23 -23 -24 25 -26 29 -28 -29 -30 -31
leaf_value=-0.051132269600583771 0.051404381069366123 -0.064326158605206574 -0.06380824136782319 -0.051131536431901117 0.053343997086600807 -0.051132339680563604 0.05113968433294476 0.029231146387921403 -0.05113227548231556 -0.05100095124357789 -0.05782536981005211 -0.053741934074020163 0.052348636697352194 0.052219036108779961 0.051185399765836248 0.051252384761708694 0.05114233944190099 -0.051132217177328076 0.051162012849631636 -0.051068911875485512 0.051134595060007927 -0.051122305122060896 -0.051124638466776687 0.051134364582796937 -0.051127447773554019 0.051132165335322347 0.051132252676833183 -0.051130781263448499 0.051133467692124561 0.051132295167599033
leaf_weight=33.584723654203117 2.371131755411624 1.6417902894318093 0.36190957529470225 0.48041182942688387 1.5864570289850235 0.46774466894566957 1.8953767493367193 1.3346193283796299 8.8606905005872214 0.24128589127212741 0.63187587261199851 0.69962064921855827 2.1307848542928687 1.4672657325863827 1.3482674881815899 1.70407274365425 1.5066350027918805 0.93539383914321661 1.3271725699305523 0.25605623330920935 1.301631487905978 0.25684893038123746 0.25814971327781755 1.3015084341168397 0.25877073314040899 6.3655844777822521 3.5727892443537712 0.33737163338810106 1.8857598751783369 19.228808671236038
leaf_count=2585 31 17 14 37 9 36 29 16 682 22 9 18 17 14 20 24 23 72 20 21 20 20 20 20 20 98 55 26 29 296
internal_value=1.17448e-05 0.0287526 0.0460302 -0.0469108 0.0202276 0.0491443 0.022801 0.0506187 -0.0531451 -0.0540933 -0.0513027 -0.0511845 0.0512459 0.0511917 0.0511557 0.0511408 0.0511358 -0.0511053 0.051134 -0.0511098 0.0511329 -0.0511322 -0.0511321 0.0511325 -0.0511306 0.0511324 0.051133 -0.0511323 0.0511338 0.0511323
internal_weight=99.6005 61.7671 51.0065 37.8334 2.32293 49.4679 2.62189 46.846 10.7606 1.53859 35.5104 34.8786 45.5114 43.3806 41.9134 39.5422 37.8382 1.17668 36.4899 0.736468 35.1627 34.1789 9.11884 33.6561 0.726515 32.3545 6.76006 33.9221 3.18727 25.5944
internal_count=4320 1595 876 2725 67 768 85 683 719 108 2658 2649 667 650 636 605 581 94 561 58 541 2631 702 518 56 498 104 2611 49 394
is_linear=0
shrinkage=0.05


Tree=63
num_leaves=31
num_cat=0
split_feature=67 66 8 0 51 5 4 12 4 9 40 5 24 15 75 14 22 17 5 24 52 14 40 29 36 5 52 1 25 16
split_gain=51.0246 33.1818 6.08234 6.11268 4.2409 2.0825 0.763635 2.08774 0.0823133 0.0153878 0.00932286 0.00159759 0.000916512 0.000540456 7.26273e-05 5.43423e-05 2.39839e-06 1.18066e-06 1.13274e-06 3.71663e-07 2.24646e-07 4.78862e-08 8.64807e-09 5.01739e-09 2.03892e-09 1.37029e-09 9.89914e-10 1.44328e-09 2.53387e-10 2.13536e-10
threshold=1.5000000000000002 232.00000000000003 4.5000000000000009 102.50000000000001 1.5000000000000002 11598.000000000002 61.000000000000007 1656.8571777343752 119.50000000000001 17.787763595581058 1298.497741699219 11619.500000000002 997.50000000000011 346.42221069335943 89650000.000000015 2.5229492187500004 30050000.000000004 12398.273925781252 542.00000000000011 707.50000000000011 1323.8333129882815 2.8556319475173955 997.29165649414074 1007.5000000000001 0.098723132163286223 235.00000000000003 7.4166667461395273 5105459.5000000009 10750000.000000002 526180.37500000012
decision_type=2 2 2 2 2 2 2 2 2 2 2 2 2 2 2 2 2 2 2 2 2 2 2 2 2 2 2 2 2 2
left_child=4 2 -2 6 10 20 12 25 -3 -5 11 22 13 14 15 -4 17 -17 -11 21 -6 -19 28 -10 -23 -8 27 29 -1 -26
right_child=1 8 3 9 5 -7 7 -9 23 18 -12 -13 -14 -15 -16 16 -18 19 -20 -21 -22 24 -24 -25 26 -27 -28 -29 -30 -31
leaf_value=-0.051075829814008405 -0.47013673716166027 -0.063475937795947623 0.051334179761339555 -0.063085409337396967 -0.051075134690092838 0.053170285489933689 -0.05107125028799369 0.051082866001819383 -0.051075833497683937 -0.05095125855243493 -0.057385698031409964 -0.053546138543441257 0.052229107927337731 0.052108612470898041 0.051444763634441316 0.051126276388632812 0.051147984546034225 0.05108538427699947 -0.051075780451926706 0.051104068741812725 -0.05101571175643637 0.051078035698525572 -0.051066605651845634 -0.05106858689913725 0.051077816354958894 -0.051075897158355858 0.051075821743798655 0.051075811742223559 -0.05107441855780967 0.051076963114137557
leaf_weight=31.968869741074741 0.057024769484995796 1.5821046158671368 2.2584969475865355 0.34810352418571611 0.45747378282248896 1.513890266418457 0.24641371611505691 1.8048929050564764 8.4376286184415186 0.22973644034937002 0.60554724186658759 0.66787165403365989 2.0313866734504691 1.3985893055796612 1.5513166561722744 1.2839626222848881 1.3131756931543339 1.4347129985690106 0.89073251560330391 1.2638409361243237 0.24381581414490938 1.2394865788519371 0.25690321996807952 0.24582232162356454 1.2393691688776045 0.44541240856051445 24.372359067201614 3.4022030048072338 0.3212630320340385 1.7957245819270609
leaf_count=2584 1 17 31 14 37 9 20 29 682 22 9 18 17 14 19 20 20 23 72 20 21 20 21 20 20 36 394 55 26 29
internal_value=1.18667e-05 0.0286944 0.0459451 0.0465513 -0.0468477 0.0201744 0.0496847 0.0227757 -0.0529867 -0.053903 -0.0512375 -0.0511254 0.0511915 0.051142 0.0511092 0.051096 0.0510816 0.0510792 -0.0510502 0.0510775 -0.0510545 0.0510764 -0.0510757 -0.0510756 0.051076 -0.0510742 0.051076 0.0510765 -0.0510758 0.0510773
internal_weight=94.9081 58.8725 48.6069 48.5499 36.0356 2.21518 47.0813 2.49672 10.2656 1.46857 33.8205 33.2149 44.5846 42.5532 41.1546 39.6033 37.3448 36.0317 1.12047 34.7477 0.70129 33.4839 32.547 8.68345 32.0491 0.691826 30.8097 6.4373 32.2901 3.03509
internal_count=4320 1595 876 875 2725 67 767 85 719 108 2658 2649 682 665 651 632 601 581 94 561 58 541 2631 702 518 56 498 104 2610 49
is_linear=0
shrinkage=0.05


Tree=64
num_leaves=31
num_cat=0
split_feature=67 66 0 51 5 4 12 20 4 39 40 5 24 15 14 22 5 1 24 52 14 41 29 36 21 52 1 25 16 27
split_gain=48.4676 31.501 5.73388 4.03068 1.97594 0.690595 1.98377 0.25852 0.0700001 0.0136992 0.00794352 0.00136693 0.000798365 0.000475116 4.58193e-05 6.5211e-06 1.81145e-06 1.01359e-06 3.19042e-07 1.9265e-07 4.10692e-08 7.4254e-09 4.30481e-09 1.74872e-09 1.17645e-09 8.46718e-10 1.23648e-09 2.18421e-10 1.8283e-10 2.55191e-11
threshold=1.5000000000000002 232.00000000000003 102.50000000000001 1.5000000000000002 11598.000000000002 61.000000000000007 1656.8571777343752 98250000.000000015 119.50000000000001 44.500000000000007 1298.497741699219 11619.500000000002 997.50000000000011 346.42221069335943 2.5229492187500004 30050000.000000004 542.00000000000011 34525.000000000007 707.50000000000011 1323.8333129882815 2.8556319475173955 2501.385375976563 1007.5000000000001 0.098723132163286223 34916.500000000007 7.4166667461395273 5105459.5000000009 10750000.000000002 526180.37500000012 16565.057617187504
decision_type=2 2 2 2 2 2 2 2 2 2 2 2 2 2 2 2 2 2 2 2 2 2 2 2 2 2 2 2 2 2
left_child=3 2 5 10 19 7 24 12 -3 -4 11 21 13 14 -2 17 -11 -16 20 -5 -19 27 -10 -22 -7 26 28 -1 -25 -27
right_child=1 8 9 4 -6 6 -8 -9 22 16 -12 -13 -14 -15 15 -17 -18 18 -20 -21 23 -23 -24 25 -26 29 -28 -29 -30 -31
leaf_value=-0.051022262875629269 0.051267564147902567 -0.062685558031724598 -0.062665172431257299 -0.051021600168512517 0.053006125758547254 -0.051022325633330312 0.051028940448386698 0.028163067822089279 -0.051022264148759301 -0.050862766112113371 -0.056973801010024999 -0.053361252817374617 0.052115904326306139 0.052003802678086047 0.051070160207390337 0.05113044861946843 -0.051022213834219204 0.051031329371087668 0.051049073352485631 -0.050965206194758667 0.051024355284105365 -0.051013287757727989 -0.051015385405268177 0.051024145566451629 -0.051017913209589476 0.051022163154023151 0.051022244266277585 -0.051020920139100583 0.051023336482106642 0.051022284451613199
leaf_weight=30.452583233825873 2.1510697901248923 1.5234367474913586 0.32791849924251337 0.43560760188847725 1.4444041550159452 0.4241235321387643 1.7186357937753198 1.2633402794599522 8.0343349454924429 0.22548199212178566 0.58007309585809608 0.63744470849633117 1.9364061281085003 1.3329929038882244 1.2226520068943489 1.545470755547284 0.84815807547420263 1.3661503531038786 1.203465163707732 0.232148801907897 1.1802452318370367 0.23288878705352445 0.23407112434506494 1.1801331713795691 0.2346343407407403 5.7719170786440399 3.2395876459777355 0.30590720381587644 1.7098960690200327 17.435513649135828
leaf_count=2585 31 17 12 37 9 36 29 16 682 24 9 18 17 14 20 24 72 23 20 21 20 20 20 20 20 98 55 26 29 296
internal_value=1.55004e-05 0.0286441 0.0458696 -0.0467878 0.0201241 0.0489772 0.0227517 0.0504428 -0.0528367 -0.0537206 -0.0511757 -0.0510693 0.0511248 0.051076 0.0510434 0.05103 -0.0509887 0.0510255 0.0510238 -0.051002 0.0510228 -0.0510222 -0.0510221 0.0510225 -0.0510208 0.0510224 0.0510229 -0.0510222 0.0510237 0.0510223
internal_weight=90.4307 56.1096 46.3178 34.3211 2.11216 44.9162 2.37739 42.5388 9.79184 1.40156 32.2089 31.6288 41.2755 39.3391 38.0061 35.855 1.07364 34.3096 33.0869 0.667756 31.8834 30.9914 8.26841 30.5173 0.658758 29.337 6.12962 30.7585 2.89003 23.2074
internal_count=4320 1595 876 2725 67 768 85 683 719 108 2658 2649 667 650 636 605 96 581 561 58 541 2631 702 518 56 498 104 2611 49 394
is_linear=0
shrinkage=0.05


Tree=65
num_leaves=31
num_cat=0
split_feature=67 66 0 51 5 4 12 20 4 39 40 5 24 15 14 22 5 17 24 52 14 41 29 36 5 52 1 25 16 25
split_gain=46.0342 29.9024 5.44359 3.83104 1.87509 0.654388 1.88509 0.265521 0.059579 0.0117745 0.00677197 0.00116994 0.000684307 0.000409019 3.93488e-05 5.59651e-06 1.55303e-06 8.70439e-07 2.73896e-07 1.65222e-07 3.52532e-08 6.36384e-09 3.69565e-09 1.5005e-09 1.01004e-09 7.2729e-10 1.05947e-09 1.86429e-10 1.56434e-10 2.5846e-11
threshold=1.5000000000000002 232.00000000000003 102.50000000000001 1.5000000000000002 11598.000000000002 61.000000000000007 1656.8571777343752 98250000.000000015 119.50000000000001 44.500000000000007 1298.497741699219 11619.500000000002 997.50000000000011 346.42221069335943 2.5229492187500004 30050000.000000004 542.00000000000011 12398.273925781252 707.50000000000011 1323.8333129882815 2.8556319475173955 2501.385375976563 1007.5000000000001 0.098723132163286223 235.00000000000003 7.4166667461395273 5105459.5000000009 10750000.000000002 526180.37500000012 39161.000000000007
decision_type=2 2 2 2 2 2 2 2 2 2 2 2 2 2 2 2 2 2 2 2 2 2 2 2 2 2 2 2 2 2
left_child=3 2 5 10 19 7 24 12 -3 -4 11 21 13 14 -2 17 -11 -16 20 -5 -19 27 -10 -22 -7 26 28 -1 -25 -27
right_child=1 8 9 4 -6 6 -8 -9 22 16 -12 -13 -14 -15 15 -17 -18 18 -20 -21 23 -23 -24 25 -26 29 -28 -29 -30 -31
leaf_value=-0.050971410653681652 0.051204350216998346 -0.061949684738644588 -0.06199301739061748 -0.050970783915113664 0.052850931108755689 -0.050967282774449563 0.05097775214488335 0.027483517515223616 -0.050971415516309106 -0.050820055661387857 -0.056587578887833584 -0.053186594702747392 0.052008661938606197 0.051904304059595667 0.051016899503462866 0.051074119070293189 -0.050971365551689976 0.050980021271256219 0.050996870231275596 -0.05091726141488178 0.05097339917884796 -0.050962895606380766 -0.050964883834324161 0.05097319920966098 -0.050971472715311564 0.050971309354101657 0.050971395900363398 -0.050970139340208769 0.050972432231834279 0.050971435322505136
leaf_weight=28.995562971569612 2.0486231744289389 1.4659136272966842 0.31522197788581152 0.41476545203477089 1.377892345190048 0.22340696677565519 1.6364170908927915 1.2306883335113514 7.6499278722330928 0.21466081915423252 0.55545313283800979 0.60829704254865546 1.8456686362624157 1.2703514099121083 1.1642105691134919 1.4716777056455601 0.80757744610309601 1.3007973320782245 1.1459137462079514 0.22102946508675814 1.1237779743969465 0.22174418717622657 0.22287041321396817 1.1236710734665423 0.40383137203752995 5.3835495300591019 3.0845877081155777 0.29127053171396156 1.6280867643654344 16.713504284620285
leaf_count=2585 31 17 12 37 9 20 29 16 682 24 9 18 17 14 20 24 72 23 20 21 20 20 20 20 36 96 55 26 29 298
internal_value=1.55637e-05 0.0285889 0.0457875 -0.046731 0.0200765 0.0488917 0.022729 0.0503527 -0.0526945 -0.0535447 -0.051117 -0.0510161 0.0510688 0.0510225 0.0509915 0.0509787 -0.0509396 0.0509744 0.0509729 -0.0509522 0.050972 -0.0509713 -0.0509712 0.0509716 -0.05097 0.0509715 0.050972 -0.0509714 0.0509727 0.0509714
internal_weight=86.161 53.4749 44.1362 32.686 2.01369 42.7988 2.26366 40.5351 9.33871 1.33746 30.6723 30.1169 39.3044 37.4588 36.1884 34.1398 1.02224 32.6681 31.5039 0.635795 30.358 29.5086 7.8728 29.0572 0.627238 27.9334 5.83635 29.2868 2.75176 22.0971
internal_count=4320 1595 876 2725 67 768 85 683 719 108 2658 2649 667 650 636 605 96 581 561 58 541 2631 702 518 56 498 104 2611 49 394
is_linear=0
shrinkage=0.05


Tree=66
num_leaves=31
num_cat=0
split_feature=67 4 40 51 5 36 40 19 5 24 1 21 14 22 23 24 8 52 10 14 40 17 29 52 1 25 16 20 17 41
split_gain=43.7254 28.3918 9.62495 3.64144 1.7796 0.0148464 0.0057762 0.00503549 0.00100162 0.000545303 6.97446e-05 6.17379e-05 3.47542e-05 1.62525e-06 2.79568e-07 2.39788e-07 1.98447e-07 1.41727e-07 5.60397e-08 2.98819e-08 5.46383e-09 4.52904e-09 1.71398e-09 6.40398e-10 9.08543e-10 1.59524e-10 1.34818e-10 4.03375e-11 2.00266e-11 6.44462e-12
threshold=1.5000000000000002 64.500000000000014 5.8285715579986581 1.5000000000000002 11598.000000000002 153.6311950683594 1298.497741699219 102.50000000000001 11619.500000000002 997.50000000000011 47285.000000000007 13850000.000000002 2.5229492187500004 30050000.000000004 29008.000000000004 683.50000000000011 1515.714294433594 1323.8333129882815 49.500000000000007 2.8556319475173955 997.29165649414074 21750000.000000004 1027.0000000000002 7.4166667461395273 5105459.5000000009 10750000.000000002 526180.37500000012 80150000.000000015 26076.537109375004 2352.6491699218755
decision_type=2 2 2 2 2 2 2 2 2 2 2 2 2 2 2 2 2 2 2 2 2 2 2 2 2 2 2 2 2 2
left_child=3 2 -2 6 17 9 8 14 20 10 -4 12 -12 15 -3 19 18 -5 -16 -14 25 23 -20 24 26 29 -21 28 -25 -1
right_child=1 7 5 4 -6 -7 -8 -9 -10 -11 11 -13 13 -15 16 -17 -18 -19 22 21 -22 -23 -24 27 -26 -27 -28 -29 -30 -31
leaf_value=-0.050923134889276495 -0.074481181206747529 -0.050859933351849407 0.050642794311131237 -0.050922543357017985 0.052704170196942679 0.045473440938332832 -0.05622515340622708 -0.058633762821416448 -0.053021536299304388 0.051871492649320276 0.051144353905876572 0.051273401730557694 0.05093131249624893 0.050979488839308522 -0.050898811894149368 0.050947577321901361 -0.050878603939663793 -0.050871740049795722 -0.050923137676090004 0.050924835973185471 -0.050915245533963517 0.05092648605249455 -0.050918588933742071 0.050923352544067157 0.050923123485492654 -0.050921931869377747 0.050924106267404651 0.050922840458728635 0.050923130168894465 -0.050923403965404318
leaf_weight=27.371951269917211 1.5938035547733296 0.19161532865836939 1.9085728167556215 0.39490143302827974 1.3142492920160291 1.2655301019549359 0.53168286010622878 0.21666583046317178 0.58038579672574897 1.6300525069236744 1.9509389549493779 1.4430094510316838 1.2385102026164627 1.4088223390281189 0.24618302611633858 1.0913683101534832 0.2677834811620422 0.21043312177062035 8.04179652035236 1.0698584951460426 0.22175618633627792 1.1251615621149529 0.21256603952497322 1.0682060457766116 2.9368618652224541 0.27732077892869611 1.5501166023313997 1.1743977479636658 19.330019470304251 0.22433491703122754
leaf_count=2563 19 20 35 37 9 22 9 11 18 16 31 20 23 25 24 20 27 21 753 20 21 21 20 20 55 26 29 22 362 21
internal_value=1.56036e-05 0.028535 0.0460244 -0.046677 0.0200314 0.0508031 -0.0510613 -0.0511018 -0.0509655 0.0509763 0.0509372 0.0509531 0.0509395 0.050927 -0.0509197 0.0509246 -0.050921 -0.0509049 -0.0509223 0.0509237 -0.0509231 0.0509234 -0.050923 0.0509232 0.0509237 -0.0509231 0.0509244 0.0509231 0.0509231 -0.0509231
internal_weight=82.0889 50.9618 41.7852 31.127 1.91958 40.1914 29.2074 9.17661 28.6757 38.9259 37.2958 35.3873 33.9443 31.9933 8.95994 30.5845 8.76833 0.605335 8.50055 29.4931 28.0954 28.2546 8.25436 27.1295 5.55684 27.8736 2.61998 21.5726 20.3982 27.5963
internal_count=4320 1595 740 2725 67 721 2658 855 2649 699 683 648 628 597 844 572 824 58 797 552 2631 529 773 508 104 2610 49 404 382 2584
is_linear=0
shrinkage=0.05


Tree=67
num_leaves=31
num_cat=0
split_feature=67 4 40 51 5 36 40 19 5 24 1 21 14 22 23 24 9 52 10 14 40 17 29 52 14 25 16 20 15 41
split_gain=41.5397 26.9664 9.12888 3.46134 1.68917 0.0174372 0.00492925 0.00438908 0.000857756 0.000470473 8.25944e-05 5.2971e-05 2.98534e-05 1.39521e-06 2.3967e-07 2.05905e-07 1.70133e-07 1.21605e-07 4.80459e-08 2.5642e-08 4.68689e-09 3.89068e-09 1.46978e-09 5.49992e-10 7.81156e-10 1.37419e-10 1.15356e-10 3.44258e-11 1.74154e-11 5.41078e-12
threshold=1.5000000000000002 64.500000000000014 5.8285715579986581 1.5000000000000002 11598.000000000002 153.6311950683594 1298.497741699219 102.50000000000001 11619.500000000002 997.50000000000011 47285.000000000007 13850000.000000002 2.5229492187500004 30050000.000000004 29008.000000000004 683.50000000000011 1743.3870239257815 1323.8333129882815 49.500000000000007 2.8556319475173955 997.29165649414074 21750000.000000004 1027.0000000000002 7.4166667461395273 5.8663907051086435 10750000.000000002 526180.37500000012 80150000.000000015 110.52428054809572 2352.6491699218755
decision_type=2 2 2 2 2 2 2 2 2 2 2 2 2 2 2 2 2 2 2 2 2 2 2 2 2 2 2 2 2 2
left_child=3 2 -2 6 17 9 8 14 20 10 -4 12 -12 15 -3 19 18 -5 -16 -14 25 23 -20 24 -21 29 -26 28 -25 -1
right_child=1 7 5 4 -6 -7 -8 -9 -10 -11 11 -13 13 -15 16 -17 -18 -19 22 21 -22 -23 -24 27 26 -27 -28 -29 -30 -31
leaf_value=-0.050877303445416883 -0.073939835077256058 -0.050817328434225442 0.050559799628557091 -0.050876741311965859 0.052565341841387517 0.044850371381138093 -0.055884800207510202 -0.058234223902000296 -0.052865507736372469 0.051777042522800465 0.051087408410724601 0.051209773912301172 0.050885065821617018 0.050930812853812346 -0.050854221579078311 0.050900514780696585 -0.050835045203943247 -0.050828511470074778 -0.050877306010138172 0.050877290963263405 -0.050869814747152034 0.050880485352775562 -0.05087298900640707 0.050877297511037013 0.05087891735598854 -0.050876159090002475 0.050878225589481824 0.050877023329677577 0.050877510051686642 -0.050877556200953737
leaf_weight=26.059868855401895 1.5268891379237164 0.18241909798234424 1.8183963471092273 0.37597150541841884 1.2533709257841108 1.2201153505593527 0.50875449925660987 0.20747723244130689 0.55366832949221034 1.5533109828829754 1.857806984335183 1.3742954768240441 1.1791510507464504 1.3413617387413967 0.23437669081613055 1.0390772782266129 0.25493550254032094 0.20033612195402384 7.6563114216551185 2.796082526445395 0.21112464088946481 1.0712300166487683 0.20237574353814114 18.403429388999946 1.0185761488974097 0.26402702461928029 1.4758127033710478 1.1181023344397534 1.0170013047754753 0.21358141209930082
leaf_count=2563 19 20 35 37 9 22 9 11 18 16 31 20 23 25 24 20 27 21 753 55 21 21 20 362 20 26 29 22 20 21
internal_value=1.55844e-05 0.0284919 0.0459501 -0.0466259 0.0199887 0.0507317 -0.0510084 -0.0510488 -0.0509176 0.0509253 0.050888 0.0509058 0.0508928 0.050881 -0.050874 0.0508787 -0.0508753 -0.05086 -0.0508765 0.0508778 -0.0508772 0.0508775 -0.0508772 0.0508774 0.0508779 -0.0508773 0.0508785 0.0508773 0.0508773 -0.0508773
internal_weight=78.1892 48.5485 39.8106 29.6407 1.82968 38.2837 27.811 8.7379 27.3023 37.0636 35.5103 33.6919 32.3176 30.4598 8.53042 29.1185 8.348 0.576308 8.09306 28.0794 26.7486 26.9002 7.85869 25.829 5.29047 26.5375 2.49439 20.5385 19.4204 26.2735
internal_count=4320 1595 740 2725 67 721 2658 855 2649 699 683 648 628 597 844 572 824 58 797 552 2631 529 773 508 104 2610 49 404 382 2584
is_linear=0
shrinkage=0.05


Tree=68
num_leaves=31
num_cat=0
split_feature=67 4 40 51 5 36 40 19 5 24 1 21 14 22 23 24 8 52 10 14 41 17 29 52 1 25 16 20 19 17
split_gain=39.4652 25.6136 8.66007 3.29028 1.60351 0.0203264 0.00420842 0.0040204 0.000734735 0.000406368 9.74793e-05 4.54565e-05 2.56451e-05 1.19781e-06 2.05407e-07 1.76825e-07 1.45773e-07 1.04323e-07 4.11357e-08 2.20218e-08 4.02573e-09 3.338e-09 1.25278e-09 4.71914e-10 6.69214e-10 1.1843e-10 9.90603e-11 2.97931e-11 2.91873e-11 1.47757e-11
threshold=1.5000000000000002 64.500000000000014 5.8285715579986581 1.5000000000000002 11598.000000000002 153.6311950683594 1298.497741699219 104.50000000000001 11619.500000000002 997.50000000000011 47285.000000000007 13850000.000000002 2.5229492187500004 30050000.000000004 29008.000000000004 683.50000000000011 1515.714294433594 1323.8333129882815 49.500000000000007 2.8556319475173955 2501.385375976563 21750000.000000004 1027.0000000000002 7.4166667461395273 5105459.5000000009 10750000.000000002 526180.37500000012 80150000.000000015 74.500000000000014 26076.537109375004
decision_type=2 2 2 2 2 2 2 2 2 2 2 2 2 2 2 2 2 2 2 2 2 2 2 2 2 2 2 2 2 2
left_child=3 2 -2 6 17 9 8 14 20 10 -4 12 -12 15 -3 19 18 -5 -16 -14 25 23 28 24 26 -1 -21 29 -20 -25
right_child=1 7 5 4 -6 -7 -8 -9 -10 -11 11 -13 13 -15 16 -17 -18 -19 22 21 -22 -23 -24 27 -26 -27 -28 -29 -30 -31
leaf_value=-0.050833789573183907 -0.073453524311793666 -0.050776865794038908 0.050475760602056975 -0.05083325031832308 0.05243396870256594 0.04419804222452834 -0.055564954564973373 -0.058205614782788961 -0.052717952439260612 0.051687511489175969 0.051033346866043543 0.0511493996125372 0.050841158463567071 0.050884598538173891 -0.050811879508659466 0.050855830869382036 -0.050793679874335619 -0.050787466378526852 -0.050833787018568402 0.050835317833270159 -0.050826499054013555 0.050836806588872997 -0.050829685783851379 0.050833981113527521 0.050833774551400937 -0.050832698812600691 0.050834660833870463 0.050833518922563076 -0.050833164562618077 0.05083378046937586
leaf_weight=25.022574602626282 1.4617924466729153 0.17365719936787716 1.7325201076455403 0.35793342255055804 1.1951549202203748 1.1773113282397378 0.48665742203593154 0.18909306544810611 0.52810244634747405 1.480049856007098 1.7690254449844385 1.3087744265794743 1.1225874312222099 1.2770723477005947 0.22312710247933853 0.9892474114894857 0.24269459536299098 0.19071574602276087 7.1050691762939095 0.96970964595676123 0.19135359767824311 1.0198389366269101 0.19266562163829792 0.96820924058557167 2.6619354225695133 0.25135959032922883 1.405009154230356 1.0644591003656376 0.19345679227262724 17.520491771399975
leaf_count=2585 19 20 35 37 9 22 9 10 18 16 31 20 23 25 24 20 27 21 734 20 20 21 20 20 55 26 29 22 20 362
internal_value=1.5524e-05 0.0284499 0.0458774 -0.0465773 0.0199482 0.050661 -0.0509583 -0.0509983 -0.050872 0.0508766 0.0508411 0.0508608 0.0508485 0.0508373 -0.0508307 0.0508351 -0.0508318 -0.0508173 -0.050833 0.0508343 -0.0508337 0.050834 -0.0508337 0.0508339 0.0508343 -0.0508338 0.0508349 0.0508338 -0.0508338 0.0508338
internal_weight=74.4716 46.2478 37.928 28.2239 1.7438 36.4662 26.48 8.31976 25.9934 35.2889 33.8089 32.0764 30.7676 28.9986 8.13067 27.7215 7.95701 0.548649 7.71432 26.7322 25.4653 25.6097 7.49119 24.5898 5.03665 25.2739 2.37472 19.5532 7.29853 18.4887
internal_count=4320 1595 740 2725 67 721 2658 855 2649 699 683 648 628 597 845 572 825 58 798 552 2631 529 774 508 104 2611 49 404 754 382
is_linear=0
shrinkage=0.05


Tree=69
num_leaves=31
num_cat=0
split_feature=67 4 40 51 5 36 40 19 5 24 1 21 14 22 23 24 9 52 10 14 40 17 29 52 1 25 16 20 19 17
split_gain=37.4959 24.3294 8.21669 3.12777 1.52236 0.0235346 0.00359455 0.0034933 0.00062952 0.00035144 0.000114709 3.90138e-05 2.2034e-05 1.02851e-06 1.76162e-07 1.5191e-07 1.25035e-07 8.95454e-08 3.52837e-08 1.89061e-08 3.45378e-09 2.8678e-09 1.0749e-09 4.03894e-10 5.73748e-10 1.01025e-10 8.56035e-11 2.53948e-11 2.51292e-11 1.29106e-11
threshold=1.5000000000000002 64.500000000000014 5.8285715579986581 1.5000000000000002 11598.000000000002 153.6311950683594 1298.497741699219 104.50000000000001 11619.500000000002 997.50000000000011 47285.000000000007 13850000.000000002 2.5229492187500004 30050000.000000004 29008.000000000004 683.50000000000011 1743.3870239257815 1323.8333129882815 49.500000000000007 2.8556319475173955 997.29165649414074 21750000.000000004 1027.0000000000002 7.4166667461395273 5105459.5000000009 10750000.000000002 526180.37500000012 80150000.000000015 74.500000000000014 26076.537109375004
decision_type=2 2 2 2 2 2 2 2 2 2 2 2 2 2 2 2 2 2 2 2 2 2 2 2 2 2 2 2 2 2
left_child=3 2 -2 6 17 9 8 14 20 10 -4 12 -12 15 -3 19 18 -5 -16 -14 25 23 28 24 26 -1 -21 29 -20 -25
right_child=1 7 5 4 -6 -7 -8 -9 -10 -11 11 -13 13 -15 16 -17 -18 -19 22 21 -22 -23 -24 27 -26 -27 -28 -29 -30 -31
leaf_value=-0.050792462437815079 -0.073014740815759968 -0.050738434721567686 0.050390205844408426 -0.050791951338036295 0.052309641202010475 0.043515799176219644 -0.055264171057192141 -0.057815438005809794 -0.05257838037990864 0.051602626984577682 0.050982027980508708 0.051092102667546949 0.050799460967981228 0.050840716637726525 -0.050771667855211089 0.050813401257813064 -0.050754392119515893 -0.050748476678278032 -0.050792462969587039 0.050793914626518499 -0.050785707906875734 0.050795329226891874 -0.050788569378510395 0.050792646780958073 0.050792448600540718 -0.05079142992114926 0.050793288666872674 0.05079220717937688 -0.050791871011669765 0.050792454524742715
leaf_weight=23.81191108189525 1.3986432403326023 0.16530980356037517 1.6507524149492372 0.34074665233492751 1.1395004242658613 1.1370118977501977 0.46537858620285888 0.18105409573763598 0.50364642217755218 1.4101243913173664 1.6844002455473006 1.2463055998086918 1.0686925835907555 1.2158108577132214 0.21240892680361856 0.94176718220114608 0.23103176755830634 0.18155028857290745 6.7639118684455752 0.92314925044775664 0.1913407095707943 0.97087296470999618 0.18341383710503567 0.92171970754862442 2.5341195091605186 0.23929001670330663 1.3375471867620943 1.013347603380679 0.18416763655841339 16.679224889725447
leaf_count=2584 19 20 35 37 9 22 9 10 18 16 31 20 23 25 24 20 27 21 734 20 21 21 20 20 55 26 29 22 20 362
internal_value=1.54252e-05 0.0284088 0.0458061 -0.0465312 0.0199099 0.0505906 -0.0509106 -0.0509501 -0.0508287 0.05083 0.0507962 0.0508181 0.0508065 0.0507958 -0.0507895 0.0507937 -0.0507906 -0.0507768 -0.0507917 0.050793 -0.0507924 0.0507927 -0.0507923 0.0507926 0.050793 -0.0507925 0.0507935 0.0507925 -0.0507924 0.0507925
internal_weight=70.9282 44.0548 36.1335 26.8734 1.6618 34.7348 25.2116 7.9213 24.7462 33.5978 32.1877 30.537 29.2907 27.6063 7.74024 26.3904 7.57493 0.522297 7.3439 25.4487 24.2425 24.38 7.13149 23.4091 4.79482 24.0512 2.2607 18.6143 6.94808 17.6009
internal_count=4320 1595 740 2725 67 721 2658 855 2649 699 683 648 628 597 845 572 825 58 798 552 2631 529 774 508 104 2610 49 404 754 382
is_linear=0
shrinkage=0.05


Tree=70
num_leaves=31
num_cat=0
split_feature=67 4 40 51 5 36 40 19 5 24 36 21 14 22 23 24 8 52 10 14 41 17 29 52 1 25 21 16 19 20
split_gain=35.6263 23.1101 7.79707 2.97338 1.44546 0.0270819 0.00307148 0.00303325 0.000539496 0.000304367 0.000134644 3.34891e-05 1.89317e-05 8.83247e-07 1.51077e-07 1.3049e-07 1.07241e-07 7.68575e-08 3.02541e-08 1.62249e-08 2.95964e-09 2.46288e-09 9.22089e-10 3.26796e-10 4.79202e-10 8.66045e-11 6.37033e-11 2.60592e-11 2.12994e-11 1.99982e-11
threshold=1.5000000000000002 64.500000000000014 5.8285715579986581 1.5000000000000002 11598.000000000002 153.6311950683594 1298.497741699219 104.50000000000001 11619.500000000002 997.50000000000011 67.008235931396499 13850000.000000002 2.5229492187500004 30050000.000000004 29008.000000000004 683.50000000000011 1515.714294433594 1323.8333129882815 49.500000000000007 2.8556319475173955 2501.385375976563 21750000.000000004 1027.0000000000002 7.4166667461395273 5105459.5000000009 10750000.000000002 528267.62500000012 10379.416992187502 74.500000000000014 80150000.000000015
decision_type=2 2 2 2 2 2 2 2 2 2 2 2 2 2 2 2 2 2 2 2 2 2 2 2 2 2 2 2 2 2
left_child=3 2 -2 6 17 9 8 14 20 10 11 12 -4 15 -3 19 18 -5 -16 -14 25 23 28 24 26 -1 -21 -25 -20 -29
right_child=1 7 5 4 -6 -7 -8 -9 -10 -11 -12 -13 13 -15 16 -17 -18 -19 22 21 -22 -23 -24 27 -26 -27 -28 29 -30 -31
leaf_value=-0.050753211145300625 -0.072616448631938196 -0.050701930996045176 0.050933296083497663 -0.0507527308599032 0.052191930515498614 0.042803273761546447 -0.054981142819161721 -0.057442396863725292 -0.052446315860558937 0.051522137062077616 0.050302632808597508 0.051037721193501917 0.050759861630370433 0.050799047290573579 -0.050733477181035706 0.050773106569822084 -0.050717075968749949 -0.050711449174672685 -0.050753213332304717 0.0507545608480304 -0.050746644590779912 0.050755939570107593 -0.0507495172964397 0.050753474588250837 0.050753203813702956 -0.05075223132055863 0.050754003373217255 0.050753208490998451 -0.050752654767434006 0.050752974050800016
leaf_weight=22.676400849595684 1.3375420868396748 0.15735790599137445 1.6037454009056222 0.32437240425497194 1.0863092020153997 1.0991128282621492 0.44490290433168311 0.17331418115645636 0.48025918565690418 1.3433944433927525 1.5729010780341912 1.1867539174854744 1.0173448584973908 1.1574398018419731 0.20219788141548622 0.8965296782553186 0.21992180589586485 0.17281888891011477 6.438881897367537 0.87874856591225325 0.17340846173465152 0.92422157153487106 0.17459950689226378 0.87752160057425754 2.4123459607362747 0.22779106348752876 1.2293682135641573 15.921590566635132 0.17531762644648541 0.96465239301323968
leaf_count=2585 19 20 31 37 9 22 9 10 18 16 35 20 23 25 24 20 27 21 734 20 20 21 20 20 55 26 28 363 20 22
internal_value=1.52904e-05 0.0283684 0.0457358 -0.0464875 0.0198736 0.0505203 -0.0508654 -0.0509042 -0.0507877 0.0507855 0.0507532 0.0507776 0.0507665 0.0507563 -0.0507504 0.0507544 -0.0507515 -0.0507384 -0.0507525 0.0507537 -0.0507532 0.0507534 -0.0507531 0.0507533 0.0507537 -0.0507532 0.0507542 0.0507532 -0.0507532 0.0507532
internal_weight=67.5511 41.9648 34.4232 25.5863 1.5835 33.0857 24.0028 7.54159 23.5579 31.9866 30.6432 29.0703 27.8835 26.2798 7.36828 25.1223 7.21092 0.497191 6.991 24.2258 23.0776 23.2084 6.7888 22.2842 4.52046 22.9042 2.10812 17.7638 6.6142 16.8862
internal_count=4320 1595 740 2725 67 721 2658 855 2649 699 683 648 628 597 845 572 825 58 798 552 2631 529 774 508 103 2611 48 405 754 385
is_linear=0
shrinkage=0.05


Tree=71
num_leaves=31
num_cat=0
split_feature=67 4 40 40 1 19 5 24 1 21 14 22 23 52 24 9 10 14 17 29 52 1 27 16 16 19 20 28 41 17
split_gain=33.8511 21.9524 7.39969 2.82674 0.0443586 0.00263214 0.000462811 0.000261673 0.00011696 2.87847e-05 1.62801e-05 7.58801e-07 1.29625e-07 1.2764e-07 1.1202e-07 9.20241e-08 2.59683e-08 1.38777e-08 2.09035e-09 7.93368e-10 2.77005e-10 4.30045e-10 1.83537e-10 1.11442e-10 6.65241e-11 1.83054e-11 1.74083e-11 1.11484e-11 3.95062e-12 2.72671e-12
threshold=1.5000000000000002 64.500000000000014 5.8285715579986581 1202.0363769531252 16746.500000000004 104.50000000000001 11619.500000000002 997.50000000000011 40757.000000000007 13850000.000000002 2.5229492187500004 30050000.000000004 29008.000000000004 1323.8333129882815 683.50000000000011 1743.3870239257815 49.500000000000007 2.8556319475173955 21750000.000000004 1027.0000000000002 7.4166667461395273 5105459.5000000009 2839912.7500000005 9196.7944335937518 526180.37500000012 74.500000000000014 80150000.000000015 5004535.0000000009 2462.894409179688 4624315.7500000009
decision_type=2 2 2 2 2 2 2 2 2 2 2 2 2 2 2 2 2 2 2 2 2 2 2 2 2 2 2 2 2 2
left_child=3 2 -2 6 -4 12 13 8 -6 10 -10 14 -3 22 17 16 -14 -12 20 25 21 24 27 -22 -19 -18 29 28 -1 -25
right_child=1 5 4 -5 7 -7 -8 -9 9 -11 11 -13 15 -15 -16 -17 19 18 -20 -21 23 -23 -24 26 -26 -27 -28 -29 -30 -31
leaf_value=-0.050715942805968833 -0.072252030155504895 -0.050667253873483281 0.038561151265427293 0.020992086471609883 0.050292102979224297 -0.05708595760475306 -0.052321318512161014 0.051445800520023871 0.050887022836966944 0.050986099073538939 0.05072225416277551 0.05075947434862535 -0.050697201094677818 -0.050673560141723563 0.050734837730578686 -0.050681630950742775 -0.050715942429624621 0.050717268627819313 0.050718529133340108 -0.050712428537585334 0.050716515097289527 0.05071592917641337 -0.050714450033913033 0.050715943276817436 0.050716688956423964 -0.050715411693809401 0.050715711594664176 -0.050715591126439266 -0.050716186869268542 0.050715877061521322
leaf_weight=21.661126487888417 1.2785634510219086 0.14978333190083404 0.76553953485563653 1.4606988094747055 1.5457946229726136 0.16586491651833046 0.45790049247443576 1.2797246202826489 1.5268820039928019 1.1299893520772446 0.96842779591680539 1.1018275022506703 0.19247072562575329 0.17920727794989844 0.85343245416879554 0.20933813834562887 6.1292422190308571 0.83654914796353042 0.87977886572480102 0.16620258893817652 0.83569498732686298 2.2963384352624416 0.20833839476108451 13.611255764961241 1.2120444998145101 0.16688665840774763 0.91826293617487031 0.22535578720271487 0.16706454381346603 1.7534406334161765
leaf_count=2594 19 20 17 18 34 10 18 16 31 20 23 25 24 23 20 27 734 20 21 20 20 55 25 326 29 20 22 27 20 42
internal_value=1.5119e-05 0.0283284 0.0456659 -0.0464459 0.0504499 -0.0508605 -0.0507477 0.0507459 0.0507155 0.0507389 0.0507285 0.0507189 -0.0507133 -0.0507156 0.050717 -0.0507143 -0.0507153 0.0507164 0.0507161 -0.0507158 0.050716 0.0507164 -0.0507159 0.050716 0.0507169 -0.0507159 0.0507159 -0.0507159 -0.0507159 0.0507159
internal_weight=64.333 39.9733 32.7935 24.3597 31.515 7.17979 22.899 30.7494 29.4697 27.9239 26.7939 25.2671 7.01392 22.4411 24.1652 6.86414 6.6548 23.3118 22.3434 6.46233 21.4636 4.34493 22.2619 17.1187 2.04859 6.29613 16.283 22.0535 21.8282 15.3647
internal_count=4320 1595 740 2725 721 855 2707 704 688 654 634 603 845 2689 578 825 798 558 535 774 514 104 2666 410 49 754 390 2641 2614 368
is_linear=0
shrinkage=0.05


Tree=72
num_leaves=31
num_cat=0
split_feature=67 6 40 51 5 40 5 24 36 21 14 40 16 22 39 24 8 52 19 14 40 29 17 36 52 1 25 15 20 41
split_gain=32.1195 20.8569 7.47691 2.79125 1.31673 0.00285562 0.000396477 0.000234996 0.000181537 2.44002e-05 1.36253e-05 3.22959e-06 1.54389e-06 6.51932e-07 1.40722e-07 9.47806e-08 8.95274e-08 5.66399e-08 1.37034e-08 1.18274e-08 2.1875e-09 2.0067e-09 1.75501e-09 5.22867e-10 2.15568e-10 3.18479e-10 6.46629e-11 2.62232e-11 1.48823e-11 2.70006e-12
threshold=1.5000000000000002 21.000000000000004 5.8285715579986581 1.5000000000000002 11598.000000000002 1298.497741699219 11619.500000000002 997.50000000000011 153.6311950683594 13850000.000000002 2.5229492187500004 19.145161628723148 4893.5000000000009 30050000.000000004 68.500000000000014 707.50000000000011 702.47500610351574 1323.8333129882815 90.500000000000014 2.8556319475173955 997.29165649414074 1546.0000000000002 21750000.000000004 54.510396957397468 7.4166667461395273 5105459.5000000009 10750000.000000002 2.1777448654174809 80150000.000000015 2352.6491699218755
decision_type=2 2 2 2 2 2 2 2 2 2 2 2 2 2 2 2 2 2 2 2 2 2 2 2 2 2 2 2 2 2
left_child=3 2 -2 5 17 6 20 8 9 10 -4 -3 -12 15 -13 19 18 -5 21 -14 26 -16 23 24 25 27 29 -21 -26 -1
right_child=1 11 7 4 -6 -7 -8 -9 -10 -11 12 14 13 -15 16 -17 -18 -19 -20 22 -22 -23 -24 -25 28 -27 -28 -29 -30 -31
leaf_value=-0.050680539640183542 -0.071186740208980581 -0.050900689897291941 0.050843079334034071 -0.050680099561942242 0.052037244099572312 -0.054814682961160759 -0.052202989573929694 0.05140759891116671 0.051455895143818944 0.050937094136433485 0.050751413480883495 -0.050632832404239728 0.050686533465351451 0.05072188915696995 -0.050680544124281704 0.0506983725542417 -0.050649618512433138 -0.050642869162943187 -0.050665363092330308 0.050681247680572396 -0.050674753173106518 -0.050674829036460249 0.050682994334836709 0.0506817778468042 0.05068053217357868 0.050680527331388031 -0.050679651839618811 0.050681631201255378 0.050680319892401397 -0.050680741465162972
leaf_weight=20.372252321802101 1.3122064843773866 0.16637746896594663 1.4536387361586225 0.29391428269445796 1.0156596153974531 0.43265097588300605 0.43653079681098361 1.320550400763749 0.82586192339658637 1.0758871473371971 0.8620454147458102 0.17048323806375254 0.92182983458043111 1.0488477833569039 5.9535371521487832 0.81223694980144401 0.25183081300929178 0.15657983487471938 0.15543567296117533 0.95480130612851188 0.16503865923732419 0.15766227710992087 0.83744347840547462 0.99533314257860084 14.903508238494393 2.1858320832252502 0.20640157163143058 0.83590928092598915 0.87407331541180688 0.16696897521614928
leaf_count=2563 20 17 31 37 9 9 18 17 12 20 20 24 23 25 749 20 34 21 20 24 21 20 21 25 375 55 26 21 22 21
internal_value=1.443e-05 0.0282893 0.0456301 -0.0462978 0.02048 -0.0507931 -0.0507116 0.0507555 0.0507254 0.0507036 0.0506942 -0.0506831 0.0506857 0.0506833 -0.0506777 0.0506816 -0.0506788 -0.0506672 -0.05068 0.050681 -0.0506805 -0.0506804 0.0506808 0.0506807 0.0506806 0.0506809 -0.0506805 0.0506814 0.0506805 -0.0506805
internal_weight=61.3213 38.0753 31.22 23.246 1.46615 21.7798 21.3472 29.9078 28.5872 27.7614 26.6855 6.85533 25.2319 24.3698 6.68895 23.321 6.51847 0.450494 6.26664 22.5087 20.9107 6.1112 21.5869 20.7495 19.7541 3.97654 20.7456 1.79071 15.7776 20.5392
internal_count=4320 1595 731 2725 67 2658 2649 711 694 682 662 864 631 611 847 586 823 58 789 566 2631 769 543 522 497 100 2610 45 397 2584
is_linear=0
shrinkage=0.05


Tree=73
num_leaves=31
num_cat=0
split_feature=67 6 40 51 5 40 5 1 24 21 14 40 18 22 39 24 8 52 19 14 41 29 17 52 1 14 25 16 20 36
split_gain=30.527 19.8226 7.10009 2.65368 1.25048 0.0024418 0.000339991 0.000202062 0.000156176 2.10879e-05 1.18367e-05 2.77594e-06 5.49673e-07 5.60524e-07 1.20748e-07 8.16408e-08 7.68189e-08 4.86318e-08 1.1767e-08 1.02436e-08 1.87794e-09 1.72179e-09 1.53848e-09 2.01691e-10 3.18054e-10 1.15229e-10 5.50884e-11 4.87206e-11 1.28111e-11 1.98952e-12
threshold=1.5000000000000002 21.000000000000004 5.8285715579986581 1.5000000000000002 11598.000000000002 1298.497741699219 11619.500000000002 23699.500000000004 997.50000000000011 13850000.000000002 2.5229492187500004 19.145161628723148 31272.000000000004 30050000.000000004 68.500000000000014 707.50000000000011 702.47500610351574 1323.8333129882815 90.500000000000014 2.8556319475173955 2501.385375976563 1546.0000000000002 21750000.000000004 7.4166667461395273 5105459.5000000009 210582.96093750003 10750000.000000002 526180.37500000012 80150000.000000015 0.50178435444831859
decision_type=2 2 2 2 2 2 2 2 2 2 2 2 2 2 2 2 2 2 2 2 2 2 2 2 2 2 2 2 2 2
left_child=3 2 -2 5 17 6 20 -4 9 10 -9 -3 -12 15 -13 19 18 -5 21 -14 26 -16 23 24 27 28 -1 -21 29 -25
right_child=1 11 7 4 -6 -7 -8 8 -10 -11 12 14 13 -15 16 -17 -18 -19 -20 22 -22 -23 -24 25 -26 -27 -28 -29 -30 -31
leaf_value=-0.05064690686352722 -0.070842800792759772 -0.050856090563123936 0.051385751251515968 -0.050646491119182818 0.05193394011017019 -0.05455787048957185 -0.052090937467468401 0.050801345068042042 0.051300604753496827 0.050890566627805722 0.050691699269266102 -0.050601609578455137 0.050652604091673464 0.0506861898231179 -0.050646911021716361 0.0506638525963162 -0.050617548099145426 -0.050611130614899295 -0.050632491934372949 0.050648104584729403 -0.050641274478231371 -0.050641484901365275 0.0506492408476268 0.050646848470607325 0.050646895928300233 0.050647522142220382 -0.050646065426731293 0.050647583419397547 0.050646699329830513 0.050646907846007151
leaf_weight=19.557693757116812 1.2541159428656126 0.15839843731373449 1.0900061875581766 0.27976075559854396 0.96799850463867188 0.41343854740261932 0.41611160337924857 1.3838512413203812 1.0136371590197075 1.0243275724351395 0.79991659149527805 0.16226621018722642 0.8774442151188947 0.99837984889745612 5.666845615953207 0.77313682809471984 0.23969682212918986 0.14903439721092582 0.14794855145737518 0.75794866308570563 0.14955558301880856 0.15006925165653218 0.79711835831403632 1.5886864438652946 2.0805736184120178 0.75728448480367738 0.1964621702209105 1.0981618389487264 0.8319822661578663 12.597145553678272
leaf_count=2585 20 17 16 37 9 9 18 31 14 20 20 24 23 25 749 20 34 21 20 20 20 20 21 42 55 20 26 29 22 333
internal_value=1.45577e-05 0.0282652 0.0455892 -0.0462598 0.020447 -0.0507538 -0.0506764 0.0507181 0.0506916 0.0506682 0.0506592 -0.0506493 0.0506509 0.0506495 -0.0506442 0.0506479 -0.0506453 -0.0506342 -0.0506464 0.0506473 -0.0506469 -0.0506468 0.0506471 0.050647 0.0506473 0.0506469 -0.0506469 0.0506478 0.0506469 0.0506469
internal_weight=58.379 36.2489 29.7237 22.1301 1.39679 20.7333 20.3198 28.4696 27.3796 26.366 25.3416 6.52522 23.9578 23.1579 6.36683 22.1595 6.20456 0.428795 5.96486 21.3863 19.9037 5.81691 20.5089 19.7118 3.93668 15.7751 19.7542 1.85611 15.0178 14.1858
internal_count=4320 1595 731 2725 67 2658 2649 711 695 681 661 864 630 610 847 585 823 58 789 565 2631 769 542 521 104 417 2611 49 397 375
is_linear=0
shrinkage=0.05


Tree=74
num_leaves=31
num_cat=0
split_feature=67 6 40 51 5 40 5 1 24 21 14 40 18 22 39 24 8 52 19 14 40 29 17 52 1 14 25 16 20 41
split_gain=29.0148 18.8405 6.74291 2.52295 1.18767 0.00208866 0.000291605 0.000173833 0.000134086 1.81107e-05 1.01738e-05 2.3861e-06 4.72317e-07 4.81536e-07 1.03629e-07 7.01407e-08 6.59327e-08 4.17676e-08 1.01041e-08 8.79553e-09 1.61336e-09 1.47872e-09 1.32117e-09 1.72307e-10 2.71152e-10 9.88827e-11 4.76419e-11 4.22187e-11 1.10774e-11 2.089e-12
threshold=1.5000000000000002 21.000000000000004 5.8285715579986581 1.5000000000000002 11598.000000000002 1298.497741699219 11619.500000000002 23699.500000000004 997.50000000000011 13850000.000000002 2.5229492187500004 19.145161628723148 31272.000000000004 30050000.000000004 68.500000000000014 707.50000000000011 702.47500610351574 1323.8333129882815 90.500000000000014 2.8556319475173955 997.29165649414074 1546.0000000000002 21750000.000000004 7.4166667461395273 5105459.5000000009 210582.96093750003 10750000.000000002 526180.37500000012 80150000.000000015 2352.6491699218755
decision_type=2 2 2 2 2 2 2 2 2 2 2 2 2 2 2 2 2 2 2 2 2 2 2 2 2 2 2 2 2 2
left_child=3 2 -2 5 17 6 20 -4 9 10 -9 -3 -12 15 -13 19 18 -5 21 -14 26 -16 23 24 27 28 29 -21 -25 -1
right_child=1 11 7 4 -6 -7 -8 8 -10 -11 12 14 13 -15 16 -17 -18 -19 -20 22 -22 -23 -24 25 -26 -27 -28 -29 -30 -31
leaf_value=-0.050614959921319758 -0.070518524457276396 -0.050813727880299253 0.051317138851089211 -0.050614565110050691 0.051836070738328778 -0.054315866074540468 -0.051984806429235288 0.050761707687507519 0.051235636159281055 0.050846390261602474 0.050657517535678681 -0.050571943546484789 0.05062037073204384 0.05065227916567721 -0.050614961192595335 0.050631058948377827 -0.05058707770043918 -0.050580975358823992 -0.050601265560121067 0.050616096113082376 -0.050609739025407934 -0.050609806911074376 0.050617176496781213 0.050614954409046523 0.050614949841045559 0.050615543966255783 -0.050614159362991476 0.05061559884087119 0.050614762000211755 -0.050615146598415352
leaf_weight=18.456857046112439 1.1982990633696342 0.15079569583758612 1.0381972603499914 0.26628029346465953 0.92248329520225525 0.39498283714055915 0.39660530537366767 1.3173619881272411 0.96539327129721542 0.9751957431435575 0.76140466704964893 0.15444065537303675 0.83516884222627652 0.95030804723501106 5.3937869910150766 0.7358948215842237 0.22814053995534767 0.14184828754514456 0.14081767294555891 0.72142748534680068 0.14951944723725219 0.1428373847156762 0.75871063768863578 13.502283152192826 1.9803204908967016 0.72079490870237428 0.18699543224647541 1.0452472604811189 0.79189278557896692 0.15127133904024859
leaf_count=2563 20 17 16 37 9 9 18 31 14 20 20 24 23 25 749 20 34 21 20 20 21 20 21 375 55 20 26 29 22 21
internal_value=1.46783e-05 0.0282422 0.0455503 -0.0462237 0.0204157 -0.0507165 -0.050643 0.0506827 0.0506574 0.0506351 0.0506266 -0.0506173 0.0506188 0.0506175 -0.0506124 0.0506159 -0.0506134 -0.0506029 -0.0506145 0.0506153 -0.0506149 -0.0506148 0.0506151 0.050615 0.0506154 0.050615 -0.050615 0.0506158 0.0506149 -0.050615
internal_weight=55.5756 34.5087 28.2979 21.0668 1.33061 19.7362 19.3412 27.0996 26.0614 25.096 24.1208 6.21082 22.8035 22.042 6.06002 21.0917 5.90558 0.408129 5.67744 20.3558 18.9446 5.53662 19.5207 18.762 3.747 15.015 18.7951 1.76667 14.2942 18.6081
internal_count=4320 1595 731 2725 67 2658 2649 711 695 681 661 864 630 610 847 585 823 58 789 565 2631 769 542 521 104 417 2610 49 397 2584
is_linear=0
shrinkage=0.05


Tree=75
num_leaves=31
num_cat=0
split_feature=67 6 40 51 5 40 5 1 24 21 14 40 18 22 39 24 8 52 19 14 41 29 17 52 1 14 25 16 20 17
split_gain=27.5786 17.9076 6.4042 2.39873 1.12809 0.00178718 0.00025015 0.000149555 0.000115135 1.55553e-05 8.7446e-06 2.05121e-06 4.05919e-07 4.13749e-07 8.8961e-08 6.02843e-08 5.65978e-08 3.58728e-08 8.68024e-09 7.55091e-09 1.3845e-09 1.27061e-09 1.13545e-09 1.47946e-10 2.32895e-10 8.48708e-11 4.06182e-11 3.65641e-11 9.46443e-12 1.49036e-12
threshold=1.5000000000000002 21.000000000000004 5.8285715579986581 1.5000000000000002 11598.000000000002 1298.497741699219 11619.500000000002 23699.500000000004 997.50000000000011 13850000.000000002 2.5229492187500004 19.145161628723148 31272.000000000004 30050000.000000004 68.500000000000014 707.50000000000011 702.47500610351574 1323.8333129882815 90.500000000000014 2.8556319475173955 2501.385375976563 1546.0000000000002 21750000.000000004 7.4166667461395273 5105459.5000000009 210582.96093750003 10750000.000000002 526180.37500000012 80150000.000000015 4624315.7500000009
decision_type=2 2 2 2 2 2 2 2 2 2 2 2 2 2 2 2 2 2 2 2 2 2 2 2 2 2 2 2 2 2
left_child=3 2 -2 5 17 6 20 -4 9 10 -9 -3 -12 15 -13 19 18 -5 21 -14 26 -16 23 24 27 28 -1 -21 29 -25
right_child=1 11 7 4 -6 -7 -8 8 -10 -11 12 14 13 -15 16 -17 -18 -19 -20 22 -22 -23 -24 25 -26 -27 -28 -29 -30 -31
leaf_value=-0.050584606882511651 -0.070208943469102933 -0.050773495704046379 0.051251977601639145 -0.050584232132824841 0.051743318498987625 -0.054087695699259766 -0.051884262849685371 0.050724052692245086 0.051173986949445749 0.050804438128731214 0.050625047287482322 -0.050543755432887541 0.050589747160821111 0.050620065951992636 -0.050584610538298685 0.050599906499816827 -0.050558129491317418 -0.050552323764839216 -0.050571598905221393 0.050585688762542796 -0.050579525793951467 -0.050579713171053364 0.050586714572809346 0.050584609122884094 0.050584598688736493 0.050585162941949459 -0.050583847712103717 0.050585214410948071 0.050584420762902031 0.050584555130785726
leaf_weight=17.717778392601776 1.1447566933929945 0.14355210168287058 0.98878769204020756 0.25344170443713554 0.87902648001909256 0.37726416438817878 0.37797525152563949 1.2540202513337231 0.91938886046409507 0.92838155850767989 0.7247233428061034 0.14698835974559177 0.79490592330695165 0.90452173352241416 5.1337298736907542 0.7004249207675447 0.21713512018322934 0.13500481052324176 0.13402651203796256 0.68664517253637958 0.13548388658091326 0.13594992505386461 0.72213152423500915 11.412052471190686 1.8848408535122869 0.68604272976517755 0.17797945626079936 0.99485208839178085 0.75371215119958002 1.4392284676432598
leaf_count=2585 20 17 16 37 9 9 18 31 14 20 20 24 23 25 749 20 34 21 20 20 20 20 21 333 55 20 26 29 22 42
internal_value=1.47931e-05 0.0282204 0.0455133 -0.0461894 0.0203861 -0.0506811 -0.0506112 0.050649 0.0506249 0.0506038 0.0505957 -0.0505868 0.0505883 0.050587 -0.0505822 0.0505855 -0.0505832 -0.0505731 -0.0505842 0.050585 -0.0505846 -0.0505845 0.0505848 0.0505847 0.050585 0.0505846 -0.0505846 0.0505854 0.0505846 0.0505846
internal_weight=52.9048 32.8508 26.9394 20.054 1.26747 18.7865 18.4092 25.7947 24.8059 23.8865 22.9581 5.91138 21.7041 20.9794 5.76783 20.0748 5.62084 0.388447 5.40371 19.3744 18.0312 5.26968 18.5795 17.8574 3.56634 14.291 17.8958 1.6815 13.605 12.8513
internal_count=4320 1595 731 2725 67 2658 2649 711 695 681 661 864 630 610 847 585 823 58 789 565 2631 769 542 521 104 417 2611 49 397 375
is_linear=0
shrinkage=0.05


Tree=76
num_leaves=31
num_cat=0
split_feature=67 6 40 51 5 40 5 1 24 21 14 40 18 22 39 24 8 52 19 14 41 29 17 52 1 14 25 16 20 36
split_gain=26.2144 17.0216 6.08287 2.28068 1.07159 0.00152968 0.000214624 0.000128669 9.88752e-05 1.33618e-05 7.51735e-06 1.76332e-06 3.48935e-07 3.55535e-07 7.63863e-08 5.18267e-08 4.86017e-08 3.08146e-08 7.46059e-09 6.49453e-09 1.19119e-09 1.09326e-09 9.76552e-10 1.28381e-10 2.01223e-10 7.34701e-11 3.51577e-11 3.11167e-11 8.06288e-12 1.24878e-12
threshold=1.5000000000000002 21.000000000000004 5.8285715579986581 1.5000000000000002 11598.000000000002 1298.497741699219 11619.500000000002 23699.500000000004 997.50000000000011 13850000.000000002 2.5229492187500004 19.145161628723148 31272.000000000004 30050000.000000004 68.500000000000014 707.50000000000011 702.47500610351574 1323.8333129882815 90.500000000000014 2.8556319475173955 2501.385375976563 1546.0000000000002 21750000.000000004 7.4166667461395273 5105459.5000000009 210582.96093750003 10750000.000000002 526180.37500000012 80150000.000000015 0.50178435444831859
decision_type=2 2 2 2 2 2 2 2 2 2 2 2 2 2 2 2 2 2 2 2 2 2 2 2 2 2 2 2 2 2
left_child=3 2 -2 5 17 6 20 -4 9 10 -9 -3 -12 15 -13 19 18 -5 21 -14 26 -16 23 24 27 28 -1 -21 29 -25
right_child=1 11 7 4 -6 -7 -8 8 -10 -11 12 14 13 -15 16 -17 -18 -19 -20 22 -22 -23 -24 25 -26 -27 -28 -29 -30 -31
leaf_value=-0.050555772630884205 -0.069909444244812657 -0.050735273942283887 0.051190082418904992 -0.050555415608550737 0.051655406503550765 -0.053872478208486396 -0.051788992151497383 0.050688288151330696 0.051115480274970759 0.050764596103171411 0.050594201546827117 -0.050516969480411816 0.050560655781309617 0.050589461813666595 -0.050555775785603989 0.050570310186257232 -0.050530621768657136 -0.050525101733394556 -0.050543410783259024 0.050556798488962898 -0.050550941592126225 -0.050551119325018101 0.050557772876954593 0.050555720294827272 0.050555761902032509 0.050556299269698929 -0.050555048680653837 0.05055634994544466 0.050555592755574363 0.050555770913135727
leaf_weight=16.863042274490017 1.0934739373624385 0.13665125705301662 0.94167251512408512 0.24121515825390705 0.83754296600818634 0.36026217788457771 0.36018587462603946 1.1936813890934086 0.87552549317479034 0.88377944380044837 0.68978786468506115 0.13989191805012513 0.75656201317907346 0.86091506108641525 4.8860699236392975 0.66664489358663459 0.20665491465479124 0.12848799349740148 0.12755926838144649 0.65352092683315921 0.12894729292020102 0.12939087115228165 0.68729605153202911 1.3697976060211612 1.7939129136502741 0.65294721350073892 0.16939330566674371 0.94685927405953407 0.71735168248415071 10.861515887081621
leaf_count=2585 20 17 16 37 9 9 18 31 14 20 20 24 23 25 749 20 34 21 20 20 20 20 21 42 55 20 26 29 22 333
internal_value=1.49047e-05 0.0281996 0.0454779 -0.0461568 0.0203579 -0.0506474 -0.0505811 0.0506169 0.0505941 0.050574 0.0505663 -0.0505579 0.0505592 0.050558 -0.0505534 0.0505566 -0.0505544 -0.0505449 -0.0505554 0.0505561 -0.0505557 -0.0505557 0.0505559 0.0505559 0.0505561 0.0505558 -0.0505558 0.0505565 0.0505558 0.0505558
internal_weight=50.3605 31.2715 25.6452 19.0891 1.20725 17.8818 17.5216 24.5518 23.6101 22.7346 21.8508 5.62622 20.6571 19.9673 5.48957 19.1064 5.34967 0.369703 5.14302 18.4398 17.1614 5.01546 17.6832 16.9959 3.39429 13.6016 17.0324 1.60038 12.9487 12.2313
internal_count=4320 1595 731 2725 67 2658 2649 711 695 681 661 864 630 610 847 585 823 58 789 565 2631 769 542 521 104 417 2611 49 397 375
is_linear=0
shrinkage=0.05


Tree=77
num_leaves=31
num_cat=0
split_feature=67 6 40 51 5 40 5 1 24 21 14 40 18 22 39 24 8 52 19 14 40 29 17 52 1 14 25 16 20 41
split_gain=24.9185 16.18 5.77793 2.16849 1.01799 0.00130966 0.000184173 0.000110704 8.49207e-05 1.14789e-05 6.46249e-06 1.51595e-06 2.99913e-07 3.05523e-07 6.55839e-08 4.45466e-08 4.17275e-08 2.647e-08 6.41246e-09 5.58068e-09 1.02387e-09 9.39059e-10 8.39194e-10 1.09409e-10 1.7293e-10 6.29576e-11 3.02478e-11 2.70597e-11 6.94378e-12 1.36069e-12
threshold=1.5000000000000002 21.000000000000004 5.8285715579986581 1.5000000000000002 11598.000000000002 1298.497741699219 11619.500000000002 23699.500000000004 997.50000000000011 13850000.000000002 2.5229492187500004 19.145161628723148 31272.000000000004 30050000.000000004 68.500000000000014 707.50000000000011 702.47500610351574 1323.8333129882815 90.500000000000014 2.8556319475173955 997.29165649414074 1546.0000000000002 21750000.000000004 7.4166667461395273 5105459.5000000009 210582.96093750003 10750000.000000002 526180.37500000012 80150000.000000015 2352.6491699218755
decision_type=2 2 2 2 2 2 2 2 2 2 2 2 2 2 2 2 2 2 2 2 2 2 2 2 2 2 2 2 2 2
left_child=3 2 -2 5 17 6 20 -4 9 10 -9 -3 -12 15 -13 19 18 -5 21 -14 26 -16 23 24 27 28 29 -21 -25 -1
right_child=1 11 7 4 -6 -7 -8 8 -10 -11 12 14 13 -15 16 -17 -18 -19 -20 22 -22 -23 -24 25 -26 -27 -28 -29 -30 -31
leaf_value=-0.050528373801477747 -0.069615781555000047 -0.050698964250911617 0.051131289632331649 -0.050528034072754552 0.051572067832502733 -0.053669379176378575 -0.051698702013490666 0.050654309475670303 0.051059948171854531 0.050726758339162827 0.050564892237970595 -0.050491518094122972 0.050533013305226998 0.050560385042093065 -0.050528377225620071 0.050542188671912402 -0.050504485701177465 -0.050499234458850906 -0.050516626524435254 0.050529348593667506 -0.050523894445908525 -0.050523953543272521 0.05053027405156596 0.050528366665178771 0.05052836207807615 0.05052887337854927 -0.050527686782712071 0.050528919835692666 0.050528202617604351 -0.050528535926324905
leaf_weight=15.912499651312846 1.0444221142679513 0.13007744168862601 0.89675059542060154 0.22957216296344884 0.79795047640800476 0.34395602345466514 0.34320268034934898 1.1362073346972561 0.83370854333042999 0.84128827601671119 0.65651724673807876 0.13313469546847034 0.72004779055715573 0.81938680820166965 4.6502301511354744 0.63447615876793761 0.19667540374211956 0.12228258978575468 0.1214008405804633 0.6219775211066072 0.12890465930104156 0.12314491439610709 0.65412305109202762 11.640935149043793 1.7073247600346801 0.62143121846020299 0.16121695516630907 0.90115699730813503 0.68272659182548601 0.13041907222941596
leaf_count=2563 20 17 16 37 9 9 18 31 14 20 20 24 23 25 749 20 34 21 20 20 21 20 21 375 55 20 26 29 22 21
internal_value=1.5016e-05 0.0281796 0.045444 -0.0461259 0.0203312 -0.0506154 -0.0505524 0.0505865 0.0505648 0.0505457 0.0505384 -0.0505304 0.0505317 0.0505305 -0.0505262 0.0505292 -0.0505271 -0.050518 -0.050528 0.0505287 -0.0505283 -0.0505283 0.0505285 0.0505284 0.0505287 0.0505284 -0.0505284 0.0505291 0.0505284 -0.0505284
internal_weight=47.9371 29.7671 24.4125 18.17 1.14981 17.0202 16.6762 23.3681 22.4713 21.6376 20.7963 5.35466 19.6601 19.0036 5.22459 18.1842 5.09145 0.351855 4.89478 17.5497 16.333 4.77338 16.8297 16.1756 3.23046 12.9451 16.2041 1.52313 12.3237 16.0429
internal_count=4320 1595 731 2725 67 2658 2649 711 695 681 661 864 630 610 847 585 823 58 789 565 2631 769 542 521 104 417 2610 49 397 2584
is_linear=0
shrinkage=0.05


Tree=78
num_leaves=31
num_cat=0
split_feature=67 6 40 51 5 40 5 1 24 21 14 40 18 22 39 24 8 52 19 14 40 29 17 52 1 14 25 16 20 41
split_gain=23.6875 15.3803 5.48845 2.06186 0.96713 0.0011216 0.000158066 9.52493e-05 7.29436e-05 9.86254e-06 5.55573e-06 1.30344e-06 2.57804e-07 2.62551e-07 5.6313e-08 3.82825e-08 3.58238e-08 2.2742e-08 5.5067e-09 4.79436e-09 8.78467e-10 8.0602e-10 7.2075e-10 9.43636e-11 1.48494e-10 5.39568e-11 2.5695e-11 2.29401e-11 6.01652e-12 1.23279e-12
threshold=1.5000000000000002 21.000000000000004 5.8285715579986581 1.5000000000000002 11598.000000000002 1298.497741699219 11619.500000000002 23699.500000000004 997.50000000000011 13850000.000000002 2.5229492187500004 19.145161628723148 31272.000000000004 30050000.000000004 68.500000000000014 707.50000000000011 702.47500610351574 1323.8333129882815 90.500000000000014 2.8556319475173955 997.29165649414074 1546.0000000000002 21750000.000000004 7.4166667461395273 5105459.5000000009 210582.96093750003 10750000.000000002 526180.37500000012 80150000.000000015 2352.6491699218755
decision_type=2 2 2 2 2 2 2 2 2 2 2 2 2 2 2 2 2 2 2 2 2 2 2 2 2 2 2 2 2 2
left_child=3 2 -2 5 17 6 20 -4 9 10 -9 -3 -12 15 -13 19 18 -5 21 -14 26 -16 23 24 27 28 29 -21 -25 -1
right_child=1 11 7 4 -6 -7 -8 8 -10 -11 12 14 13 -15 16 -17 -18 -19 -20 22 -22 -23 -24 25 -26 -27 -28 -29 -30 -31
leaf_value=-0.050502335899526143 -0.069324103536197265 -0.050664470935493505 0.05107543680355156 -0.050502015626970168 0.051493048936674828 -0.053477634934978063 -0.051613110552695102 0.050622025574392805 0.051007235312193679 0.050690821173293335 0.050537045218788837 -0.050467328543662981 0.050506747854560476 0.050532757707419433 -0.050502339607697039 0.0505154674139906 -0.050479647657018234 -0.05047465181215835 -0.050491177494538679 0.050503264831851906 -0.050498082874099438 -0.050498138541885784 0.050504145055309271 0.050502333039755744 0.050502329301430331 0.050502813831320471 -0.050501686934585878 0.050502860164332912 0.050502176495901267 -0.050502494079673714
leaf_weight=15.144045032095161 0.99756035767496243 0.12381560681387682 0.85392481461167591 0.21848546341061481 0.76016934961080551 0.32832454517483789 0.32699219696223814 1.0814657025039291 0.7938469909131517 0.80081121623515983 0.62483396194875496 0.1267008096911012 0.68527786247433198 0.77984021976590057 4.4256587964482605 0.60384359210729499 0.18717316049151111 0.11637401627376676 0.11553678801283229 0.59194117598235718 0.12267899606376964 0.11719743814319361 0.62253488600254137 11.078764280304307 1.6248736158013342 0.59142098389566022 0.15343126840889532 0.85763824358582497 0.64975586533546525 0.12412081426009614
leaf_count=2563 20 17 16 37 9 9 18 31 14 20 20 24 23 25 749 20 34 21 20 20 21 20 21 375 55 20 26 29 22 21
internal_value=1.5129e-05 0.0281605 0.0454114 -0.0460965 0.0203059 -0.050585 -0.0505252 0.0505576 0.0505369 0.0505188 0.0505118 -0.0505042 0.0505055 0.0505044 -0.0505002 0.0505031 -0.0505011 -0.0504925 -0.050502 0.0505027 -0.0505023 -0.0505022 0.0505025 0.0505024 0.0505027 0.0505023 -0.0505023 0.050503 0.0505023 -0.0505023
internal_weight=45.629 28.3344 23.2383 17.2946 1.09503 16.1996 15.8713 22.2408 21.3868 20.593 19.7922 5.09608 18.7107 18.0859 4.97227 17.3061 4.84557 0.334859 4.65839 16.7022 15.5443 4.54286 16.0169 15.3944 3.07445 12.3199 15.4216 1.44958 11.7285 15.2682
internal_count=4320 1595 731 2725 67 2658 2649 711 695 681 661 864 630 610 847 585 823 58 789 565 2631 769 542 521 104 417 2610 49 397 2584
is_linear=0
shrinkage=0.05


Tree=79
num_leaves=31
num_cat=0
split_feature=67 6 40 51 5 40 5 1 24 21 14 40 18 22 39 24 8 52 19 14 41 29 17 52 1 15 25 16 20 17
split_gain=22.5179 14.6206 5.21358 1.96052 0.918871 0.000960782 0.000135678 8.19544e-05 6.26617e-05 8.47397e-06 4.7767e-06 1.12073e-06 2.2164e-07 2.2566e-07 4.83686e-08 3.29138e-08 3.0772e-08 1.95371e-08 4.73386e-09 4.12123e-09 7.56231e-10 6.93199e-10 6.19552e-10 8.09042e-11 1.2766e-10 4.63505e-11 2.21316e-11 1.97236e-11 5.16032e-12 8.11795e-13
threshold=1.5000000000000002 21.000000000000004 5.8285715579986581 1.5000000000000002 11598.000000000002 1298.497741699219 11619.500000000002 23699.500000000004 997.50000000000011 13850000.000000002 2.5229492187500004 19.145161628723148 31272.000000000004 30050000.000000004 68.500000000000014 707.50000000000011 702.47500610351574 1323.8333129882815 90.500000000000014 2.8556319475173955 2501.385375976563 1546.0000000000002 21750000.000000004 7.4166667461395273 5105459.5000000009 143.40257263183597 10750000.000000002 526180.37500000012 80150000.000000015 4624315.7500000009
decision_type=2 2 2 2 2 2 2 2 2 2 2 2 2 2 2 2 2 2 2 2 2 2 2 2 2 2 2 2 2 2
left_child=3 2 -2 5 17 6 20 -4 9 10 -9 -3 -12 15 -13 19 18 -5 21 -14 26 -16 23 24 27 28 -1 -21 29 -25
right_child=1 11 7 4 -6 -7 -8 8 -10 -11 12 14 13 -15 16 -17 -18 -19 -20 22 -22 -23 -24 25 -26 -27 -28 -29 -30 -31
leaf_value=-0.050477598650512628 -0.069030973906450119 -0.050631699108495513 0.051022375928090252 -0.05047729228286605 0.051418112029928909 -0.053296540799951081 -0.05153196362721129 0.050591354074005203 0.050957190632055893 0.050656678658583455 0.050510585679417089 -0.05044433964170341 0.050481789653906955 0.050506507037574977 -0.050477601437475074 0.050490077713784123 -0.050456042608646723 -0.050451293685607405 -0.050466992656390076 0.050478479163672832 -0.050473452718327261 -0.050473607788106334 0.050479315985039269 0.050477598863155504 0.050477589985841204 0.05047805074926727 -0.050476980005960716 0.050478094532772404 0.05047744534722292 0.050477554885141745
leaf_weight=14.53606648696586 0.9528373982757391 0.11785135697573323 0.81310182809829967 0.20792902912944444 0.72412267327308655 0.31334631890058595 0.31152203120291311 1.0293299593031502 0.75585350394248862 0.76225564256310363 0.59466395340860145 0.12057507783174504 0.65217060782015757 0.74218280427157779 4.2118279030546546 0.57467534393072206 0.17812580871395756 0.11074835062026978 0.1099533331580459 0.56334136426448578 0.11115117184817869 0.11153446650132526 0.59245742857456285 9.3627062141895241 1.5463660284876821 0.56284582987427789 0.14601797563955266 0.81620088033378124 0.61836208216846067 1.1807752568274725
leaf_count=2585 20 17 16 37 9 9 18 31 14 20 20 24 23 25 749 20 34 21 20 20 20 20 21 333 55 20 26 29 22 42
internal_value=1.52452e-05 0.0281421 0.04538 -0.0460686 0.0202819 -0.0505562 -0.0504993 0.0505301 0.0505105 0.0504932 0.0504866 -0.0504794 0.0504806 0.0504795 -0.0504756 0.0504783 -0.0504764 -0.0504683 -0.0504772 0.0504779 -0.0504776 -0.0504775 0.0504777 0.0504777 0.0504779 0.0504776 -0.0504776 0.0504783 0.0504776 0.0504776
internal_weight=43.4309 26.97 22.1201 16.4609 1.0428 15.4181 15.1048 21.1673 20.3542 19.5983 18.8361 4.84987 17.8067 17.2121 4.73202 16.4699 4.61144 0.318677 4.43332 15.8952 14.7932 4.32336 15.2431 14.6506 2.92591 11.7247 14.6821 1.37954 11.1618 10.5435
internal_count=4320 1595 731 2725 67 2658 2649 711 695 681 661 864 630 610 847 585 823 58 789 565 2631 769 542 521 104 417 2611 49 397 375
is_linear=0
shrinkage=0.05


Tree=80
num_leaves=31
num_cat=0
split_feature=67 6 40 51 5 40 5 1 24 21 14 40 18 22 39 24 8 52 19 14 41 29 17 52 1 14 25 16 20 17
split_gain=21.4067 13.8987 4.95253 1.86419 0.873072 0.000823233 0.000116479 7.05165e-05 5.3834e-05 7.28176e-06 4.10704e-06 9.63658e-07 1.90542e-07 1.9396e-07 4.15483e-08 2.82926e-08 2.64356e-08 1.67874e-08 4.06801e-09 3.54312e-09 6.49367e-10 5.95664e-10 5.31884e-10 6.94325e-11 1.09607e-10 3.9817e-11 1.91633e-11 1.70466e-11 4.43556e-12 7.14095e-13
threshold=1.5000000000000002 21.000000000000004 5.8285715579986581 1.5000000000000002 11598.000000000002 1298.497741699219 11619.500000000002 23699.500000000004 997.50000000000011 13850000.000000002 2.5229492187500004 19.145161628723148 31272.000000000004 30050000.000000004 68.500000000000014 707.50000000000011 702.47500610351574 1323.8333129882815 90.500000000000014 2.8556319475173955 2501.385375976563 1546.0000000000002 21750000.000000004 7.4166667461395273 5105459.5000000009 210582.96093750003 10750000.000000002 526180.37500000012 80150000.000000015 4624315.7500000009
decision_type=2 2 2 2 2 2 2 2 2 2 2 2 2 2 2 2 2 2 2 2 2 2 2 2 2 2 2 2 2 2
left_child=3 2 -2 5 17 6 20 -4 9 10 -9 -3 -12 15 -13 19 18 -5 21 -14 26 -16 23 24 27 28 -1 -21 29 -25
right_child=1 11 7 4 -6 -7 -8 8 -10 -11 12 14 13 -15 16 -17 -18 -19 -20 22 -22 -23 -24 25 -26 -27 -28 -29 -30 -31
leaf_value=-0.05045409007789893 -0.068733385853825546 -0.05060055858964211 0.050971962110724293 -0.050453797746403822 0.051347042331241211 -0.053125453085488744 -0.051455021590671807 0.050562209621524669 0.050909674647617656 0.050624247264139235 0.050485441050418814 -0.050422491221034052 0.050458072388284286 0.050481562025999571 -0.050454092689853153 0.050465949020851178 -0.050433609087208835 -0.050429093391727686 -0.050444011557527528 0.050454926074549933 -0.050450151836680127 -0.050450297782384114 0.050455720172911715 0.050454089340550227 0.050454080782429502 0.05045451859933886 -0.050453499963430973 0.050454559527573842 0.050453943388106437 0.050454047008938588
leaf_weight=13.833414788823564 0.91019318066537991 0.11217093095183273 0.77419206872582691 0.1978779900819071 0.68973615020513535 0.29899988695979196 0.29676086269319135 0.97967908717692864 0.7196442149579515 0.72553278133273025 0.56593647599220531 0.1147430061828344 0.62064812518656154 0.70632617920637208 4.0082344161346555 0.54690286703407842 0.16951197641901661 0.10539229726418853 0.10463729314506043 0.53611073270439857 0.10577786853537041 0.10614265128970135 0.56381984055042345 8.9101266954094118 1.4716169610619543 0.53563917055726129 0.13895960291847664 0.7767473142594099 0.58847128972411233 1.1236982904374588
leaf_count=2585 20 17 16 37 9 9 18 31 14 20 20 24 23 25 749 20 34 21 20 20 20 20 21 333 55 20 26 29 22 42
internal_value=1.53651e-05 0.0281243 0.0453495 -0.046042 0.0202591 -0.0505287 -0.0504747 0.050504 0.0504853 0.050469 0.0504627 -0.0504558 0.0504569 0.0504559 -0.0504522 0.0504548 -0.050453 -0.0504452 -0.0504537 0.0504544 -0.0504541 -0.050454 0.0504542 0.0504542 0.0504544 0.0504541 -0.0504541 0.0504547 0.0504541 0.0504541
internal_weight=41.3376 25.6707 21.0553 15.6669 0.993006 14.6739 14.3749 20.1451 19.3709 18.6513 17.9257 4.61544 16.946 16.3801 4.50327 15.6738 4.38853 0.30327 4.21901 15.1269 14.0782 4.11438 14.5062 13.9424 2.78448 11.1579 13.9724 1.31286 10.6223 10.0338
internal_count=4320 1595 731 2725 67 2658 2649 711 695 681 661 864 630 610 847 585 823 58 789 565 2631 769 542 521 104 417 2611 49 397 375
is_linear=0
shrinkage=0.05


Tree=81
num_leaves=31
num_cat=0
split_feature=67 6 40 51 5 40 5 1 24 21 14 40 18 22 39 24 8 52 19 14 40 29 17 52 1 14 25 16 20 41
split_gain=20.3509 13.2128 4.70455 1.77263 0.829603 0.000705537 0.000100008 6.06761e-05 4.62547e-05 6.25788e-06 3.5315e-06 8.28663e-07 1.63822e-07 1.66726e-07 3.56873e-08 2.43259e-08 2.2705e-08 1.44301e-08 3.49755e-09 3.04441e-09 5.5703e-10 5.11986e-10 4.57696e-10 6.02256e-11 9.37632e-11 3.4289e-11 1.64171e-11 1.4597e-11 3.80851e-12 8.3844e-13
threshold=1.5000000000000002 21.000000000000004 5.8285715579986581 1.5000000000000002 11598.000000000002 1298.497741699219 11619.500000000002 23699.500000000004 997.50000000000011 13850000.000000002 2.5229492187500004 19.145161628723148 31272.000000000004 30050000.000000004 68.500000000000014 707.50000000000011 702.47500610351574 1323.8333129882815 90.500000000000014 2.8556319475173955 997.29165649414074 1546.0000000000002 21750000.000000004 7.4166667461395273 5105459.5000000009 210582.96093750003 10750000.000000002 526180.37500000012 80150000.000000015 2352.6491699218755
decision_type=2 2 2 2 2 2 2 2 2 2 2 2 2 2 2 2 2 2 2 2 2 2 2 2 2 2 2 2 2 2
left_child=3 2 -2 5 17 6 20 -4 9 10 -9 -3 -12 15 -13 19 18 -5 21 -14 26 -16 23 24 27 28 29 -21 -25 -1
right_child=1 11 7 4 -6 -7 -8 8 -10 -11 12 14 13 -15 16 -17 -18 -19 -20 22 -22 -23 -24 25 -26 -27 -28 -29 -30 -31
leaf_value=-0.05043174347592632 -0.068428800588286362 -0.050570970465880438 0.050924060951026334 -0.050431471373627627 0.051279619866219817 -0.052963743287752565 -0.051382042965579723 0.050534516331805418 0.050864558723979214 0.050593437465871506 0.050461546195611787 -0.050401727415261832 0.050435531588134602 0.050457856738219821 -0.050431750744434761 0.050443019563591387 -0.050412290713272391 -0.050407992141329606 -0.05042216854442523 0.05043254183022338 -0.050428095498428652 -0.050428144181643722 0.050433297543164418 0.050431742016996739 0.050431740294243514 0.050432154878992712 -0.05043118473202346 0.050432194129281419 0.050431607870956921 -0.050431883974761206
leaf_weight=13.052384789567428 0.86956022121012821 0.10676114493980904 0.73710952326655643 0.18830859661102373 0.65693816542625427 0.28526392579078752 0.28267847746610719 0.93239738419652951 0.68513862788677116 0.69055782817304034 0.53858391568064945 0.10919075738638628 0.59063593856989882 0.6721859313547619 3.814397055190057 0.52046061679720956 0.16131125018000592 0.10029316088184714 0.099576103501021751 0.51018493436276668 0.10573292803019363 0.10100924968719471 0.53655446320772249 9.5485912859439797 1.4004498589783905 0.50973597913980562 0.13223947491496879 0.73918430507183075 0.56001286767423231 0.10697830235585648
leaf_count=2563 20 17 16 37 9 9 18 31 14 20 20 24 23 25 749 20 34 21 20 20 21 20 21 375 55 20 26 29 22 21
internal_value=1.54928e-05 0.0281071 0.04532 -0.0460168 0.0202374 -0.0505027 -0.0504513 0.0504792 0.0504614 0.0504459 0.0504399 -0.0504334 0.0504344 0.0504335 -0.0504299 0.0504324 -0.0504307 -0.0504233 -0.0504314 0.050432 -0.0504317 -0.0504317 0.0504319 0.0504318 0.050432 0.0504318 -0.0504317 0.0504323 0.0504317 -0.0504317
internal_weight=39.3444 24.4336 20.0413 14.9108 0.94554 13.9653 13.68 19.1718 18.4347 17.7495 17.059 4.39225 16.1266 15.588 4.28548 14.9158 4.17629 0.288602 4.01498 14.3953 13.3973 3.91541 13.8047 13.2682 2.64982 10.6183 13.2916 1.24937 10.1086 13.1594
internal_count=4320 1595 731 2725 67 2658 2649 711 695 681 661 864 630 610 847 585 823 58 789 565 2631 769 542 521 104 417 2610 49 397 2584
is_linear=0
shrinkage=0.05


Tree=82
num_leaves=31
num_cat=0
split_feature=67 6 40 51 5 40 5 1 24 21 14 40 18 22 39 24 8 52 19 14 41 29 17 52 1 14 25 16 20 17
split_gain=19.3476 12.5609 4.46895 1.6856 0.788341 0.000604799 8.58777e-05 5.22096e-05 3.97455e-05 5.37829e-06 3.03677e-06 7.12621e-07 1.40847e-07 1.43319e-07 3.06564e-08 2.09133e-08 1.95045e-08 1.23988e-08 3.00485e-09 2.61654e-09 4.79032e-10 4.39832e-10 3.92703e-10 5.14966e-11 8.07718e-11 2.93809e-11 1.40403e-11 1.25404e-11 3.2756e-12 5.22249e-13
threshold=1.5000000000000002 21.000000000000004 5.8285715579986581 1.5000000000000002 11598.000000000002 1298.497741699219 11619.500000000002 23699.500000000004 997.50000000000011 13850000.000000002 2.5229492187500004 19.145161628723148 31272.000000000004 30050000.000000004 68.500000000000014 707.50000000000011 702.47500610351574 1323.8333129882815 90.500000000000014 2.8556319475173955 2501.385375976563 1546.0000000000002 21750000.000000004 7.4166667461395273 5105459.5000000009 210582.96093750003 10750000.000000002 526180.37500000012 80150000.000000015 4624315.7500000009
decision_type=2 2 2 2 2 2 2 2 2 2 2 2 2 2 2 2 2 2 2 2 2 2 2 2 2 2 2 2 2 2
left_child=3 2 -2 5 17 6 20 -4 9 10 -9 -3 -12 15 -13 19 18 -5 21 -14 26 -16 23 24 27 28 -1 -21 29 -25
right_child=1 11 7 4 -6 -7 -8 8 -10 -11 12 14 13 -15 16 -17 -18 -19 -20 22 -22 -23 -24 25 -26 -27 -28 -29 -30 -31
leaf_value=-0.050410512091264063 -0.068115138366369773 -0.050542852574011671 0.050878543979174656 -0.050410250592762197 0.051215651142048471 -0.052810856298690791 -0.051312828090280739 0.050508201071511105 0.050821714724718914 0.050564165171080006 0.050438837839160269 -0.050381988900289137 0.050414110576288411 0.050435328993794382 -0.050410514658664599 0.050421228229537221 -0.050392025293574443 -0.050387940091423715 -0.05040140997494541 0.050411269122781682 -0.050406957645740914 -0.050407087948593512 0.050411986311913841 0.050410513649256111 0.050410506774071218 0.050410901148172628 -0.050409981346225569 0.050410938754481549 0.050410381841065693 0.05041047566306181
leaf_weight=12.527538895141323 0.83086525090039387 0.1016094102524211 0.70177171379328029 0.17919817939400751 0.62565971910953522 0.27211714535951692 0.2692456394433983 0.88737426325679791 0.65225957706570525 0.65724959224462409 0.51254169642925163 0.10390512621961523 0.56206299550830863 0.63968143612146455 3.6298564886674298 0.49528602883219797 0.153504158835858 0.09543881518766284 0.094757745042443164 0.48550254851579422 0.09579140390269536 0.096122095361351856 0.51059670746326524 8.0690095108002371 1.332696074619889 0.48507514037191946 0.12584165902808386 0.70342286117374897 0.53291936777532178 1.0176208801567543
leaf_count=2585 20 17 16 37 9 9 18 31 14 20 20 24 23 25 749 20 34 21 20 20 20 20 21 333 55 20 26 29 22 42
internal_value=1.56265e-05 0.0280904 0.0452912 -0.0459929 0.0202169 -0.0504779 -0.0504291 0.0504557 0.0504387 0.0504239 0.0504183 -0.0504121 0.0504131 0.0504122 -0.0504088 0.0504111 -0.0504095 -0.0504025 -0.0504102 0.0504108 -0.0504105 -0.0504104 0.0504106 0.0504106 0.0504108 0.0504105 -0.0504105 0.0504111 0.0504105 0.0504105
internal_weight=37.4465 23.2557 19.0759 14.1908 0.900297 13.2905 13.0184 18.2451 17.5433 16.891 16.2338 4.17976 15.3464 14.8339 4.07815 14.1942 3.97424 0.274637 3.82074 13.6989 12.7492 3.72598 13.1368 12.6262 2.52162 10.1046 12.6534 1.18893 9.61955 9.08663
internal_count=4320 1595 731 2725 67 2658 2649 711 695 681 661 864 630 610 847 585 823 58 789 565 2631 769 542 521 104 417 2611 49 397 375
is_linear=0
shrinkage=0.05


Tree=83
num_leaves=31
num_cat=0
split_feature=67 6 40 51 5 40 5 1 24 21 14 40 18 22 39 24 8 52 19 14 40 29 17 52 1 14 25 16 20 41
split_gain=18.3941 11.9414 4.24511 1.60287 0.749169 0.000518553 7.37521e-05 4.49256e-05 3.41553e-05 4.62258e-06 2.61146e-06 6.1286e-07 1.21112e-07 1.23214e-07 2.63373e-08 1.79811e-08 1.6756e-08 1.06577e-08 2.5833e-09 2.24947e-09 4.11987e-10 3.77842e-10 3.37941e-10 4.38956e-11 6.93827e-11 2.51941e-11 1.2113e-11 1.08851e-11 2.85816e-12 5.91527e-13
threshold=1.5000000000000002 21.000000000000004 5.8285715579986581 1.5000000000000002 11598.000000000002 1298.497741699219 11619.500000000002 23699.500000000004 997.50000000000011 13850000.000000002 2.5229492187500004 19.145161628723148 31272.000000000004 30050000.000000004 68.500000000000014 707.50000000000011 702.47500610351574 1323.8333129882815 90.500000000000014 2.8556319475173955 997.29165649414074 1546.0000000000002 21750000.000000004 7.4166667461395273 5105459.5000000009 210582.96093750003 10750000.000000002 526180.37500000012 80150000.000000015 2352.6491699218755
decision_type=2 2 2 2 2 2 2 2 2 2 2 2 2 2 2 2 2 2 2 2 2 2 2 2 2 2 2 2 2 2
left_child=3 2 -2 5 17 6 20 -4 9 10 -9 -3 -12 15 -13 19 18 -5 21 -14 26 -16 23 24 27 28 29 -21 -25 -1
right_child=1 11 7 4 -6 -7 -8 8 -10 -11 12 14 13 -15 16 -17 -18 -19 -20 22 -22 -23 -24 25 -26 -27 -28 -29 -30 -31
leaf_value=-0.05039032967303745 -0.067790807817042414 -0.050516133545319836 0.05083529167702025 -0.050390082229418258 0.051154959348275866 -0.052666263706090233 -0.051247162292655482 0.050483191946022223 0.050781026457564216 0.050536350371231754 0.050417256412620487 -0.050363228129691733 0.050393751154508337 0.050413918997845752 -0.050390332586982702 0.050400516874854008 -0.05037276477437426 -0.05036887774354435 -0.050381678658043771 0.050391050303520382 -0.050387032810847478 -0.050387076752552051 0.050391732690012764 0.050390328511806005 0.050390325026979245 0.050390700344939254 -0.050389825363485997 0.050390734779911586 0.050390206393833917 -0.050390453681309538
leaf_weight=11.819748163688915 0.79403051175177708 0.096703696064650457 0.66809954121709125 0.17052508890628892 0.59583422541618347 0.25953854061663229 0.25643426645547229 0.84450411982834772 0.62093310430645843 0.62553057447075922 0.48774817772209544 0.098873503739014601 0.53486142121254943 0.60873570665717203 3.4541742876172079 0.4713193569332369 0.14607209363020945 0.090817698277533054 0.090170767158269771 0.46200494281947369 0.09574682358652431 0.091469562146812566 0.48588490858674127 8.6468444783240503 1.2681946214288471 0.46159805357456285 0.1197509611956783 0.66937803477048874 0.50712642818689424 0.09687583567574698
leaf_count=2563 20 17 16 37 9 9 18 31 14 20 20 24 23 25 749 20 34 21 20 20 21 20 21 375 55 20 26 29 22 21
internal_value=1.57687e-05 0.0280742 0.0452631 -0.0459701 0.0201974 -0.0504544 -0.050408 0.0504332 0.0504172 0.0504031 0.0503977 -0.0503918 0.0503928 0.0503919 -0.0503887 0.0503909 -0.0503894 -0.0503827 -0.05039 0.0503906 -0.0503903 -0.0503902 0.0503904 0.0503904 0.0503906 0.0503903 -0.0503903 0.0503909 0.0503903 -0.0503903
internal_weight=35.6395 22.1343 18.1568 13.5053 0.857177 12.6481 12.3886 17.3628 16.6947 16.0737 15.4482 3.97746 14.6037 14.1159 3.88076 13.5072 3.78189 0.261343 3.63581 13.0359 12.1321 3.54564 12.501 12.0151 2.39958 9.61557 12.0364 1.13138 9.15397 11.9166
internal_count=4320 1595 731 2725 67 2658 2649 711 695 681 661 864 630 610 847 585 823 58 789 565 2631 769 542 521 104 417 2610 49 397 2584
is_linear=0
shrinkage=0.05


Tree=84
num_leaves=31
num_cat=0
split_feature=67 6 40 51 5 40 5 14 24 21 14 40 18 22 39 24 8 52 19 14 41 29 17 52 1 14 25 16 20 17
split_gain=17.4881 11.3526 4.03241 1.52422 0.711978 0.000444693 6.33453e-05 3.86584e-05 2.93537e-05 3.97345e-06 2.24585e-06 5.27064e-07 1.04145e-07 1.05934e-07 2.26343e-08 1.54636e-08 1.43982e-08 9.15967e-09 2.22205e-09 1.93432e-09 3.5341e-10 3.25464e-10 2.9079e-10 3.79998e-11 5.96834e-11 2.18012e-11 1.01785e-11 9.24438e-12 2.42473e-12 3.69482e-13
threshold=1.5000000000000002 21.000000000000004 5.8285715579986581 1.5000000000000002 11598.000000000002 1298.497741699219 11619.500000000002 501058.04687500006 997.50000000000011 13850000.000000002 2.5229492187500004 19.145161628723148 31272.000000000004 30050000.000000004 68.500000000000014 707.50000000000011 702.47500610351574 1323.8333129882815 90.500000000000014 2.8556319475173955 2501.385375976563 1546.0000000000002 21750000.000000004 7.4166667461395273 5105459.5000000009 210582.96093750003 10750000.000000002 526180.37500000012 80150000.000000015 4624315.7500000009
decision_type=2 2 2 2 2 2 2 2 2 2 2 2 2 2 2 2 2 2 2 2 2 2 2 2 2 2 2 2 2 2
left_child=3 2 -2 5 17 6 20 8 9 10 -4 -3 -12 15 -13 19 18 -5 21 -14 26 -16 23 24 27 28 -1 -21 29 -25
right_child=1 11 7 4 -6 -7 -8 -9 -10 -11 12 14 13 -15 16 -17 -18 -19 -20 22 -22 -23 -24 25 -26 -27 -28 -29 -30 -31
leaf_value=-0.05037114667547346 -0.067454688837650059 -0.050490741975693948 0.05045942442794963 -0.050370913472606929 0.051097362937176816 -0.052529474977221852 -0.051184856112299684 0.0507941880979094 0.050742381325196297 0.050509922414922442 0.050396744106643687 -0.050345395213915782 0.050374400081203863 0.050393569658045673 -0.050371153874088782 0.05038083208729513 -0.050354459421991606 -0.050350761592299224 -0.050362926051461844 0.050371832179973847 -0.050367938375558634 -0.050368056196989835 0.050372481734938204 0.050371149994201031 0.050371143738964279 0.05037150087527368 -0.05037067178905389 0.050371534100498508 0.050371030964915048 0.050371116399141304
leaf_weight=11.34402121650054 0.75897502712906018 0.092032495886086862 0.80368601158261022 0.16226865258067924 0.56739778071641922 0.24750734120607454 0.24421724583953697 0.63601724617183286 0.59108832478523332 0.59532658010721284 0.46414449810981651 0.094083859352395272 0.50896643288433097 0.57927524112165052 3.2869318989105536 0.44850359484553415 0.13899731612764288 0.086418767459690571 0.085804218892007955 0.4396361298859095 0.086740839993581953 0.087040567304938921 0.46236019954085428 7.3067033551633305 1.2067918404936788 0.43924879655242044 0.11395286116749126 0.63696867972612381 0.4825725872069605 0.92148276418447483
leaf_count=2585 20 17 31 37 9 9 18 16 14 20 20 24 23 25 749 20 34 21 20 20 20 20 21 333 55 20 26 29 22 42
internal_value=1.59195e-05 0.0280583 0.0452355 -0.0459485 0.0201788 -0.050432 -0.050388 0.050412 0.0503966 0.0503833 0.0503782 -0.0503726 0.0503735 0.0503727 -0.0503696 0.0503717 -0.0503702 -0.0503639 -0.0503709 0.0503714 -0.0503711 -0.0503711 0.0503713 0.0503712 0.0503714 0.0503712 -0.0503711 0.0503717 0.0503711 0.0503711
internal_weight=33.9192 21.0666 17.2817 12.8525 0.816085 12.0364 11.7889 16.5228 15.8868 15.2957 14.7003 3.78489 13.8967 13.4325 3.69286 12.8532 3.59877 0.248687 3.45978 12.4047 11.5447 3.37397 11.8958 11.4334 2.2834 9.15001 11.458 1.0766 8.71076 8.22819
internal_count=4320 1595 731 2725 67 2658 2649 711 695 681 661 864 630 610 847 585 823 58 789 565 2631 769 542 521 104 417 2611 49 397 375
is_linear=0
shrinkage=0.05


Tree=85
num_leaves=31
num_cat=0
split_feature=67 6 40 51 5 40 5 1 24 21 14 40 18 22 39 24 8 52 19 14 40 29 17 52 1 14 25 16 20 41
split_gain=16.627 10.793 3.8303 1.44946 0.676664 0.000381422 5.44121e-05 3.32662e-05 2.52291e-05 3.41571e-06 1.93153e-06 4.53315e-07 8.95584e-08 9.10812e-08 1.94439e-08 1.32999e-08 1.23664e-08 7.87419e-09 1.90875e-09 1.66489e-09 3.05221e-10 2.79165e-10 2.50209e-10 3.28111e-11 5.11089e-11 1.87086e-11 9.19442e-12 7.96208e-12 2.05702e-12 4.17444e-13
threshold=1.5000000000000002 21.000000000000004 5.8285715579986581 1.5000000000000002 11598.000000000002 1298.497741699219 11619.500000000002 23699.500000000004 997.50000000000011 13850000.000000002 2.5229492187500004 19.145161628723148 31272.000000000004 30050000.000000004 68.500000000000014 707.50000000000011 702.47500610351574 1323.8333129882815 90.500000000000014 2.8556319475173955 997.29165649414074 1546.0000000000002 21750000.000000004 7.4166667461395273 5105459.5000000009 210582.96093750003 10750000.000000002 526180.37500000012 80150000.000000015 2352.6491699218755
decision_type=2 2 2 2 2 2 2 2 2 2 2 2 2 2 2 2 2 2 2 2 2 2 2 2 2 2 2 2 2 2
left_child=3 2 -2 5 17 6 20 -4 9 10 -9 -3 -12 15 -13 19 18 -5 21 -14 26 -16 23 24 27 28 29 -21 -25 -1
right_child=1 11 7 4 -6 -7 -8 8 -10 -11 12 14 13 -15 16 -17 -18 -19 -20 22 -22 -23 -24 25 -26 -27 -28 -29 -30 -31
leaf_value=-0.050352920651478408 -0.067106122939021559 -0.050466606448074824 0.050755126274161025 -0.050352692315076865 0.051042700399087849 -0.052400033470337337 -0.051125736565863937 0.050436836388552342 0.050705675549955635 0.050484810128113559 0.050377248151774461 -0.050328443334479646 0.050356008679336109 0.05037422878185574 -0.05035291789311265 0.050362122560896817 -0.0503370571467796 -0.050333538208119283 -0.050345100508856579 0.050353566133827216 -0.050349938464993617 -0.050349976881253672 0.050354184034159588 0.050352913984544695 0.050352912565365254 0.050353250795876693 -0.050352458851760686 0.050353282545358737 0.050352805149025182 -0.050353030000093259
leaf_weight=10.702696084976184 0.72561599127948895 0.087584827560930889 0.60545220039784808 0.15440916130319315 0.54028889536857605 0.2360031623393305 0.23256847914308387 0.76482354104518435 0.5626573674380787 0.56656674295663911 0.44167445786297221 0.089524720795452928 0.48431621864437602 0.55122988298535425 3.1277299784123911 0.42678432166576463 0.13226289255544532 0.082231493666768074 0.081647669430822023 0.41834270581602806 0.086697292979807439 0.082824528217315563 0.43996641412377435 7.8296553585678303 1.1483410727232692 0.41797399334609586 0.1084335329942413 0.60611743666231632 0.45919921062886704 0.087720625102520766
leaf_count=2563 20 17 16 37 9 9 18 31 14 20 20 24 23 25 749 20 34 21 20 20 21 20 21 375 55 20 26 29 22 21
internal_value=1.60791e-05 0.0280428 0.0452084 -0.045928 0.0201613 -0.0504108 -0.0503689 0.0503917 0.0503772 0.0503645 0.0503596 -0.0503542 0.0503551 0.0503543 -0.0503514 0.0503535 -0.050352 -0.050346 -0.0503527 0.0503531 -0.0503529 -0.0503528 0.050353 0.050353 0.0503531 0.0503529 -0.0503529 0.0503534 0.0503529 -0.0503529
internal_weight=32.2813 20.0503 16.4487 12.231 0.77693 11.4541 11.2181 15.7231 15.1176 14.555 13.9884 3.60157 13.2236 12.7819 3.51399 12.2307 3.42447 0.236641 3.2922 11.8039 10.9855 3.21055 11.3196 10.8796 2.1728 8.70683 10.8989 1.02446 8.28885 10.7904
internal_count=4320 1595 731 2725 67 2658 2649 711 695 681 661 864 630 610 847 585 823 58 789 565 2631 769 542 521 104 417 2610 49 397 2584
is_linear=0
shrinkage=0.05


Tree=86
num_leaves=31
num_cat=0
split_feature=67 6 40 51 5 40 5 1 24 21 14 40 18 22 39 24 8 52 19 14 40 29 17 52 1 14 25 36 20 41
split_gain=15.8085 10.261 3.63825 1.37838 0.64313 0.000327214 4.67442e-05 2.8626e-05 2.16855e-05 2.93647e-06 1.66123e-06 3.89885e-07 7.7028e-08 7.83249e-08 1.67146e-08 1.1438e-08 1.06296e-08 6.77024e-09 1.64151e-09 1.43108e-09 2.6176e-10 2.40229e-10 2.15078e-10 2.85763e-11 4.45373e-11 1.61382e-11 7.73959e-12 6.63491e-12 1.72395e-12 3.78364e-13
threshold=1.5000000000000002 21.000000000000004 5.8285715579986581 1.5000000000000002 11598.000000000002 1298.497741699219 11619.500000000002 23699.500000000004 997.50000000000011 13850000.000000002 2.5229492187500004 19.145161628723148 31272.000000000004 30050000.000000004 68.500000000000014 707.50000000000011 702.47500610351574 1323.8333129882815 90.500000000000014 2.8556319475173955 997.29165649414074 1546.0000000000002 21750000.000000004 7.4166667461395273 5105459.5000000009 210582.96093750003 10750000.000000002 2.4133996963500981 80150000.000000015 2352.6491699218755
decision_type=2 2 2 2 2 2 2 2 2 2 2 2 2 2 2 2 2 2 2 2 2 2 2 2 2 2 2 2 2 2
left_child=3 2 -2 5 17 6 20 -4 9 10 -9 -3 -12 15 -13 19 18 -5 21 -14 26 -16 23 24 27 28 29 -21 -25 -1
right_child=1 11 7 4 -6 -7 -8 8 -10 -11 12 14 13 -15 16 -17 -18 -19 -20 22 -22 -23 -24 25 -26 -27 -28 -29 -30 -31
leaf_value=-0.050335587184763803 -0.066744891975231868 -0.050443669986614197 0.050717997479721992 -0.050335374792977408 0.050990812513771556 -0.05227751092579818 -0.051069628620501732 0.050415365768214142 0.050670807035427118 0.050460945623845704 0.050358717605865237 -0.050312326692667719 0.050338524173808345 0.050355845507837255 -0.050335589447002553 0.050344337197780142 -0.050320514677653333 -0.050317167379405371 -0.050328157619996206 0.050335937619947681 -0.050332756079533518 -0.050332792631509943 0.050336789981496183 0.050335582493660415 0.050335581107100708 0.050335903260535247 -0.05033515288765248 0.050336203002493168 0.050335480258012814 -0.050335694095399224
leaf_weight=10.184136362280688 0.69386978633702057 0.083350192755460184 0.57633491419255634 0.14692780328914601 0.51444846019148827 0.22500600479543287 0.22146290447563011 0.72782467305659793 0.53557525388896543 0.53918340802192766 0.42028444446623225 0.085185138508677816 0.46085180528461478 0.52453267760574895 2.9761873232200755 0.40610960498452264 0.12585267517715681 0.078245822573080659 0.077691152924671658 0.5767504163086391 0.082496459828690472 0.078811349812894949 0.41864996962249357 7.4502982180565578 1.0927024241536853 0.39772272668778885 0.10317973187193352 0.39807368628680706 0.43695035390555848 0.083470456302166762
leaf_count=2563 20 17 16 37 9 9 18 31 14 20 20 24 23 25 749 20 34 21 20 29 21 20 21 375 55 20 26 20 22 21
internal_value=1.6249e-05 0.0280276 0.0451818 -0.0459084 0.0201446 -0.0503906 -0.0503508 0.0503725 0.0503586 0.0503466 0.0503419 -0.0503369 0.0503377 0.0503369 -0.0503342 0.0503361 -0.0503348 -0.050329 -0.0503353 0.0503358 -0.0503356 -0.0503355 0.0503357 0.0503356 0.0503358 0.0503356 -0.0503356 0.050336 0.0503356 -0.0503356
internal_weight=30.7222 19.0828 15.6557 11.6394 0.739622 10.8998 10.6747 14.9618 14.3855 13.8499 13.3108 3.42708 12.5829 12.1626 3.34373 11.6381 3.25854 0.225174 3.13269 11.232 10.4533 3.055 10.7711 10.3525 2.06753 8.28497 10.3708 0.974824 7.88725 10.2676
internal_count=4320 1595 731 2725 67 2658 2649 711 695 681 661 864 630 610 847 585 823 58 789 565 2631 769 542 521 104 417 2610 49 397 2584
is_linear=0
shrinkage=0.05


Tree=87
num_leaves=31
num_cat=0
split_feature=67 6 40 51 5 40 5 14 24 21 14 40 18 22 39 24 8 52 19 14 40 29 17 52 1 14 25 16 20 41
split_gain=15.0307 9.75542 3.45577 1.3108 0.611283 0.000280756 4.01605e-05 2.46336e-05 1.86409e-05 2.52448e-06 1.42872e-06 3.35341e-07 6.62361e-08 6.73393e-08 1.43635e-08 9.83518e-09 9.13701e-09 5.82026e-09 1.41129e-09 1.22909e-09 2.25024e-10 2.06545e-10 1.84849e-10 2.43077e-11 3.79274e-11 1.38751e-11 6.58851e-12 5.82334e-12 1.51523e-12 3.41061e-13
threshold=1.5000000000000002 21.000000000000004 5.8285715579986581 1.5000000000000002 11598.000000000002 1298.497741699219 11619.500000000002 501058.04687500006 997.50000000000011 13850000.000000002 2.5229492187500004 19.145161628723148 31272.000000000004 30050000.000000004 68.500000000000014 707.50000000000011 702.47500610351574 1323.8333129882815 90.500000000000014 2.8556319475173955 997.29165649414074 1546.0000000000002 21750000.000000004 7.4166667461395273 5105459.5000000009 210582.96093750003 10750000.000000002 526180.37500000012 80150000.000000015 2352.6491699218755
decision_type=2 2 2 2 2 2 2 2 2 2 2 2 2 2 2 2 2 2 2 2 2 2 2 2 2 2 2 2 2 2
left_child=3 2 -2 5 17 6 20 8 9 10 -4 -3 -12 15 -13 19 18 -5 21 -14 26 -16 23 24 27 28 29 -21 -25 -1
right_child=1 11 7 4 -6 -7 -8 -9 -10 -11 12 14 13 -15 16 -17 -18 -19 -20 22 -22 -23 -24 25 -26 -27 -28 -29 -30 -31
leaf_value=-0.050319113290569734 -0.066371185418515263 -0.050421867682953439 0.050394957210650793 -0.050318910411401713 0.050941555403583728 -0.052161505370410657 -0.051016374868819762 0.050682711197677699 0.050637683660011923 0.050438264469672422 0.050341102236626627 -0.050297008152006398 0.050321904472234939 0.050338370375547253 -0.050319115577672519 0.050327431931502034 -0.050304787585553526 -0.05030160396576383 -0.050312051237097789 0.050319699106908394 -0.050316422376665143 -0.050316457015726901 0.050320257276763453 0.05031910995476007 0.050319108518228732 0.05031941480818275 -0.050318702494064664 0.050319444228969334 0.050319011744992474 -0.050319217310213021
leaf_weight=9.6905420243274332 0.66365304682404058 0.079318573465570252 0.69260154291986786 0.1398066231049605 0.48981974646449089 0.21449630521237928 0.21087638195604164 0.54859879426658231 0.50977978296578008 0.51311193965375501 0.39992329105734725 0.081054667243734335 0.43851693533360503 0.49911975674331266 2.8319403349887593 0.38642988912761289 0.11975125106982876 0.074452177621424198 0.073925171047449001 0.37878046557306877 0.078497891779989781 0.074991399189457186 0.3983597084879883 7.089204452931881 1.0397423859685657 0.3784464057534932 0.098178880522028389 0.5487972442060709 0.41577263362705696 0.079424896743149342
leaf_count=2563 20 17 31 37 9 9 18 16 14 20 20 24 23 25 749 20 34 21 20 20 21 20 21 375 55 20 26 29 22 21
internal_value=1.64277e-05 0.0280127 0.0451555 -0.0458899 0.0201287 -0.0503714 -0.0503336 0.0503542 0.050341 0.0503295 0.0503251 -0.0503203 0.0503211 0.0503204 -0.0503178 0.0503196 -0.0503183 -0.0503129 -0.0503189 0.0503193 -0.0503191 -0.050319 0.0503192 0.0503192 0.0503193 0.0503191 -0.0503191 0.0503195 0.0503191 -0.0503191
internal_weight=29.2379 18.1618 14.9008 11.0761 0.704079 10.372 10.1575 14.2372 13.6886 13.1788 12.6657 3.26098 11.9731 11.5732 3.18166 11.0741 3.10061 0.214259 2.98086 10.6876 9.94664 2.90693 10.2491 9.85074 1.96732 7.88342 9.86815 0.927578 7.50498 9.76997
internal_count=4320 1595 731 2725 67 2658 2649 711 695 681 661 864 630 610 847 585 823 58 789 565 2631 769 542 521 104 417 2610 49 397 2584
is_linear=0
shrinkage=0.05


Tree=88
num_leaves=31
num_cat=0
split_feature=67 6 40 51 5 40 5 1 24 21 14 40 18 22 39 24 8 52 19 14 41 29 17 52 1 15 25 36 20 17
split_gain=14.2913 9.27482 3.28239 1.24656 0.581035 0.000240933 3.45074e-05 2.11983e-05 1.60247e-05 2.17051e-06 1.22884e-06 2.88446e-07 5.69639e-08 5.79098e-08 1.23474e-08 8.4579e-09 7.85569e-09 5.0035e-09 1.21402e-09 1.05679e-09 1.9334e-10 1.77776e-10 1.58746e-10 2.09042e-11 3.26876e-11 1.18545e-11 5.68612e-12 4.93905e-12 1.32427e-12 2.07834e-13
threshold=1.5000000000000002 21.000000000000004 5.8285715579986581 1.5000000000000002 11598.000000000002 1298.497741699219 11619.500000000002 23699.500000000004 997.50000000000011 13850000.000000002 2.5229492187500004 19.145161628723148 31272.000000000004 30050000.000000004 68.500000000000014 707.50000000000011 702.47500610351574 1323.8333129882815 90.500000000000014 2.8556319475173955 2501.385375976563 1546.0000000000002 21750000.000000004 7.4166667461395273 5105459.5000000009 143.40257263183597 10750000.000000002 2.4133996963500981 80150000.000000015 4624315.7500000009
decision_type=2 2 2 2 2 2 2 2 2 2 2 2 2 2 2 2 2 2 2 2 2 2 2 2 2 2 2 2 2 2
left_child=3 2 -2 5 17 6 20 -4 9 10 -9 -3 -12 15 -13 19 18 -5 21 -14 26 -16 23 24 27 28 -1 -21 29 -25
right_child=1 11 7 4 -6 -7 -8 8 -10 -11 12 14 13 -15 16 -17 -18 -19 -20 22 -22 -23 -24 25 -26 -27 -28 -29 -30 -31
leaf_value=-0.050303451248393465 -0.065985559127166457 -0.050401146294345611 0.0506491720232978 -0.050303260205981498 0.050894791924211605 -0.052051649147156959 -0.050965824721501712 0.050375559250466523 0.050606214478066715 0.050416710706504414 0.050324358007364317 -0.050282442652014758 0.050306106601274297 0.050321760434486808 -0.050303456021599191 0.050311361605618832 -0.050289836176240124 -0.050286810149272582 -0.050296739085435554 0.050303768895467629 -0.050300830341523342 -0.050300927487693249 0.050304540191715853 0.050303453395248332 0.050303448604443315 0.05030373906959637 -0.05030305921629822 0.050304009529356208 0.050303356119337672 0.050303425525335468
leaf_weight=9.2998831467702914 0.63488356582820671 0.075480398721992414 0.52218015305697818 0.13302850327454585 0.46634827181696892 0.20445495285093862 0.20078576076775867 0.65907024964689753 0.48521146737039167 0.48829058557748872 0.38054218888282676 0.077123354887590145 0.41725789569317839 0.47493016533553678 2.6946424625348313 0.36769793182611543 0.11394392326474179 0.070841412059962749 0.070340665755793341 0.52219066768884281 0.071109198033810439 0.071355493506416567 0.37904688715934831 5.9900705683976412 0.98933368176221848 0.36009859852492798 0.093418946955353799 0.36041666567325592 0.39561514742672432 0.75543581508100022
leaf_count=2585 20 17 16 37 9 9 18 31 14 20 20 24 23 25 749 20 34 21 20 29 20 20 21 333 55 20 26 20 22 42
internal_value=1.66165e-05 0.027998 0.0451295 -0.0458722 0.0201137 -0.0503531 -0.0503172 0.0503368 0.0503243 0.0503134 0.0503092 -0.0503046 0.0503053 0.0503047 -0.0503022 0.0503039 -0.0503027 -0.0502975 -0.0503032 0.0503036 -0.0503034 -0.0503034 0.0503035 0.0503035 0.0503036 0.0503035 -0.0503034 0.0503039 0.0503034 0.0503035
internal_weight=27.825 17.2852 14.1823 10.5399 0.670218 9.86965 9.6652 13.5474 13.0252 12.54 12.0517 3.10289 11.3926 11.0121 3.02741 10.5372 2.95028 0.20387 2.83634 10.1695 9.46441 2.766 9.75221 9.37316 1.87194 7.50122 9.3933 0.882607 7.14112 6.74551
internal_count=4320 1595 731 2725 67 2658 2649 711 695 681 661 864 630 610 847 585 823 58 789 565 2631 769 542 521 104 417 2611 49 397 375
is_linear=0
shrinkage=0.05


Tree=89
num_leaves=31
num_cat=0
split_feature=67 6 40 51 5 40 5 14 24 21 14 40 18 22 39 24 8 52 19 14 41 29 17 52 1 15 25 16 20 17
split_gain=13.5885 8.81798 3.11767 1.18547 0.552305 0.000206789 2.96521e-05 1.82422e-05 1.37764e-05 1.8662e-06 1.05703e-06 2.48128e-07 4.89925e-08 4.97954e-08 1.06111e-08 7.2715e-09 6.75151e-09 4.30155e-09 1.04352e-09 9.08457e-10 1.66406e-10 1.52661e-10 1.36469e-10 1.76339e-11 2.79787e-11 1.02638e-11 4.92228e-12 4.41502e-12 1.16085e-12 1.82077e-13
threshold=1.5000000000000002 21.000000000000004 5.8285715579986581 1.5000000000000002 11598.000000000002 1298.497741699219 11619.500000000002 501058.04687500006 997.50000000000011 13850000.000000002 2.5229492187500004 19.145161628723148 31272.000000000004 30050000.000000004 68.500000000000014 707.50000000000011 702.47500610351574 1323.8333129882815 90.500000000000014 2.8556319475173955 2501.385375976563 1546.0000000000002 21750000.000000004 7.4166667461395273 5105459.5000000009 143.40257263183597 10750000.000000002 526180.37500000012 80150000.000000015 4624315.7500000009
decision_type=2 2 2 2 2 2 2 2 2 2 2 2 2 2 2 2 2 2 2 2 2 2 2 2 2 2 2 2 2 2
left_child=3 2 -2 5 17 6 20 8 9 10 -4 -3 -12 15 -13 19 18 -5 21 -14 26 -16 23 24 27 28 -1 -21 29 -25
right_child=1 11 7 4 -6 -7 -8 -9 -10 -11 12 14 13 -15 16 -17 -18 -19 -20 22 -22 -23 -24 25 -26 -27 -28 -29 -30 -31
leaf_value=-0.050288565284517417 -0.065588885412115813 -0.050381449787285537 0.050357123274158512 -0.050288381602364422 0.050850394101555875 -0.051947591583620695 -0.050917833009738005 0.05061729243832911 0.050576314846332696 0.050396223822881073 0.050308441382991523 -0.050268596739692153 0.050291088847904709 0.050305970077768762 -0.050288567102337957 0.050296084093903681 -0.050275622838889471 -0.050272745080141581 -0.050282182948450306 0.05028909645944344 -0.050286072580278444 -0.050286164999169693 0.050289599992315019 0.050288567330350725 0.050288561483953047 0.050288839796207921 -0.050288191384242821 0.050288863221638239 0.050288473992208108 0.05028854060603434
leaf_weight=8.84887490468099 0.60748119652271526 0.071826538769527715 0.62715076282619797 0.12657712143845934 0.44398176670074463 0.19486330635845739 0.19116879813373167 0.49701808020472604 0.46181340143084604 0.46466041915118772 0.36209456436335941 0.073381702532060777 0.39702353067695639 0.45190577208995897 2.5639628935605301 0.34986865706741888 0.10841668117791403 0.067404812201857567 0.066928993212059029 0.34293804690241436 0.067660510307178678 0.06789486901834596 0.36066496744752008 5.699575511738658 0.94135488383471966 0.34263531304895867 0.088888461934403362 0.49686662666499615 0.3764293249696492 0.71880012191832054
leaf_count=2585 20 17 31 37 9 9 18 16 14 20 20 24 23 25 749 20 34 21 20 20 20 20 21 333 55 20 26 29 22 42
internal_value=1.68139e-05 0.0279836 0.0451039 -0.0458555 0.0200994 -0.0503358 -0.0503016 0.0503203 0.0503084 0.050298 0.050294 -0.0502897 0.0502904 0.0502897 -0.0502874 0.050289 -0.0502879 -0.0502829 -0.0502883 0.0502887 -0.0502885 -0.0502885 0.0502886 0.0502886 0.0502887 0.0502886 -0.0502886 0.050289 0.0502886 0.0502886
internal_weight=26.4801 16.4507 13.4983 10.0294 0.637964 9.39146 9.19659 12.8908 12.3938 11.932 11.4673 2.95241 10.8402 10.4781 2.88059 10.0262 2.8072 0.193982 2.69879 9.67629 9.00542 2.63186 9.27926 8.9186 1.78116 7.13744 8.93776 0.839805 6.7948 6.41838
internal_count=4320 1595 731 2725 67 2658 2649 711 695 681 661 864 630 610 847 585 823 58 789 565 2631 769 542 521 104 417 2611 49 397 375
is_linear=0
shrinkage=0.05


Tree=90
num_leaves=31
num_cat=0
split_feature=67 6 40 51 5 40 5 14 24 21 14 40 18 22 39 24 8 52 19 14 40 29 17 52 1 14 25 16 20 41
split_gain=12.9205 8.3837 2.96118 1.1274 0.525014 0.000177507 2.54821e-05 1.56987e-05 1.18442e-05 1.6047e-06 9.09241e-07 2.1342e-07 4.21443e-08 4.28291e-08 9.12411e-09 6.25696e-09 5.80502e-09 3.69762e-09 8.97741e-10 7.81817e-10 1.43435e-10 1.31683e-10 1.17604e-10 1.56071e-11 2.41318e-11 8.8578e-12 4.26503e-12 3.7591e-12 9.52127e-13 2.11386e-13
threshold=1.5000000000000002 21.000000000000004 5.8285715579986581 1.5000000000000002 11598.000000000002 1298.497741699219 11619.500000000002 501058.04687500006 997.50000000000011 13850000.000000002 2.5229492187500004 19.145161628723148 31272.000000000004 30050000.000000004 68.500000000000014 707.50000000000011 702.47500610351574 1323.8333129882815 90.500000000000014 2.8556319475173955 997.29165649414074 1546.0000000000002 21750000.000000004 7.4166667461395273 5105459.5000000009 210582.96093750003 10750000.000000002 526180.37500000012 80150000.000000015 2352.6491699218755
decision_type=2 2 2 2 2 2 2 2 2 2 2 2 2 2 2 2 2 2 2 2 2 2 2 2 2 2 2 2 2 2
left_child=3 2 -2 5 17 6 20 8 9 10 -4 -3 -12 15 -13 19 18 -5 21 -14 26 -16 23 24 27 28 29 -21 -25 -1
right_child=1 11 7 4 -6 -7 -8 -9 -10 -11 12 14 13 -15 16 -17 -18 -19 -20 22 -22 -23 -24 25 -26 -27 -28 -29 -30 -31
leaf_value=-0.05027441519403323 -0.065182304539412941 -0.050362723500856146 0.050339594922648771 -0.050274237531562897 0.050808229607473034 -0.051848996247572998 -0.050872269918156535 0.050586988354523722 0.050547904092434287 0.050376752156885786 0.050293309991053914 -0.050255432097416598 0.050276811356865292 0.0502909591779565 -0.050274416877193709 0.050281561512926856 -0.050262111810054189 -0.050259375139848017 -0.050268346270499156 0.050274917907657701 -0.050272100433131323 -0.050272129753831399 0.050275396009706375 0.050274409830291439 0.050274409406071523 0.050274672297227943 -0.050274059066056122 0.05027469727217472 0.050274325890353223 -0.050274503250331504
leaf_weight=8.3479553607758046 0.58136836625635524 0.068348280386998694 0.59676675125955903 0.12043690308928567 0.4226701408624649 0.1857032775878914 0.18200414255261499 0.47305429913103658 0.43953116796910841 0.44216520152986127 0.34453601948916812 0.069820658769458865 0.37776500545441649 0.42999114468693811 2.4395861725788577 0.33289906196296293 0.10315616079606105 0.064134069485589862 0.063681909814476856 0.32630245201289276 0.067621535388753595 0.064601171994581708 0.34316961094737131 6.1070230156183243 0.89569016546010971 0.3260144256055354 0.084576491033659162 0.47276396863162518 0.35816888138651837 0.068421203177423062
leaf_count=2563 20 17 31 37 9 9 18 16 14 20 20 24 23 25 749 20 34 21 20 20 21 20 21 375 55 20 26 29 22 21
internal_value=1.70176e-05 0.0279693 0.0450785 -0.0458395 0.0200858 -0.0503193 -0.0502868 0.0503046 0.0502932 0.0502834 0.0502796 -0.0502755 0.0502761 0.0502755 -0.0502733 0.0502748 -0.0502737 -0.0502691 -0.0502742 0.0502746 -0.0502744 -0.0502744 0.0502745 0.0502745 0.0502746 0.0502744 -0.0502744 0.0502748 0.0502744 -0.0502744
internal_weight=25.1999 15.6564 12.8472 9.54352 0.607241 8.93628 8.75058 12.2658 11.7928 11.3533 10.9111 2.80919 10.3143 9.96979 2.74085 9.5398 2.67103 0.184571 2.56787 9.2069 8.56857 2.50419 8.82913 8.48596 1.69476 6.79121 8.50095 0.799066 6.46519 8.41638
internal_count=4320 1595 731 2725 67 2658 2649 711 695 681 661 864 630 610 847 585 823 58 789 565 2631 769 542 521 104 417 2610 49 397 2584
is_linear=0
shrinkage=0.05


Tree=91
num_leaves=31
num_cat=0
split_feature=67 6 40 51 5 40 5 1 24 21 14 40 18 22 39 24 8 52 19 14 40 29 17 52 1 14 25 16 20 41
split_gain=12.2855 7.97088 2.81254 1.07218 0.499089 0.000152394 2.19004e-05 1.35099e-05 1.01837e-05 1.37989e-06 7.82066e-07 1.83608e-07 3.62485e-08 3.68314e-08 7.84221e-09 5.3817e-09 4.98954e-09 3.18075e-09 7.71549e-10 6.73044e-10 1.22983e-10 1.12961e-10 1.0111e-10 1.32108e-11 2.08127e-11 7.59925e-12 3.59179e-12 3.24341e-12 8.34e-13 1.93623e-13
threshold=1.5000000000000002 21.000000000000004 5.8285715579986581 1.5000000000000002 11598.000000000002 1298.497741699219 11619.500000000002 23699.500000000004 997.50000000000011 13850000.000000002 2.5229492187500004 19.145161628723148 31272.000000000004 30050000.000000004 68.500000000000014 707.50000000000011 702.47500610351574 1323.8333129882815 90.500000000000014 2.8556319475173955 997.29165649414074 1546.0000000000002 21750000.000000004 7.4166667461395273 5105459.5000000009 210582.96093750003 10750000.000000002 526180.37500000012 80150000.000000015 2352.6491699218755
decision_type=2 2 2 2 2 2 2 2 2 2 2 2 2 2 2 2 2 2 2 2 2 2 2 2 2 2 2 2 2 2
left_child=3 2 -2 5 17 6 20 -4 9 10 -9 -3 -12 15 -13 19 18 -5 21 -14 26 -16 23 24 27 28 29 -21 -25 -1
right_child=1 11 7 4 -6 -7 -8 8 -10 -11 12 14 13 -15 16 -17 -18 -19 -20 22 -22 -23 -24 25 -26 -27 -28 -29 -30 -31
leaf_value=-0.050260957349973337 -0.064767168512375947 -0.050344926034984951 0.050558181978128419 -0.050260793363866831 0.050768193420989143 -0.051755570883459945 -0.050829003942531883 0.050322930587281225 0.050520909832633014 0.050358244609888948 0.050278924870571201 -0.050242915340809095 0.050263239565204343 0.050276688581744194 -0.050260959335820504 0.050267754954052946 -0.050249263990571759 -0.050246661649730788 -0.050255189860474642 0.050261437768118034 -0.050258760051417599 -0.050258787677666374 0.050261892733971317 0.05026095559753431 0.050260953617425691 0.050261204780137604 -0.050260622399963276 0.050261227665877373 0.05026087511644093 -0.050261043914433957
leaf_weight=7.9428933504968811 0.55647072289138932 0.065037299646064084 0.4502330869436254 0.11459299898706454 0.40236534923315048 0.17695724777877408 0.17327134776860553 0.56784531474113009 0.41831273958087045 0.42075122334063131 0.32782419584691425 0.0664315938483927 0.35943577438592456 0.40913339331746179 2.3212117948569371 0.31674816459417421 0.098149631521664449 0.061021260218694806 0.060591564513742813 0.31046963203698019 0.064340237760917129 0.061466437997296341 0.32651852071285326 5.8106959797441959 0.85222917888313532 0.31019551679491986 0.080472612055019321 0.44982448033988476 0.34078965429216612 0.065101251006126293
leaf_count=2563 20 17 16 37 9 9 18 31 14 20 20 24 23 25 749 20 34 21 20 20 21 20 21 375 55 20 26 29 22 21
internal_value=1.72306e-05 0.0279554 0.0450534 -0.0458244 0.0200729 -0.0503036 -0.0502728 0.0502896 0.0502789 0.0502695 0.0502659 -0.0502619 0.0502626 0.050262 -0.0502599 0.0502614 -0.0502603 -0.0502559 -0.0502608 0.0502611 -0.0502609 -0.0502609 0.050261 0.050261 0.0502611 0.050261 -0.050261 0.0502613 0.050261 -0.050261
internal_weight=23.9814 14.9004 12.2275 9.08102 0.57798 8.50304 8.32608 11.671 11.2208 10.8025 10.3817 2.67289 9.81386 9.48604 2.60785 9.07691 2.54142 0.175614 2.44327 8.76016 8.15281 2.38268 8.40072 8.0742 1.61252 6.46168 8.08847 0.760294 6.15149 8.00799
internal_count=4320 1595 731 2725 67 2658 2649 711 695 681 661 864 630 610 847 585 823 58 789 565 2631 769 542 521 104 417 2610 49 397 2584
is_linear=0
shrinkage=0.05


Tree=92
num_leaves=31
num_cat=0
split_feature=67 6 40 51 5 40 5 1 24 21 14 40 18 22 39 24 8 52 19 14 41 29 17 52 1 14 25 16 20 17
split_gain=11.6818 7.57845 2.67135 1.01968 0.474458 0.00013085 1.88232e-05 1.16262e-05 8.75637e-06 1.18666e-06 6.72751e-07 1.57951e-07 3.11776e-08 3.16758e-08 6.74147e-09 4.62764e-09 4.28787e-09 2.73529e-09 6.63352e-10 5.78211e-10 1.05871e-10 9.70042e-11 8.69811e-11 1.13722e-11 1.78504e-11 6.52189e-12 3.14593e-12 2.75802e-12 7.27418e-13 1.19016e-13
threshold=1.5000000000000002 21.000000000000004 5.8285715579986581 1.5000000000000002 11598.000000000002 1298.497741699219 11619.500000000002 23699.500000000004 997.50000000000011 13850000.000000002 2.5229492187500004 19.145161628723148 31272.000000000004 30050000.000000004 68.500000000000014 707.50000000000011 702.47500610351574 1323.8333129882815 90.500000000000014 2.8556319475173955 2501.385375976563 1546.0000000000002 21750000.000000004 7.4166667461395273 5105459.5000000009 210582.96093750003 10750000.000000002 526180.37500000012 80150000.000000015 4624315.7500000009
decision_type=2 2 2 2 2 2 2 2 2 2 2 2 2 2 2 2 2 2 2 2 2 2 2 2 2 2 2 2 2 2
left_child=3 2 -2 5 17 6 20 -4 9 10 -9 -3 -12 15 -13 19 18 -5 21 -14 26 -16 23 24 27 28 -1 -21 29 -25
right_child=1 11 7 4 -6 -7 -8 8 -10 -11 12 14 13 -15 16 -17 -18 -19 -20 22 -22 -23 -24 25 -26 -27 -28 -29 -30 -31
leaf_value=-0.050248168358359248 -0.064344984653429291 -0.050328004731491495 0.050530796074986117 -0.05024800916467756 0.050730165171590805 -0.051667023435485605 -0.050787918936525213 0.050307090828426472 0.050495258484733768 0.050340653483361746 0.05026524872046903 -0.050231015041894922 0.05025033445254478 0.050263121836705449 -0.050248166280676736 0.050254627941092901 -0.050237051269402748 -0.050234574174260638 -0.050242681882022168 0.050248621702118537 -0.050246026043369585 -0.050246103156025616 0.050249055215543882 0.050248166754192386 0.050248162538331656 0.050248400793091563 -0.050247846238120966 0.050248423077040298 0.05024808714417478 0.05024814358415533
leaf_weight=7.6222664751112461 0.53271751757711072 0.061885669827460688 0.42850121110677619 0.1090312653686859 0.38302142545580864 0.16860813461244095 0.16495076939463604 0.54031696915626071 0.39810842834413129 0.40036728419363576 0.31191872712224622 0.063206279417500233 0.34199146740137987 0.3892821194604047 2.2085529218893512 0.30137689318507987 0.093384944135323056 0.058058831840753555 0.057650465751066693 0.29540127143263795 0.058280946686863788 0.058483072090893873 0.31067137420177449 4.9095148202031851 0.81086664274334908 0.29514039307832707 0.07656688755378116 0.42799256928265095 0.32424956746399392 0.61916180793195952
leaf_count=2585 20 17 16 37 9 9 18 31 14 20 20 24 23 25 749 20 34 21 20 20 20 20 21 333 55 20 26 29 22 42
internal_value=1.745e-05 0.0279416 0.0450286 -0.04581 0.0200606 -0.0502887 -0.0502594 0.0502754 0.0502652 0.0502563 0.0502528 -0.0502491 0.0502497 0.0502492 -0.0502471 0.0502485 -0.0502476 -0.0502433 -0.050248 0.0502483 -0.0502481 -0.0502481 0.0502482 0.0502482 0.0502483 0.0502482 -0.0502482 0.0502485 0.0502482 0.0502482
internal_weight=22.8215 14.1807 11.6376 8.64078 0.550112 8.09067 7.92207 11.1049 10.6764 10.2783 9.87788 2.54316 9.33757 9.02565 2.48128 8.63637 2.41807 0.16709 2.32469 8.33499 7.75711 2.26704 7.993 7.68233 1.53426 6.14807 7.69883 0.723394 5.85293 5.52868
internal_count=4320 1595 731 2725 67 2658 2649 711 695 681 661 864 630 610 847 585 823 58 789 565 2631 769 542 521 104 417 2611 49 397 375
is_linear=0
shrinkage=0.05


Tree=93
num_leaves=31
num_cat=0
split_feature=67 6 40 51 5 40 5 1 24 21 14 40 18 22 39 24 8 52 19 14 40 29 17 52 1 14 25 16 20 41
split_gain=11.1079 7.2054 2.53727 0.969754 0.451057 0.000112365 1.61799e-05 1.00053e-05 7.5295e-06 1.02048e-06 5.78774e-07 1.35875e-07 2.68218e-08 2.7248e-08 5.79666e-09 3.98058e-09 3.68694e-09 2.35156e-09 5.70537e-10 4.97433e-10 9.08758e-11 8.35478e-11 7.47731e-11 9.77085e-12 1.55069e-11 5.56799e-12 2.66898e-12 2.367e-12 6.17284e-13 1.45661e-13
threshold=1.5000000000000002 21.000000000000004 5.8285715579986581 1.5000000000000002 11598.000000000002 1298.497741699219 11619.500000000002 23699.500000000004 997.50000000000011 13850000.000000002 2.5229492187500004 19.145161628723148 31272.000000000004 30050000.000000004 68.500000000000014 707.50000000000011 702.47500610351574 1323.8333129882815 90.500000000000014 2.8556319475173955 997.29165649414074 1546.0000000000002 21750000.000000004 7.4166667461395273 5105459.5000000009 210582.96093750003 10750000.000000002 526180.37500000012 80150000.000000015 2352.6491699218755
decision_type=2 2 2 2 2 2 2 2 2 2 2 2 2 2 2 2 2 2 2 2 2 2 2 2 2 2 2 2 2 2
left_child=3 2 -2 5 17 6 20 -4 9 10 -9 -3 -12 15 -13 19 18 -5 21 -14 26 -16 23 24 27 28 29 -21 -25 -1
right_child=1 11 7 4 -6 -7 -8 8 -10 -11 12 14 13 -15 16 -17 -18 -19 -20 22 -22 -23 -24 25 -26 -27 -28 -29 -30 -31
leaf_value=-0.05023600389340576 -0.063917365032051796 -0.050311917754785988 0.050504762420667239 -0.05023585417480151 0.050694049022074361 -0.051583075885289133 -0.050748902037976232 0.050292034160635914 0.050470881744072132 0.050323929990834015 0.050252247740146874 -0.050219700711673004 0.050238066140677898 0.050250224772325137 -0.050236005605335324 0.050242148333580677 -0.050225439063712345 -0.050223083264623207 -0.050230791150969567 0.050236438143217911 -0.050234018668550956 -0.050234042674535455 0.050236849441399112 0.050236002482493658 0.050236000077354417 0.050236226647188548 -0.050235700389718786 0.050236249501614073 0.050235929664011594 -0.050236082490969496
leaf_weight=7.1905067060142773 0.51004184875637193 0.058885818114503663 0.40780777111649413 0.1037382089998572 0.36459428071975708 0.16063944250345219 0.15702361799776543 0.51411539316176913 0.37887073867023069 0.38096450641751367 0.29678110405802627 0.060136876534670924 0.32538979128002754 0.3703892510384329 2.1013362791854902 0.28674798272550095 0.088850526604801305 0.055239587323740125 0.054851474473252781 0.28106081765145041 0.058245301712304243 0.05564383859746147 0.29558974225074042 5.2602808875963092 0.77150223776698112 0.28081254567950953 0.072849841788411029 0.40721529815346003 0.30850849300622929 0.058934684144332894
leaf_count=2563 20 17 16 37 9 9 18 31 14 20 20 24 23 25 749 20 34 21 20 20 21 20 21 375 55 20 26 29 22 21
internal_value=1.76759e-05 0.027928 0.0450041 -0.0457963 0.020049 -0.0502746 -0.0502467 0.0502619 0.0502522 0.0502437 0.0502405 -0.0502369 0.0502375 0.050237 -0.050235 0.0502364 -0.0502354 -0.0502314 -0.0502358 0.0502362 -0.050236 -0.050236 0.0502361 0.050236 0.0502362 0.050236 -0.050236 0.0502363 0.050236 -0.050236
internal_weight=21.7176 13.4958 11.0761 8.22177 0.523572 7.6982 7.53756 10.566 10.1582 9.77936 9.39839 2.4197 8.88428 8.5875 2.36082 8.21711 2.30068 0.158978 2.21183 7.93036 7.38054 2.15698 7.60497 7.30938 1.45978 5.8496 7.32229 0.688276 5.56879 7.24944
internal_count=4320 1595 731 2725 67 2658 2649 711 695 681 661 864 630 610 847 585 823 58 789 565 2631 769 542 521 104 417 2610 49 397 2584
is_linear=0
shrinkage=0.05


Tree=94
num_leaves=31
num_cat=0
split_feature=67 6 40 51 5 40 5 14 24 21 14 40 18 22 39 24 8 52 19 14 40 29 17 52 1 15 25 16 20 41
split_gain=10.5624 6.85077 2.40994 0.922285 0.428822 9.65029e-05 1.39084e-05 8.6105e-06 6.4748e-06 8.77618e-07 4.97882e-07 1.16893e-07 2.30717e-08 2.34332e-08 4.98311e-09 3.42499e-09 3.1687e-09 2.02258e-09 4.90992e-10 4.27229e-10 7.81979e-11 7.18918e-11 6.42979e-11 8.35509e-12 1.32383e-11 4.77929e-12 2.31015e-12 2.0659e-12 5.42677e-13 1.2701e-13
threshold=1.5000000000000002 21.000000000000004 5.8285715579986581 1.5000000000000002 11598.000000000002 1298.497741699219 11619.500000000002 501058.04687500006 997.50000000000011 13850000.000000002 2.5229492187500004 19.145161628723148 31272.000000000004 30050000.000000004 68.500000000000014 707.50000000000011 702.47500610351574 1323.8333129882815 90.500000000000014 2.8556319475173955 997.29165649414074 1546.0000000000002 21750000.000000004 7.4166667461395273 5105459.5000000009 143.40257263183597 10750000.000000002 526180.37500000012 80150000.000000015 2352.6491699218755
decision_type=2 2 2 2 2 2 2 2 2 2 2 2 2 2 2 2 2 2 2 2 2 2 2 2 2 2 2 2 2 2
left_child=3 2 -2 5 17 6 20 8 9 10 -4 -3 -12 15 -13 19 18 -5 21 -14 26 -16 23 24 27 28 29 -21 -25 -1
right_child=1 11 7 4 -6 -7 -8 -9 -10 -11 12 14 13 -15 16 -17 -18 -19 -20 22 -22 -23 -24 25 -26 -27 -28 -29 -30 -31
leaf_value=-0.05022444073989997 -0.063485977703812549 -0.050296624627200838 0.050277716849680069 -0.050224298275326221 0.050659743097306253 -0.051503488755108344 -0.050711843423288744 0.050480013068804355 0.050447715010227337 0.050308032777033621 0.050239886254715073 -0.05020894369904072 0.050226400665567439 0.050237961384339003 -0.050224442296529254 0.050230284326011371 -0.050214399479055899 -0.050212155795801808 -0.05021948307675464 0.05022485400083751 -0.050222552788081368 -0.05022257555682539 0.050225245115242748 0.050224440061427726 0.050224437871154021 0.050224652914632295 -0.050224151291806234 0.050224673326288695 0.050224370070607753 -0.050224516569805137
leaf_weight=6.8413566227536675 0.48838093411177297 0.056030524428933304 0.48917743284254633 0.098700969712808617 0.34704173728823662 0.15303512848913658 0.14947188366204489 0.38810414634645063 0.36055432446301061 0.36249627359211523 0.28237462695687909 0.057215914246626531 0.30959041789173891 0.35240898746997107 1.9993014873471122 0.27282592002302397 0.084535348811186739 0.052556666079908609 0.052187788300216087 0.2674134289845822 0.055416974471881875 0.052941837115213164 0.28123698756098736 5.0048570148646832 0.73404031898826361 0.2671770816668867 0.069312446983531006 0.38744219671934843 0.29352819360792626 0.056072992272674926
leaf_count=2563 20 17 31 37 9 9 18 16 14 20 20 24 23 25 749 20 34 21 20 20 21 20 21 375 55 20 26 29 22 21
internal_value=1.79058e-05 0.0279147 0.0449799 -0.0457833 0.0200379 -0.0502611 -0.0502346 0.0502491 0.0502398 0.0502318 0.0502287 -0.0502253 0.0502258 0.0502253 -0.0502235 0.0502248 -0.0502239 -0.0502201 -0.0502243 0.0502246 -0.0502244 -0.0502244 0.0502245 0.0502245 0.0502246 0.0502244 -0.0502244 0.0502247 0.0502244 -0.0502244
internal_weight=20.6668 12.8438 10.5416 7.82297 0.498299 7.32467 7.17163 10.0532 9.66512 9.30457 8.94207 2.30221 8.4529 8.17052 2.24618 7.81811 2.18897 0.151258 2.10443 7.54529 7.02216 2.05224 7.2357 6.95446 1.3889 5.56556 6.96674 0.654856 5.29839 6.89743
internal_count=4320 1595 731 2725 67 2658 2649 711 695 681 661 864 630 610 847 585 823 58 789 565 2631 769 542 521 104 417 2610 49 397 2584
is_linear=0
shrinkage=0.05


Tree=95
num_leaves=31
num_cat=0
split_feature=67 6 40 51 5 40 5 1 24 21 14 40 18 22 39 24 8 52 19 14 41 29 17 52 1 15 25 16 20 28
split_gain=10.0438 6.51364 2.28903 0.877147 0.407695 8.28883e-05 1.19567e-05 7.41017e-06 5.56825e-06 7.54783e-07 4.28353e-07 1.00559e-07 1.98472e-08 2.01583e-08 4.28717e-09 2.94734e-09 2.72781e-09 1.73945e-09 4.22737e-10 3.67947e-10 6.77058e-11 6.20433e-11 5.54081e-11 7.34968e-12 1.14104e-11 4.16644e-12 1.99751e-12 1.74338e-12 4.49418e-13 7.72715e-14
threshold=1.5000000000000002 21.000000000000004 5.8285715579986581 1.5000000000000002 11598.000000000002 1298.497741699219 11619.500000000002 23699.500000000004 997.50000000000011 13850000.000000002 2.5229492187500004 19.145161628723148 31272.000000000004 30050000.000000004 68.500000000000014 707.50000000000011 702.47500610351574 1323.8333129882815 90.500000000000014 2.8556319475173955 2501.385375976563 1546.0000000000002 21750000.000000004 7.4166667461395273 5105459.5000000009 143.40257263183597 10750000.000000002 526180.37500000012 80150000.000000015 5003391.0000000009
decision_type=2 2 2 2 2 2 2 2 2 2 2 2 2 2 2 2 2 2 2 2 2 2 2 2 2 2 2 2 2 2
left_child=3 2 -2 5 17 6 20 -4 9 10 -9 -3 -12 15 -13 19 18 -5 21 -14 26 -16 23 24 27 28 29 -21 -25 -1
right_child=1 11 7 4 -6 -7 -8 8 -10 -11 12 14 13 -15 16 -17 -18 -19 -20 22 -22 -23 -24 25 -26 -27 -28 -29 -30 -31
leaf_value=-0.050213450873030842 -0.063052499810121551 -0.050282085739631555 0.050456482172575527 -0.05021331122828801 0.050627154260013345 -0.051428013378867599 -0.050676647777115551 0.050264106420845903 0.050425699252643431 0.050292919314215881 0.050228132402974336 -0.05019871300550012 0.050215310411531745 0.050226302138069272 -0.050213451322965723 0.05021900319225249 -0.050203898356822513 -0.050201766788711057 -0.05020873364230484 0.050213839021219488 -0.050211604386547294 -0.050211673436638661 0.050214211203154918 0.050213444622643127 0.050213444018322055 0.050213648482572808 -0.05021317376593596 0.050213668865634498 0.050213379450068096 -0.050213390472159371
leaf_weight=6.5116489310748902 0.46767605468630691 0.053312906529753845 0.36934390664100547 0.093907291302457341 0.33032346144318581 0.1457797698676585 0.14227831363677967 0.46544279530643962 0.34311585314571935 0.34491811972111541 0.2686643209308367 0.054436272359453475 0.29455491062253703 0.33529765158891667 1.9022002248093492 0.25957686826586712 0.080428905203007051 0.05000353348441422 0.049652920337393769 0.2544259140267966 0.050196217373013385 0.050370492041110881 0.26757819857448328 4.7617833595722914 0.69838976953178644 0.2542009949684142 0.065946091432124265 0.36862515937536955 0.27927222754806269 0.053318361286073812
leaf_count=2564 20 17 16 37 9 9 18 31 14 20 20 24 23 25 749 20 34 21 20 20 20 20 21 375 55 20 26 29 22 21
internal_value=1.81386e-05 0.0279015 0.044956 -0.0457709 0.0200274 -0.0502483 -0.0502231 0.0502369 0.0502281 0.0502204 0.0502175 -0.0502143 0.0502148 0.0502143 -0.0502126 0.0502138 -0.0502129 -0.0502093 -0.0502133 0.0502136 -0.0502134 -0.0502134 0.0502135 0.0502135 0.0502136 0.0502135 -0.0502134 0.0502137 0.0502134 -0.0502135
internal_weight=19.6667 12.2233 10.0329 7.4434 0.474234 6.96917 6.82339 9.56519 9.19585 8.85273 8.50781 2.1904 8.04237 7.77371 2.13709 7.43841 2.08265 0.143911 2.00222 7.17883 6.68111 1.95257 6.88428 6.6167 1.32144 5.29526 6.63091 0.623051 5.04106 6.56497
internal_count=4320 1595 731 2725 67 2658 2649 711 695 681 661 864 630 610 847 585 823 58 789 565 2631 769 542 521 104 417 2611 49 397 2585
is_linear=0
shrinkage=0.05


Tree=96
num_leaves=31
num_cat=0
split_feature=67 6 40 51 5 40 5 1 24 21 14 40 18 22 39 24 8 52 19 14 40 29 17 52 1 14 25 36 20 41
split_gain=9.55075 6.19315 2.17424 0.834226 0.387618 7.1203e-05 1.02793e-05 6.3773e-06 4.78872e-06 6.49171e-07 3.685e-07 8.65197e-08 1.70751e-08 1.73376e-08 3.68539e-09 2.53382e-09 2.34431e-09 1.49585e-09 3.63371e-10 3.16698e-10 5.79394e-11 5.32181e-11 4.75664e-11 6.19416e-12 9.81371e-12 3.56781e-12 1.71063e-12 1.57385e-12 4.00568e-13 8.79297e-14
threshold=1.5000000000000002 21.000000000000004 5.8285715579986581 1.5000000000000002 11598.000000000002 1298.497741699219 11619.500000000002 23699.500000000004 997.50000000000011 13850000.000000002 2.5229492187500004 19.145161628723148 31272.000000000004 30050000.000000004 68.500000000000014 707.50000000000011 702.47500610351574 1323.8333129882815 90.500000000000014 2.8556319475173955 997.29165649414074 1546.0000000000002 21750000.000000004 7.4166667461395273 5105459.5000000009 210582.96093750003 10750000.000000002 2.4133996963500981 80150000.000000015 2352.6491699218755
decision_type=2 2 2 2 2 2 2 2 2 2 2 2 2 2 2 2 2 2 2 2 2 2 2 2 2 2 2 2 2 2
left_child=3 2 -2 5 17 6 20 -4 9 10 -9 -3 -12 15 -13 19 18 -5 21 -14 26 -16 23 24 27 28 29 -21 -25 -1
right_child=1 11 7 4 -6 -7 -8 8 -10 -11 12 14 13 -15 16 -17 -18 -19 -20 22 -22 -23 -24 25 -26 -27 -28 -29 -30 -31
leaf_value=-0.050202995234364528 -0.062618576414364149 -0.050268263075076251 0.050434113207728754 -0.050202864471965453 0.050596190616345363 -0.051356433911565781 -0.050643207198958984 0.050251164913399204 0.050404773965595798 0.050278553254064322 0.05021695890579967 -0.050188987105931164 0.050204766789980849 0.050215216826295941 -0.050202996447790207 0.050208276066520299 -0.050193917157494605 -0.050191888954081845 -0.050198512316830347 0.050203202786477476 -0.05020128714869479 -0.050201308334861222 0.050203720421113596 0.050202992562223728 0.050202990624990111 0.050203185892159718 -0.05020273338547232 0.050203368531536258 0.050202929377012664 -0.050203061293851804
leaf_weight=6.1928935258183655 0.44787265174090762 0.050726399058475535 0.35148269589990278 0.089345498709007987 0.31440082937479019 0.13885841332375992 0.13542642630636681 0.44285402074455671 0.32651398144662458 0.32818765472620803 0.2556168409064411 0.051791166421026325 0.28024666476994742 0.31901362631469954 1.8097961617168037 0.24696857947856177 0.076521173235960194 0.04757395782507956 0.04724069358780969 0.35071834735572316 0.050163979642093071 0.047923537669703253 0.2545801019296049 4.5304676685482264 0.66446373797953129 0.24185266438871611 0.062742578564211615 0.24206662178039551 0.26570586580783118 0.050758155761286505
leaf_count=2563 20 17 16 37 9 9 18 31 14 20 20 24 23 25 749 20 34 21 20 29 21 20 21 375 55 20 26 20 22 21
internal_value=1.83749e-05 0.0278886 0.0449324 -0.0457591 0.0200174 -0.0502361 -0.0502122 0.0502253 0.0502169 0.0502096 0.0502068 -0.0502038 0.0502043 0.0502038 -0.0502022 0.0502033 -0.0502025 -0.0501991 -0.0502028 0.0502031 -0.050203 -0.050203 0.0502031 0.050203 0.0502031 0.050203 -0.050203 0.0502033 0.050203 -0.050203
internal_weight=18.7148 11.6326 9.54861 7.08216 0.45132 6.63084 6.49198 9.10074 8.74926 8.42274 8.09455 2.084 7.6517 7.39608 2.03327 7.07707 1.98148 0.136919 1.90496 6.8301 6.35656 1.85772 6.54986 6.29527 1.25725 5.03803 6.30639 0.592785 4.79617 6.24365
internal_count=4320 1595 731 2725 67 2658 2649 711 695 681 661 864 630 610 847 585 823 58 789 565 2631 769 542 521 104 417 2610 49 397 2584
is_linear=0
shrinkage=0.05


Tree=97
num_leaves=31
num_cat=0
split_feature=67 6 40 51 5 40 5 14 24 21 14 40 18 22 39 24 8 52 19 14 41 29 17 52 1 14 25 16 20 17
split_gain=9.08201 5.88849 2.06525 0.793412 0.368539 6.11705e-05 8.83799e-06 5.4884e-06 4.11843e-06 5.58359e-07 3.17032e-07 7.44337e-08 1.4691e-08 1.49123e-08 3.16999e-09 2.17954e-09 2.01728e-09 1.28685e-09 3.12652e-10 2.7257e-10 4.99547e-11 4.57556e-11 4.09068e-11 5.2891e-12 8.41749e-12 3.05356e-12 1.45306e-12 1.3135e-12 3.49054e-13 5.24025e-14
threshold=1.5000000000000002 21.000000000000004 5.8285715579986581 1.5000000000000002 11598.000000000002 1298.497741699219 11619.500000000002 501058.04687500006 997.50000000000011 13850000.000000002 2.5229492187500004 19.145161628723148 31272.000000000004 30050000.000000004 68.500000000000014 707.50000000000011 702.47500610351574 1323.8333129882815 90.500000000000014 2.8556319475173955 2501.385375976563 1546.0000000000002 21750000.000000004 7.4166667461395273 5105459.5000000009 210582.96093750003 10750000.000000002 526180.37500000012 80150000.000000015 4624315.7500000009
decision_type=2 2 2 2 2 2 2 2 2 2 2 2 2 2 2 2 2 2 2 2 2 2 2 2 2 2 2 2 2 2
left_child=3 2 -2 5 17 6 20 8 9 10 -4 -3 -12 15 -13 19 18 -5 21 -14 26 -16 23 24 27 28 -1 -21 29 -25
right_child=1 11 7 4 -6 -7 -8 -9 -10 -11 12 14 13 -15 16 -17 -18 -19 -20 22 -22 -23 -24 25 -26 -27 -28 -29 -30 -31
leaf_value=-0.0501930554134443 -0.062185789845709452 -0.050255117694305955 0.050238860798572253 -0.050192932518486222 0.050566778725318839 -0.051288529856608214 -0.0506114478426542 0.05041284407603628 0.050384882880296182 0.050264895115035395 0.050206334505171341 -0.050179735776069573 0.05019474078790237 0.050204676189278513 -0.050193056421738741 0.050198077114105837 -0.050184421794065584 -0.050182495824311502 -0.050188792115667361 0.05019340886066908 -0.050191388791339608 -0.050191451666102865 0.05019374532927539 0.050193055400716363 0.050193051307045933 0.050193236774416276 -0.050192807534907485 0.0501932536213767 0.050192992942474729 0.050193037995851064
leaf_weight=5.9425811201799688 0.42892018845304747 0.048264744691549732 0.4213563576340621 0.085004461696371325 0.29923689365386963 0.1322566671296953 0.12890040362253774 0.33447818644344884 0.3107092250138529 0.31226443592458952 0.24320041947066773 0.04927413398399938 0.26663077808916558 0.30351725313812483 1.7218636681791393 0.23497030697762955 0.072802613605745026 0.045262005063705146 0.044945220462977775 0.23030542489141204 0.045437176711857208 0.045595006318762787 0.24221099540591229 3.8276262888684869 0.63217946141958237 0.23010182101279486 0.059694091556593665 0.33367807138711214 0.25279600732028473 0.48271972034126509
leaf_count=2585 20 17 31 37 9 9 18 16 14 20 20 24 23 25 749 20 34 21 20 20 20 20 21 333 55 20 26 29 22 42
internal_value=1.86137e-05 0.0278759 0.0449092 -0.0457479 0.0200079 -0.0502246 -0.0502018 0.0502143 0.0502063 0.0501994 0.0501967 -0.0501938 0.0501943 0.0501938 -0.0501923 0.0501933 -0.0501926 -0.0501893 -0.0501929 0.0501932 -0.050193 -0.050193 0.0501931 0.0501931 0.0501932 0.0501931 -0.0501931 0.0501933 0.0501931 0.0501931
internal_weight=17.8088 11.0704 9.08766 6.73837 0.429503 6.30887 6.17661 8.65874 8.32427 8.01356 7.70129 1.98275 7.27994 7.03674 1.93448 6.73322 1.88521 0.130266 1.8124 6.49825 6.04771 1.76746 6.23162 5.98941 1.19616 4.79324 6.00228 0.563983 4.56314 4.31035
internal_count=4320 1595 731 2725 67 2658 2649 711 695 681 661 864 630 610 847 585 823 58 789 565 2631 769 542 521 104 417 2611 49 397 375
is_linear=0
shrinkage=0.05


Tree=98
num_leaves=31
num_cat=0
split_feature=67 6 40 51 5 40 5 1 24 21 14 40 18 22 39 24 8 52 19 14 40 29 17 52 1 14 25 16 20 41
split_gain=8.63637 5.59886 1.96178 0.754601 0.350408 5.25566e-05 7.59913e-06 4.72338e-06 3.5422e-06 4.80288e-07 2.72756e-07 6.40442e-08 1.26364e-08 1.28303e-08 2.72595e-09 1.8773e-09 1.73347e-09 1.10685e-09 2.6876e-10 2.33822e-10 4.26716e-11 3.93974e-11 3.52598e-11 4.66827e-12 7.22666e-12 2.64144e-12 1.20171e-12 1.1382e-12 2.78888e-13 7.72715e-14
threshold=1.5000000000000002 21.000000000000004 5.8285715579986581 1.5000000000000002 11598.000000000002 1298.497741699219 11619.500000000002 23699.500000000004 997.50000000000011 13850000.000000002 2.5229492187500004 19.145161628723148 31272.000000000004 30050000.000000004 68.500000000000014 707.50000000000011 702.47500610351574 1323.8333129882815 90.500000000000014 2.8556319475173955 997.29165649414074 1546.0000000000002 21750000.000000004 7.4166667461395273 5105459.5000000009 210582.96093750003 10750000.000000002 526180.37500000012 80150000.000000015 2352.6491699218755
decision_type=2 2 2 2 2 2 2 2 2 2 2 2 2 2 2 2 2 2 2 2 2 2 2 2 2 2 2 2 2 2
left_child=3 2 -2 5 17 6 20 -4 9 10 -9 -3 -12 15 -13 19 18 -5 21 -14 26 -16 23 24 27 28 29 -21 -25 -1
right_child=1 11 7 4 -6 -7 -8 8 -10 -11 12 14 13 -15 16 -17 -18 -19 -20 22 -22 -23 -24 25 -26 -27 -28 -29 -30 -31
leaf_value=-0.050183600208451133 -0.061755647696331475 -0.050242624244219596 0.050392620448058735 -0.050183488600059445 0.050538826657568717 -0.051224106802295034 -0.050581269637924024 0.050227161268937275 0.050365978558140595 0.050251910880846434 0.050196230173679947 -0.050170942408893485 0.050185204405309464 0.050194654859232024 -0.050183606435461006 0.050188381877212286 -0.050175400257522408 -0.050173565179019247 -0.050179553010950784 0.050183941380623355 -0.050182059567440124 -0.050182079793433088 0.050184260606379642 0.050183601655769121 0.050183601320964694 0.050183776597452934 -0.050183369569283702 0.050183793227674793 0.050183546277450988 -0.050183665372861633
leaf_weight=5.605672464938837 0.41077194735407729 0.045921975048257901 0.31828995514660885 0.08087357785552729 0.28479638323187828 0.12596065923571576 0.12268516654148687 0.40089756716042746 0.29566389136016358 0.29710993915796269 0.23138478398323048 0.046879014465957769 0.25367401540279377 0.28877073060721148 1.6381880647968499 0.22355276346206654 0.069264127640053519 0.043062021024525166 0.042760890210047253 0.21911358553916194 0.045407134923152515 0.043379206210374721 0.23044067341834296 4.1008806666359305 0.60145809594541788 0.21891984157264222 0.056793186580762156 0.31746272556483746 0.2405111314728855 0.045945246703922638
leaf_count=2563 20 17 16 37 9 9 18 31 14 20 20 24 23 25 749 20 34 21 20 20 21 20 21 375 55 20 26 29 22 21
internal_value=1.88542e-05 0.0278635 0.0448864 -0.0457373 0.0199989 -0.0502135 -0.0501919 0.0502038 0.0501962 0.0501896 0.0501871 -0.0501843 0.0501847 0.0501843 -0.0501828 0.0501839 -0.0501832 -0.05018 -0.0501835 0.0501837 -0.0501836 -0.0501836 0.0501837 0.0501836 0.0501837 0.0501836 -0.0501836 0.0501839 0.0501836 -0.0501836
internal_weight=16.9465 10.5353 8.6489 6.4112 0.408732 6.00246 5.8765 8.23813 7.91984 7.62418 7.32707 1.88639 6.92617 6.69478 1.84047 6.40601 1.79359 0.123936 1.72433 6.18246 5.75382 1.68157 5.92879 5.69835 1.13803 4.56031 5.70841 0.536576 4.34139 5.65162
internal_count=4320 1595 731 2725 67 2658 2649 711 695 681 661 864 630 610 847 585 823 58 789 565 2631 769 542 521 104 417 2610 49 397 2584
is_linear=0
shrinkage=0.05


Tree=99
num_leaves=31
num_cat=0
split_feature=67 6 40 51 5 40 5 1 24 21 14 40 18 22 39 24 8 52 19 14 41 29 17 52 1 15 25 16 20 28
split_gain=8.21269 5.32352 1.86355 0.717693 0.333176 4.51593e-05 6.53414e-06 4.06509e-06 3.04668e-06 4.13143e-07 2.34693e-07 5.51099e-08 1.08724e-08 1.10388e-08 2.34248e-09 1.61518e-09 1.48968e-09 9.52532e-10 2.30686e-10 2.01883e-10 3.69269e-11 3.37192e-11 3.03793e-11 4.00835e-12 6.2923e-12 2.31193e-12 1.10667e-12 9.65339e-13 2.41585e-13 4.26326e-14
threshold=1.5000000000000002 21.000000000000004 5.8285715579986581 1.5000000000000002 11598.000000000002 1298.497741699219 11619.500000000002 23699.500000000004 997.50000000000011 13850000.000000002 2.5229492187500004 19.145161628723148 31272.000000000004 30050000.000000004 68.500000000000014 707.50000000000011 702.47500610351574 1323.8333129882815 90.500000000000014 2.8556319475173955 2501.385375976563 1546.0000000000002 21750000.000000004 7.4166667461395273 5105459.5000000009 143.40257263183597 10750000.000000002 526180.37500000012 80150000.000000015 5003391.0000000009
decision_type=2 2 2 2 2 2 2 2 2 2 2 2 2 2 2 2 2 2 2 2 2 2 2 2 2 2 2 2 2 2
left_child=3 2 -2 5 17 6 20 -4 9 10 -9 -3 -12 15 -13 19 18 -5 21 -14 26 -16 23 24 27 28 29 -21 -25 -1
right_child=1 11 7 4 -6 -7 -8 8 -10 -11 12 14 13 -15 16 -17 -18 -19 -20 22 -22 -23 -24 25 -26 -27 -28 -29 -30 -31
leaf_value=-0.050174618962613521 -0.061329539610204792 -0.050230741431344997 0.050373393325200556 -0.05017450704813238 0.050512274024267383 -0.051162983014275625 -0.050552602198355945 0.050216039433874239 0.050348008355319988 0.05023956630365977 0.050186624253214053 -0.050162579022638931 0.050176141544086429 0.050185125991386664 -0.050174614641925269 0.050179160705834461 -0.050166815565369074 -0.050165069089969261 -0.050170764609618473 0.050174937935206936 -0.050173112447336424 -0.05017316666118013 0.050175241837303555 0.05017461474608445 0.050174613707754404 0.050174782507106677 -0.050174391032906912 0.050174798047431163 0.050174561832967202 -0.050174569557917714
leaf_weight=5.3353092281613526 0.39338493160903265 0.04369240626692672 0.30287942197173823 0.076942750019952544 0.27104551903903484 0.11995702050626267 0.1167662520892917 0.38142790179699648 0.28134204819798458 0.28268741164356459 0.22014108486473549 0.044599946006201097 0.2413446782156824 0.27473805937916029 1.5585647777188567 0.21268805768340815 0.06589706684462715 0.04096862324513495 0.040682361694052704 0.20846374519169308 0.041127799777313956 0.041270723100751527 0.21924035716801871 3.9015594962984324 0.57222452666610479 0.20827932935208071 0.054032771149650105 0.30203267000615597 0.22882119566202153 0.043686298886313923
leaf_count=2564 20 17 16 37 9 9 18 31 14 20 20 24 23 25 749 20 34 21 20 20 20 20 21 375 55 20 26 29 22 21
internal_value=1.90942e-05 0.0278513 0.0448639 -0.0457272 0.0199903 -0.0502031 -0.0501825 0.0501938 0.0501866 0.0501803 0.0501779 -0.0501753 0.0501757 0.0501753 -0.0501739 0.0501749 -0.0501742 -0.0501712 -0.0501745 0.0501747 -0.0501746 -0.0501746 0.0501747 0.0501746 0.0501747 0.0501746 -0.0501746 0.0501749 0.0501746 -0.0501746
internal_weight=16.1258 10.026 8.23125 6.09984 0.388957 5.71088 5.59092 7.83787 7.53499 7.25365 6.97096 1.79471 6.58953 6.36939 1.75101 6.09465 1.70641 0.117911 1.64052 5.88197 5.47416 1.59984 5.64062 5.42138 1.08272 4.33866 5.43303 0.510496 4.13038 5.379
internal_count=4320 1595 731 2725 67 2658 2649 711 695 681 661 864 630 610 847 585 823 58 789 565 2631 769 542 521 104 417 2611 49 397 2585
is_linear=0
shrinkage=0.05


Tree=100
num_leaves=31
num_cat=0
split_feature=67 6 40 51 5 40 5 1 24 21 14 40 18 22 39 24 8 52 19 14 40 29 17 52 1 14 25 16 20 41
split_gain=7.80987 5.06177 1.7703 0.682596 0.316797 3.88064e-05 5.61856e-06 3.49847e-06 2.62048e-06 3.55368e-07 2.01891e-07 4.7415e-08 9.35228e-09 9.49501e-09 2.01571e-09 1.38794e-09 1.28113e-09 8.18779e-10 1.98569e-10 1.733e-10 3.19584e-11 2.90439e-11 2.60645e-11 3.42837e-12 5.41944e-12 1.96465e-12 9.80549e-13 7.97973e-13 2.22933e-13 4.79616e-14
threshold=1.5000000000000002 21.000000000000004 5.8285715579986581 1.5000000000000002 11598.000000000002 1298.497741699219 11619.500000000002 23699.500000000004 997.50000000000011 13850000.000000002 2.5229492187500004 19.145161628723148 31272.000000000004 30050000.000000004 68.500000000000014 707.50000000000011 702.47500610351574 1323.8333129882815 90.500000000000014 2.8556319475173955 997.29165649414074 1546.0000000000002 21750000.000000004 7.4166667461395273 5105459.5000000009 210582.96093750003 10750000.000000002 526180.37500000012 80150000.000000015 2352.6491699218755
decision_type=2 2 2 2 2 2 2 2 2 2 2 2 2 2 2 2 2 2 2 2 2 2 2 2 2 2 2 2 2 2
left_child=3 2 -2 5 17 6 20 -4 9 10 -9 -3 -12 15 -13 19 18 -5 21 -14 26 -16 23 24 27 28 29 -21 -25 -1
right_child=1 11 7 4 -6 -7 -8 8 -10 -11 12 14 13 -15 16 -17 -18 -19 -20 22 -22 -23 -24 25 -26 -27 -28 -29 -30 -31
leaf_value=-0.050166075776949759 -0.06090873527324614 -0.050219444809696361 0.050355110416433549 -0.05016596744814749 0.050487040047789422 -0.051104977321446587 -0.050525358548076028 0.050205460460654154 0.050330924853570762 0.050227828283822495 0.050177490234549572 -0.050154625289869928 0.050167521368450256 0.050176065391137538 -0.050166071610296917 0.050170391398054959 -0.050158656461962325 -0.050156996378035362 -0.050162409484177099 0.050166376668832703 -0.050164674254298158 -0.050164693847195276 0.05016666659894721 0.050166071261568648 0.05016606978299093 0.050166229743608681 -0.050165856789015667 0.050166246284956743 0.050166019182095192 -0.050166129617799732
leaf_weight=5.0739497882314035 0.37671957863494565 0.041570616187527665 0.2882097866386174 0.073202353203669079 0.25795208103954792 0.1142328931018709 0.11112987343221892 0.36289995629340399 0.26770938001573075 0.26896183751523484 0.20944183412939299 0.042431338340975233 0.22961261402815569 0.26138492673635472 1.4827988478355107 0.20234960876405228 0.062693169340491184 0.038976674783043563 0.038704543840139993 0.19832983519881942 0.041099902358837315 0.039264389546587952 0.20858262758702029 3.7118942821398382 0.54440718144178391 0.19815440848469723 0.051406087586656102 0.28735010605305433 0.21769758407026518 0.041587197221815475
leaf_count=2563 20 17 16 37 9 9 18 31 14 20 20 24 23 25 749 20 34 21 20 20 21 20 21 375 55 20 26 29 22 21
internal_value=1.93319e-05 0.0278394 0.0448419 -0.0457176 0.0199822 -0.0501932 -0.0501736 0.0501843 0.0501774 0.0501715 0.0501692 -0.0501667 0.0501671 0.0501667 -0.0501654 0.0501663 -0.0501657 -0.0501629 -0.0501659 0.0501662 -0.0501661 -0.050166 0.0501661 0.0501661 0.0501662 0.0501661 -0.0501661 0.0501663 0.0501661 -0.0501661
internal_weight=15.3447 9.54117 7.83371 5.80354 0.370131 5.43341 5.31917 7.45699 7.16878 6.90107 6.6321 1.70746 6.26921 6.05976 1.66589 5.79838 1.62346 0.112179 1.56077 5.59603 5.20804 1.52206 5.36642 5.15783 1.03009 4.12775 5.16694 0.48568 3.92959 5.11554
internal_count=4320 1595 731 2725 67 2658 2649 711 695 681 661 864 630 610 847 585 823 58 789 565 2631 769 542 521 104 417 2610 49 397 2584
is_linear=0
shrinkage=0.05


Tree=101
num_leaves=31
num_cat=0
split_feature=67 6 40 51 5 40 5 1 24 21 14 40 18 22 39 24 8 52 19 14 41 29 17 52 1 14 25 16 20 17
split_gain=7.42688 4.81294 1.68179 0.649219 0.301231 3.33504e-05 4.83178e-06 3.01092e-06 2.25408e-06 3.057e-07 1.73718e-07 4.07914e-08 8.04753e-09 8.1684e-09 1.73443e-09 1.1952e-09 1.10357e-09 7.04464e-10 1.71275e-10 1.49477e-10 2.72289e-11 2.51315e-11 2.2407e-11 2.90257e-12 4.57656e-12 1.68088e-12 7.92255e-13 7.33635e-13 1.85629e-13 2.9754e-14
threshold=1.5000000000000002 21.000000000000004 5.8285715579986581 1.5000000000000002 11598.000000000002 1298.497741699219 11619.500000000002 23699.500000000004 997.50000000000011 13850000.000000002 2.5229492187500004 19.145161628723148 31272.000000000004 30050000.000000004 68.500000000000014 707.50000000000011 702.47500610351574 1323.8333129882815 90.500000000000014 2.8556319475173955 2501.385375976563 1546.0000000000002 21750000.000000004 7.4166667461395273 5105459.5000000009 210582.96093750003 10750000.000000002 526180.37500000012 80150000.000000015 4624315.7500000009
decision_type=2 2 2 2 2 2 2 2 2 2 2 2 2 2 2 2 2 2 2 2 2 2 2 2 2 2 2 2 2 2
left_child=3 2 -2 5 17 6 20 -4 9 10 -9 -3 -12 15 -13 19 18 -5 21 -14 26 -16 23 24 27 28 -1 -21 29 -25
right_child=1 11 7 4 -6 -7 -8 8 -10 -11 12 14 13 -15 16 -17 -18 -19 -20 22 -22 -23 -24 25 -26 -27 -28 -29 -30 -31
leaf_value=-0.050157945819029243 -0.060494378085721889 -0.050208701958603642 0.050337726533622465 -0.050157846459216775 0.050463063941338385 -0.051049927135269069 -0.050499475127943165 0.050195403910833207 0.050314687018465525 0.050216668019735768 0.05016880464713646 -0.050147063348221138 0.050159325484052789 0.050167448526053149 -0.050157949378559878 0.050162054952448534 -0.050150893422635824 -0.050149315172020939 -0.050154462351478593 0.050158236022639503 -0.050156586415943574 -0.050156635426009392 0.050158510760415387 0.05015794656811115 0.050157943732439807 0.050158095283309383 -0.050157743551933358 0.05015810784090699 0.050157896228795407 0.050157932147745624
leaf_weight=4.8686934754950935 0.36073951702564766 0.039551441557705291 0.27424591779708851 0.069643221097066887 0.24548525735735893 0.10877591371536244 0.10576281789690245 0.34526854194700707 0.25473315082490433 0.25589984003454436 0.19926085509359825 0.040367870940826722 0.21844906173646439 0.24867866467684496 1.4107045669807119 0.19251208472996939 0.059644583845510968 0.037081295507960021 0.036822587018832453 0.18868702370673407 0.037225876003503688 0.037355292355641612 0.19844137970358122 3.1359335463494076 0.51793790981173515 0.18852009903639544 0.048906692070886382 0.27337909955531359 0.20711303874850262 0.39548709522932757
leaf_count=2585 20 17 16 37 9 9 18 31 14 20 20 24 23 25 749 20 34 21 20 20 20 20 21 333 55 20 26 29 22 42
internal_value=1.95704e-05 0.0278277 0.0448203 -0.0457085 0.0199744 -0.0501837 -0.0501651 0.0501753 0.0501688 0.0501631 0.0501609 -0.0501585 0.0501589 0.0501586 -0.0501573 0.0501582 -0.0501576 -0.0501549 -0.0501578 0.050158 -0.0501579 -0.0501579 0.050158 0.050158 0.050158 0.0501579 -0.0501579 0.0501582 0.0501579 0.0501579
internal_weight=14.6013 9.07973 7.45529 5.52157 0.35221 5.16936 5.06059 7.09455 6.8203 6.56557 6.30967 1.62445 5.9644 5.76514 1.58489 5.51646 1.54453 0.106725 1.48488 5.32395 4.95483 1.44806 5.1055 4.90706 0.980004 3.92705 4.9176 0.462066 3.73853 3.53142
internal_count=4320 1595 731 2725 67 2658 2649 711 695 681 661 864 630 610 847 585 823 58 789 565 2631 769 542 521 104 417 2611 49 397 375
is_linear=0
shrinkage=0.05


Tree=102
num_leaves=31
num_cat=0
split_feature=67 6 40 51 5 40 5 1 24 21 14 40 18 22 39 24 8 52 19 14 41 29 17 52 1 15 25 16 20 17
split_gain=7.06275 4.57638 1.59776 0.617478 0.286434 2.86635e-05 4.15528e-06 2.5913e-06 1.93887e-06 2.62967e-07 1.49477e-07 3.50987e-08 6.92472e-09 7.02853e-09 1.4916e-09 1.02785e-09 9.4898e-10 6.06216e-10 1.47309e-10 1.28312e-10 2.34222e-11 2.16016e-11 1.92264e-11 2.52509e-12 4.00124e-12 1.44507e-12 6.84786e-13 5.75373e-13 1.61648e-13 2.4869e-14
threshold=1.5000000000000002 21.000000000000004 5.8285715579986581 1.5000000000000002 11598.000000000002 1298.497741699219 11619.500000000002 23699.500000000004 997.50000000000011 13850000.000000002 2.5229492187500004 19.145161628723148 31272.000000000004 30050000.000000004 68.500000000000014 707.50000000000011 702.47500610351574 1323.8333129882815 90.500000000000014 2.8556319475173955 2501.385375976563 1546.0000000000002 21750000.000000004 7.4166667461395273 5105459.5000000009 143.40257263183597 10750000.000000002 526180.37500000012 80150000.000000015 4624315.7500000009
decision_type=2 2 2 2 2 2 2 2 2 2 2 2 2 2 2 2 2 2 2 2 2 2 2 2 2 2 2 2 2 2
left_child=3 2 -2 5 17 6 20 -4 9 10 -9 -3 -12 15 -13 19 18 -5 21 -14 26 -16 23 24 27 28 -1 -21 29 -25
right_child=1 11 7 4 -6 -7 -8 8 -10 -11 12 14 13 -15 16 -17 -18 -19 -20 22 -22 -23 -24 25 -26 -27 -28 -29 -30 -31
leaf_value=-0.050150218448144636 -0.060087475454797305 -0.050198487577922148 0.050321196401827244 -0.050150124994976619 0.050440275189304731 -0.050997674817967402 -0.050474879459520533 0.05018584173940982 0.050299247434827082 0.050206055879351813 0.050160545904859737 -0.050139872168591504 0.050151529556686975 0.050159256084537973 -0.050150222240453728 0.05015412573352962 -0.050143513965848867 -0.050142011184675643 -0.050146906752403644 0.0501504929917337 -0.050148925836421922 -0.050148973304440153 0.050150755563588549 0.050150219634988683 0.050150216639403215 0.050150360961489254 -0.05015002559857952 0.05015037661643873 0.050150171475590158 0.050150205981307532
leaf_weight=4.6319401368964472 0.34541129413991978 0.03762995684519399 0.26095431856811035 0.066256624297238775 0.23361564427614212 0.10357418842613686 0.10065249586477865 0.32849059440195549 0.24238216225057829 0.24346961081027974 0.18957321066409338 0.038404475490096845 0.20782665722072113 0.23658812418580044 1.3421052364865316 0.18315137922763813 0.05674382357392449 0.035277827410027385 0.03503187303431321 0.17951165791600932 0.035415620659477898 0.035538745578378328 0.18879173323512066 2.9834404056891812 0.49275177624076605 0.17935277614742506 0.046528463601134606 0.260085329413414 0.19704159721732128 0.37625545822083939
leaf_count=2585 20 17 16 37 9 9 18 31 14 20 20 24 23 25 749 20 34 21 20 20 20 20 21 333 55 20 26 29 22 42
internal_value=1.98058e-05 0.0278163 0.0447992 -0.0456998 0.019967 -0.0501747 -0.050157 0.0501667 0.0501605 0.0501551 0.050153 -0.0501508 0.0501512 0.0501508 -0.0501496 0.0501504 -0.0501499 -0.0501473 -0.0501501 0.0501503 -0.0501502 -0.0501502 0.0501503 0.0501502 0.0501503 0.0501502 -0.0501502 0.0501504 0.0501502 0.0501502
internal_weight=13.8938 8.64053 7.09508 5.25326 0.33515 4.91811 4.81454 6.74967 6.48871 6.24633 6.00286 1.54545 5.67437 5.4848 1.50782 5.24821 1.46942 0.101534 1.41268 5.06506 4.71388 1.37764 4.85723 4.66844 0.932349 3.73609 4.67847 0.439597 3.55674 3.3597
internal_count=4320 1595 731 2725 67 2658 2649 711 695 681 661 864 630 610 847 585 823 58 789 565 2631 769 542 521 104 417 2611 49 397 375
is_linear=0
shrinkage=0.05


Tree=103
num_leaves=31
num_cat=0
split_feature=67 6 40 51 5 40 5 1 24 21 14 40 18 22 39 24 8 52 19 14 41 29 17 52 1 15 25 16 20 28
split_gain=6.71653 4.3515 1.518 0.587293 0.272369 2.46371e-05 3.57355e-06 2.23017e-06 1.66789e-06 2.26236e-07 1.28626e-07 3.02023e-08 5.95686e-09 6.04745e-09 1.28254e-09 8.84824e-10 8.154e-10 5.21209e-10 1.26495e-10 1.10668e-10 2.01092e-11 1.84996e-11 1.66649e-11 2.1787e-12 3.43947e-12 1.26477e-12 5.82645e-13 5.07538e-13 1.35891e-13 1.86517e-14
threshold=1.5000000000000002 21.000000000000004 5.8285715579986581 1.5000000000000002 11598.000000000002 1298.497741699219 11619.500000000002 23699.500000000004 997.50000000000011 13850000.000000002 2.5229492187500004 19.145161628723148 31272.000000000004 30050000.000000004 68.500000000000014 707.50000000000011 702.47500610351574 1323.8333129882815 90.500000000000014 2.8556319475173955 2501.385375976563 1546.0000000000002 21750000.000000004 7.4166667461395273 5105459.5000000009 143.40257263183597 10750000.000000002 526180.37500000012 80150000.000000015 5003391.0000000009
decision_type=2 2 2 2 2 2 2 2 2 2 2 2 2 2 2 2 2 2 2 2 2 2 2 2 2 2 2 2 2 2
left_child=3 2 -2 5 17 6 20 -4 9 10 -9 -3 -12 15 -13 19 18 -5 21 -14 26 -16 23 24 27 28 29 -21 -25 -1
right_child=1 11 7 4 -6 -7 -8 8 -10 -11 12 14 13 -15 16 -17 -18 -19 -20 22 -22 -23 -24 25 -26 -27 -28 -29 -30 -31
leaf_value=-0.050142870746427176 -0.059688905565434616 -0.05018877332098555 0.0503054781367437 -0.050142780702713156 0.050418618006723398 -0.050948073522455464 -0.050451502083278671 0.0501767491784628 0.050284573210993624 0.050195967834041455 0.050152690716820582 -0.050133031981898717 0.050144118568343082 0.050151465100092774 -0.050142871454104523 0.050146587039437078 -0.050136496304479743 -0.050135067326165086 -0.05013972160113897 0.050143132164099428 -0.050141642494721375 -0.05014168649491843 0.050143382770830081 0.050142869741678912 0.050142868623509786 0.050143006812069395 -0.050142688172101962 0.050143020098317198 0.050142825941439095 -0.050142834057808033
leaf_weight=4.3708777317078793 0.33070413302629997 0.035801475634798297 0.24830303341150273 0.063034248887561151 0.2223151121288538 0.098616317845880874 0.095786858350038417 0.31252511870115984 0.2306266352534293 0.23164083342999209 0.18035514652729023 0.036536325234919675 0.19771931692957867 0.22508366685360659 1.2768324055941773 0.17424451280385245 0.053983757970854529 0.033561839023604989 0.033328003250062355 0.17078120820224274 0.033693151897750684 0.033810289343818911 0.17960999254137267 3.196298075839878 0.46878694370388985 0.17063003126531828 0.044265557546168455 0.24743619281798601 0.18745852820575226 0.035789379500783869
leaf_count=2564 20 17 16 37 9 9 18 31 14 20 20 24 23 25 749 20 34 21 20 20 20 20 21 375 55 20 26 29 22 21
internal_value=2.00383e-05 0.0278052 0.0447785 -0.0456915 0.01996 -0.0501661 -0.0501493 0.0501586 0.0501526 0.0501475 0.0501456 -0.0501434 0.0501438 0.0501434 -0.0501423 0.0501431 -0.0501425 -0.0501401 -0.0501428 0.050143 -0.0501429 -0.0501428 0.0501429 0.0501429 0.050143 0.0501429 -0.0501429 0.0501431 0.0501429 -0.0501429
internal_weight=13.2204 8.2225 6.7522 4.99794 0.318911 4.67903 4.58041 6.4215 6.1732 5.94257 5.71093 1.47029 5.3984 5.21805 1.43449 4.99296 1.39795 0.0965961 1.34397 4.81872 4.48463 1.31064 4.621 4.44139 0.887004 3.55439 4.45093 0.418217 3.38376 4.40667
internal_count=4320 1595 731 2725 67 2658 2649 711 695 681 661 864 630 610 847 585 823 58 789 565 2631 769 542 521 104 417 2611 49 397 2585
is_linear=0
shrinkage=0.05


Tree=104
num_leaves=31
num_cat=0
split_feature=67 6 40 51 5 40 5 1 24 21 14 40 18 22 39 24 8 52 19 14 41 29 17 52 1 16 25 16 20 17
split_gain=6.38734 4.1377 1.44227 0.558587 0.259 2.11774e-05 3.07341e-06 1.91939e-06 1.43473e-06 1.9462e-07 1.10667e-07 2.59893e-08 5.12471e-09 5.19885e-09 1.10317e-09 7.61329e-10 7.01464e-10 4.48395e-10 1.08848e-10 9.48388e-11 1.73603e-11 1.59128e-11 1.42562e-11 1.83853e-12 2.90246e-12 1.04539e-12 5.0715e-13 4.79172e-13 1.22125e-13 1.9984e-14
threshold=1.5000000000000002 21.000000000000004 5.8285715579986581 1.5000000000000002 11598.000000000002 1298.497741699219 11619.500000000002 23699.500000000004 997.50000000000011 13850000.000000002 2.5229492187500004 19.145161628723148 31272.000000000004 30050000.000000004 68.500000000000014 707.50000000000011 702.47500610351574 1323.8333129882815 90.500000000000014 2.8556319475173955 2501.385375976563 1546.0000000000002 21750000.000000004 7.4166667461395273 5105459.5000000009 8210.5000000000018 10750000.000000002 526180.37500000012 80150000.000000015 4624315.7500000009
decision_type=2 2 2 2 2 2 2 2 2 2 2 2 2 2 2 2 2 2 2 2 2 2 2 2 2 2 2 2 2 2
left_child=3 2 -2 5 17 6 20 -4 9 10 -9 -3 -12 15 -13 19 18 -5 21 -14 26 -16 23 24 27 -25 -1 -21 29 -27
right_child=1 11 7 4 -6 -7 -8 8 -10 -11 12 14 13 -15 16 -17 -18 -19 -20 22 -22 -23 -24 25 -26 28 -28 -29 -30 -31
leaf_value=-0.050135883350254956 -0.059299416268046225 -0.05017953883060855 0.050290532986103691 -0.050135797554352324 0.050398035350473963 -0.050900976943267111 -0.050429287808805956 0.050168101964113865 0.050270619671658023 0.050186374277246884 0.050145222771983813 -0.050126528497887873 0.050137069170763583 0.050144054503902261 -0.050135884470015928 0.050139418931655438 -0.050129822173487139 -0.050128462590720194 -0.050132888823854097 0.050136134824770175 -0.050134713596735742 -0.050134757724620171 0.050136370447330804 0.05013601190713151 0.050135883014219042 0.050135885676986951 -0.050135709097754493 0.050136023189634921 0.050135841591862157 0.050135872854410228
leaf_weight=4.1923209748929366 0.3165896632708608 0.034061526879668125 0.23626157175749529 0.059968172456137725 0.21155687235295773 0.09389134682714928 0.091154402587562688 0.2973330309614538 0.219438200816512 0.22038463130593289 0.17158402688801278 0.03475882316706691 0.18810220714658488 0.2141370465978979 1.2147255642339585 0.16576960776001204 0.051357603981159516 0.031929108197800815 0.031706789392046519 0.16247421596199263 0.032054233946837374 0.032165674958377966 0.17087360471487034 0.16233037784695659 0.44598450418561697 2.7002809094265112 0.042112413910217472 0.23540060501545668 0.1783402869477867 0.3405448906123637
leaf_count=2585 20 17 16 37 9 9 18 31 14 20 20 24 23 25 749 20 34 21 20 20 20 20 21 20 55 333 26 29 22 42
internal_value=2.0267e-05 0.0277944 0.0447584 -0.0456836 0.0199534 -0.050158 -0.050142 0.0501508 0.0501452 0.0501403 0.0501384 -0.0501364 0.0501367 0.0501364 -0.0501353 0.0501361 -0.0501356 -0.0501332 -0.0501358 0.050136 -0.0501359 -0.0501359 0.0501359 0.0501359 0.050136 0.0501359 -0.0501359 0.0501361 0.0501359 0.0501359
internal_weight=12.5796 7.82461 6.42583 4.75499 0.303454 4.45153 4.35764 6.10924 5.87298 5.65354 5.43316 1.39878 5.13582 4.96424 1.36471 4.7501 1.32996 0.0918973 1.2786 4.58433 4.26649 1.24689 4.39623 4.22536 0.843859 3.3815 4.23443 0.397875 3.21917 3.04083
internal_count=4320 1595 731 2725 67 2658 2649 711 695 681 661 864 630 610 847 585 823 58 789 565 2631 769 542 521 104 417 2611 49 397 375
is_linear=0
shrinkage=0.05


Tree=105
num_leaves=31
num_cat=0
split_feature=67 6 40 51 5 40 5 1 24 21 14 40 18 22 39 24 8 52 19 14 40 29 17 52 1 14 25 16 20 41
split_gain=6.07435 3.93446 1.37039 0.531287 0.24629 1.82048e-05 2.64342e-06 1.65188e-06 1.23427e-06 1.67439e-07 9.5225e-08 2.23609e-08 4.41093e-09 4.47534e-09 9.48982e-10 6.54577e-10 6.03163e-10 3.85692e-10 9.3672e-11 8.1644e-11 1.48832e-11 1.36857e-11 1.22924e-11 1.6156e-12 2.5262e-12 9.3392e-13 4.44089e-13 3.97959e-13 9.99201e-14 2.66454e-14
threshold=1.5000000000000002 21.000000000000004 5.8285715579986581 1.5000000000000002 11598.000000000002 1298.497741699219 11619.500000000002 23699.500000000004 997.50000000000011 13850000.000000002 2.5229492187500004 19.145161628723148 31272.000000000004 30050000.000000004 68.500000000000014 707.50000000000011 702.47500610351574 1323.8333129882815 90.500000000000014 2.8556319475173955 997.29165649414074 1546.0000000000002 21750000.000000004 7.4166667461395273 5105459.5000000009 210582.96093750003 10750000.000000002 526180.37500000012 80150000.000000015 2352.6491699218755
decision_type=2 2 2 2 2 2 2 2 2 2 2 2 2 2 2 2 2 2 2 2 2 2 2 2 2 2 2 2 2 2
left_child=3 2 -2 5 17 6 20 -4 9 10 -9 -3 -12 15 -13 19 18 -5 21 -14 26 -16 23 24 27 28 29 -21 -25 -1
right_child=1 11 7 4 -6 -7 -8 8 -10 -11 12 14 13 -15 16 -17 -18 -19 -20 22 -22 -23 -24 25 -26 -27 -28 -29 -30 -31
leaf_value=-0.050129238861832952 -0.058919625066392568 -0.05017075400824688 0.050276317915205739 -0.050129156831878345 0.050378472677612446 -0.05085626190984726 -0.050408177920534585 0.050159878282330018 0.050257355587347154 0.050177251932576272 0.050138121032775367 -0.050120343197351869 0.050130365723486718 0.050137010296689169 -0.050129239843016198 0.050132598862559143 -0.050123476361815356 -0.05012218224974762 -0.050126390695844528 0.050129476936547956 -0.050128155511222586 -0.050128168538490003 0.050129701391866302 0.050129238194806136 0.050129237544495032 0.050129362028420013 -0.050129071947836668 0.050129372629304503 0.050129198687338054 -0.050129284408370237
leaf_weight=3.9544263153802608 0.30304169515147794 0.032405855949036666 0.22480089589953411 0.057050855830311664 0.20131529308855534 0.089388756081461795 0.086744145490229019 0.28287712577730406 0.20878977328538884 0.20967349782586087 0.16323831258341659 0.033067593001760431 0.17895167693495739 0.20372135890647758 1.1556319557130335 0.15770583553239692 0.048858893918804713 0.030375616857782006 0.030164242140017339 0.15457026148214925 0.032031231676228233 0.030600856989622005 0.16256107762455929 2.8928966596722612 0.42428840370848775 0.15443344600498665 0.040063736960291751 0.22394894016906619 0.16966444067656983 0.032411484979092964
leaf_count=2563 20 17 16 37 9 9 18 31 14 20 20 24 23 25 749 20 34 21 20 20 21 20 21 375 55 20 26 29 22 21
internal_value=2.04921e-05 0.0277838 0.0447387 -0.0456762 0.0199471 -0.0501503 -0.0501351 0.0501434 0.0501381 0.0501335 0.0501317 -0.0501297 0.05013 0.0501298 -0.0501287 0.0501294 -0.0501289 -0.0501267 -0.0501291 0.0501293 -0.0501292 -0.0501292 0.0501293 0.0501293 0.0501293 0.0501292 -0.0501292 0.0501294 0.0501292 -0.0501292
internal_weight=11.9697 7.44589 6.11516 4.52381 0.288742 4.23507 4.14568 5.81212 5.58732 5.37853 5.16886 1.33073 4.88598 4.72274 1.29832 4.51902 1.26526 0.0874265 1.2164 4.36131 4.05893 1.18623 4.18236 4.0198 0.802808 3.21699 4.0269 0.378519 3.06256 3.98684
internal_count=4320 1595 731 2725 67 2658 2649 711 695 681 661 864 630 610 847 585 823 58 789 565 2631 769 542 521 104 417 2610 49 397 2584
is_linear=0
shrinkage=0.05


Tree=106
num_leaves=31
num_cat=0
split_feature=67 6 40 51 5 40 5 1 24 21 14 40 18 22 39 24 8 52 19 14 41 29 17 52 1 14 25 16 20 17
split_gain=5.77674 3.74123 1.30215 0.505323 0.234208 1.56506e-05 2.27361e-06 1.42169e-06 1.06184e-06 1.44041e-07 8.19394e-08 1.92412e-08 3.79519e-09 3.85058e-09 8.16381e-10 5.63132e-10 5.19297e-10 3.32034e-10 8.05647e-11 7.02345e-11 1.28844e-11 1.17792e-11 1.05396e-11 1.38334e-12 2.15405e-12 7.94476e-13 3.71259e-13 3.32068e-13 8.61533e-14 1.37668e-14
threshold=1.5000000000000002 21.000000000000004 5.8285715579986581 1.5000000000000002 11598.000000000002 1298.497741699219 11619.500000000002 23699.500000000004 997.50000000000011 13850000.000000002 2.5229492187500004 19.145161628723148 31272.000000000004 30050000.000000004 68.500000000000014 707.50000000000011 702.47500610351574 1323.8333129882815 90.500000000000014 2.8556319475173955 2501.385375976563 1546.0000000000002 21750000.000000004 7.4166667461395273 5105459.5000000009 210582.96093750003 10750000.000000002 526180.37500000012 80150000.000000015 4624315.7500000009
decision_type=2 2 2 2 2 2 2 2 2 2 2 2 2 2 2 2 2 2 2 2 2 2 2 2 2 2 2 2 2 2
left_child=3 2 -2 5 17 6 20 -4 9 10 -9 -3 -12 15 -13 19 18 -5 21 -14 26 -16 23 24 27 28 -1 -21 29 -25
right_child=1 11 7 4 -6 -7 -8 8 -10 -11 12 14 13 -15 16 -17 -18 -19 -20 22 -22 -23 -24 25 -26 -27 -28 -29 -30 -31
leaf_value=-0.050122920760827298 -0.058550033145674266 -0.050162402519877129 0.050262802755691782 -0.050122843798259022 0.050359877710972903 -0.050813807873851424 -0.050388111362468194 0.050152059324626741 0.050244745555248507 0.050168576386061495 0.050131367189720832 -0.050114461250525814 0.050123991795749306 0.050130310847622955 -0.050122921445102692 0.050126115415164985 -0.050117438620336907 -0.050116209109222744 -0.050120212406249968 0.050123145259839644 -0.050121861509749503 -0.050121902452195957 0.050123359389701527 0.050122920960289245 0.050122919253526549 0.050123036786249388 -0.050122763865339461 0.050123047581040227 0.050122882092453941 0.050122909762048418
leaf_weight=3.7943251453107236 0.29003596212714899 0.030830406351014861 0.21389328036457289 0.054275117581710108 0.19156594946980476 0.085098462179303058 0.082545615267008432 0.26912193838506926 0.19865556899458159 0.19948121905326832 0.15529748005792487 0.031458466197363921 0.17024520132690657 0.19381099799647916 1.0994061953388152 0.15003334637731303 0.046481474710162618 0.02889753773342818 0.028696562629192957 0.14704988617450077 0.029011091566644498 0.029111983138136455 0.15465195197612036 2.44393117260188 0.40364520903676748 0.14691970869898785 0.038114481139927991 0.21305302577093244 0.16140963416546572 0.30821544164791692
leaf_count=2585 20 17 16 37 9 9 18 31 14 20 20 24 23 25 749 20 34 21 20 20 20 20 21 333 55 20 26 29 22 42
internal_value=2.07127e-05 0.0277736 0.0447196 -0.0456691 0.0199411 -0.0501429 -0.0501285 0.0501364 0.0501313 0.0501269 0.0501252 -0.0501234 0.0501237 0.0501234 -0.0501224 0.0501231 -0.0501226 -0.0501205 -0.0501228 0.050123 -0.0501229 -0.0501229 0.050123 0.0501229 0.050123 0.0501229 -0.0501229 0.0501231 0.0501229 0.0501229
internal_weight=11.3893 7.08544 5.81945 4.30383 0.274739 4.02909 3.944 5.52942 5.31552 5.11687 4.91738 1.26599 4.64826 4.49297 1.23515 4.29915 1.2037 0.0831727 1.15721 4.14912 3.86145 1.12852 3.97888 3.82422 0.763748 3.06048 3.83244 0.360103 2.91356 2.75215
internal_count=4320 1595 731 2725 67 2658 2649 711 695 681 661 864 630 610 847 585 823 58 789 565 2631 769 542 521 104 417 2611 49 397 375
is_linear=0
shrinkage=0.05


Tree=107
num_leaves=31
num_cat=0
split_feature=67 6 40 5 40 1 24 21 14 40 18 22 39 52 24 8 19 14 29 17 52 1 27 14 16 20 28 41 17 21
split_gain=5.49376 3.55753 1.23736 0.480644 1.36763e-05 1.22361e-06 9.13482e-07 1.23926e-07 7.05017e-08 1.65581e-08 3.2663e-09 3.31326e-09 7.02313e-10 5.53653e-10 4.84721e-10 4.46483e-10 6.93554e-11 6.06049e-11 1.01588e-11 9.09761e-12 1.22347e-12 1.90759e-12 8.00693e-13 6.91003e-13 2.84162e-13 7.06102e-14 4.92939e-14 2.22045e-14 9.76996e-15 1.01585e-14
threshold=1.5000000000000002 21.000000000000004 5.8285715579986581 11598.000000000002 1298.497741699219 23699.500000000004 997.50000000000011 13850000.000000002 2.5229492187500004 19.145161628723148 31272.000000000004 30050000.000000004 68.500000000000014 1323.8333129882815 707.50000000000011 702.47500610351574 90.500000000000014 2.8556319475173955 1546.0000000000002 21750000.000000004 7.4166667461395273 5105459.5000000009 2839912.7500000005 210582.96093750003 526180.37500000012 80150000.000000015 5004535.0000000009 2462.894409179688 4624315.7500000009 10150000.000000002
decision_type=2 2 2 2 2 2 2 2 2 2 2 2 2 2 2 2 2 2 2 2 2 2 2 2 2 2 2 2 2 2
left_child=3 2 -2 4 13 -4 7 8 -7 -3 -10 14 -11 22 17 16 18 -12 -14 20 21 24 26 25 -19 28 27 -1 -22 -30
right_child=1 9 5 -5 -6 6 -8 -9 10 12 11 -13 15 -15 -16 -17 -18 19 -20 -21 23 -23 -24 -25 -26 -27 -28 -29 29 -31
leaf_value=-0.050116911511619788 -0.058191033464546849 -0.050154461276905649 0.050249951177164957 0.020013574131933217 -0.050773484195705015 0.05014462171107769 0.050232752800644154 0.050160327608674851 0.050124944569904073 -0.05010886674689298 0.050117930852250116 0.050123939151188984 -0.050116911869851802 -0.050110082989961384 0.050119949667834764 -0.050111699464082352 -0.050114334843377344 0.05011712619454986 -0.050115941658839314 0.0501173286373158 0.050116910655013718 0.050116909087114039 -0.050116670415915693 0.050117021591999537 0.050117033556571391 0.050116874648531741 -0.050116854280139289 -0.050116956280858806 0.050116891640354634 0.05011691023948428
leaf_weight=3.6222736580530204 0.27754991338588286 0.029331316123716422 0.2035123063251375 0.26083433814346779 0.081010825932025798 0.25603372324258078 0.18901099264621724 0.18978282250463951 0.1477419827133416 0.029927475319709518 0.1619613375514749 0.18438156647607673 1.0459098151186479 0.029944828478619345 0.14273324701935042 0.044219483039341756 0.027300135465338715 0.1398945548571654 0.027695385157130548 0.14712674356997002 2.3250109581276788 0.38400408066809177 0.034837911720387527 0.13977069919928897 0.20268601644784212 0.15355553338304151 0.037684954237192758 0.027938823797739931 0.14659758936613787 0.14662027172744274
leaf_count=2594 20 17 16 27 9 31 14 20 20 24 23 25 749 23 20 34 20 20 20 21 333 55 25 20 29 22 27 20 21 21
internal_value=2.0928e-05 0.0277636 0.044701 -0.0456623 -0.0501307 0.0501297 0.0501249 0.0501207 0.0501191 -0.0501174 0.0501176 0.0501174 -0.0501164 -0.0501169 0.0501171 -0.0501166 -0.0501168 0.050117 -0.0501169 0.0501169 0.0501169 0.050117 -0.0501169 0.0501169 0.0501171 0.0501169 -0.0501169 -0.0501169 0.0501169 0.0501169
internal_weight=10.8369 6.74236 5.53797 4.09453 3.83369 5.26042 5.05691 4.8679 4.67812 1.20438 4.42208 4.27434 1.17505 3.75268 4.08996 1.14512 1.10091 3.94723 1.07361 3.78527 3.63814 0.726585 3.72274 2.91156 0.342581 2.77178 3.6879 3.65021 2.61823 0.293218
internal_count=4320 1595 731 2725 2698 711 695 681 661 864 630 610 847 2689 585 823 789 565 769 542 521 104 2666 417 49 397 2641 2614 375 42
is_linear=0
shrinkage=0.05


Tree=108
num_leaves=31
num_cat=0
split_feature=67 6 40 51 5 40 5 1 24 21 14 40 18 22 39 24 8 52 19 14 40 29 17 52 1 14 25 16 20 41
split_gain=5.21604 3.38288 1.17584 0.474786 0.213752 1.15345e-05 2.20512e-06 1.05309e-06 7.85891e-07 1.06626e-07 6.0658e-08 1.42478e-08 2.80956e-09 2.85043e-09 6.04185e-10 4.17169e-10 3.84056e-10 2.4573e-10 5.96736e-11 5.19362e-11 9.52749e-12 8.73901e-12 7.78799e-12 9.93428e-13 1.61171e-12 5.72431e-13 2.76223e-13 2.503e-13 7.06102e-14 1.5099e-14
threshold=1.5000000000000002 21.000000000000004 5.8285715579986581 1.5000000000000002 11598.000000000002 1298.497741699219 11619.500000000002 23699.500000000004 997.50000000000011 13850000.000000002 2.5229492187500004 19.145161628723148 31272.000000000004 30050000.000000004 68.500000000000014 707.50000000000011 702.47500610351574 1323.8333129882815 90.500000000000014 2.8556319475173955 997.29165649414074 1546.0000000000002 21750000.000000004 7.4166667461395273 5105459.5000000009 210582.96093750003 10750000.000000002 526180.37500000012 80150000.000000015 2352.6491699218755
decision_type=2 2 2 2 2 2 2 2 2 2 2 2 2 2 2 2 2 2 2 2 2 2 2 2 2 2 2 2 2 2
left_child=3 2 -2 5 17 6 20 -4 9 10 -9 -3 -12 15 -13 19 18 -5 21 -14 26 -16 23 24 27 28 29 -21 -25 -1
right_child=1 11 7 4 -6 -7 -8 8 -10 -11 12 14 13 -15 16 -17 -18 -19 -20 22 -22 -23 -24 25 -26 -27 -28 -29 -30 -31
leaf_value=-0.050111196932642738 -0.057842916068434405 -0.050146908445213058 0.050237728634326011 -0.050111126415480871 0.050335422910510089 -0.050735193578167942 -0.050376500425130068 0.050137549713364017 0.050221353316879672 0.050152486132370999 0.050118836326652663 -0.050103547283203077 0.050112165439030812 0.050117880824916139 -0.050111197725657954 0.050114087532693002 -0.05010624130214595 -0.050105126774884302 -0.050108746949120965 0.050111400442582221 -0.050110262808090306 -0.050110275141555298 0.050111593672468507 0.050111196732599145 0.050111194751705938 0.050111301128768007 -0.050111055051590442 0.050111311295412346 0.050111160972388581 -0.05011123401104272
leaf_weight=3.4048010228434604 0.26556251407600928 0.027904907707124837 0.19363280292600382 0.049121349700726458 0.17872175574302673 0.077116576954722293 0.080112945288419612 0.24358029291033734 0.17983260191977013 0.18055452127009619 0.14055321691557754 0.028470841876696684 0.15407966542989093 0.1754098399542271 0.99501074745785423 0.13578754756599654 0.042067339993081876 0.026153222541324794 0.025971514987759181 0.13308663759380657 0.027579096728004404 0.02634756953921169 0.13996690046042193 2.4908131272532055 0.36531658703461289 0.1329687968827783 0.034495262661948689 0.19282235950231552 0.14608277566730965 0.027906644390895852
leaf_count=2563 20 17 16 37 9 9 18 31 14 20 20 24 23 25 749 20 34 21 20 20 21 20 21 375 55 20 26 29 22 21
internal_value=2.05961e-05 0.027754 0.0446829 -0.0455329 0.0205676 -0.0501302 -0.0501171 0.0501234 0.0501188 0.0501148 0.0501133 -0.0501116 0.0501119 0.0501116 -0.0501107 0.0501114 -0.0501109 -0.050109 -0.0501111 0.0501113 -0.0501112 -0.0501112 0.0501112 0.0501112 0.0501113 0.0501112 -0.0501112 0.0501113 0.0501112 -0.0501112
internal_weight=10.3218 6.41582 5.27005 3.90601 0.253996 3.65201 3.57489 5.00449 4.81085 4.63102 4.45047 1.14577 4.20689 4.06633 1.11787 3.89092 1.0894 0.0752746 1.04733 3.75514 3.49478 1.02136 3.60106 3.46109 0.691226 2.76986 3.4672 0.325909 2.6369 3.43271
internal_count=4320 1595 731 2725 67 2658 2649 711 695 681 661 864 630 610 847 585 823 58 789 565 2631 769 542 521 104 417 2610 49 397 2584
is_linear=0
shrinkage=0.05


Tree=109
num_leaves=31
num_cat=0
split_feature=67 6 40 51 5 40 5 1 24 21 14 40 18 22 39 24 8 52 19 14 41 29 17 52 1 15 25 16 20 17
split_gain=4.96061 3.21685 1.11743 0.451591 0.203273 9.91794e-06 1.8968e-06 9.06353e-07 6.76127e-07 9.17403e-08 5.21995e-08 1.22587e-08 2.41764e-09 2.45185e-09 5.19831e-10 3.58403e-10 3.30851e-10 2.11337e-10 5.13958e-11 4.47073e-11 8.24807e-12 7.51499e-12 6.72795e-12 8.54872e-13 1.37634e-12 4.99156e-13 2.4869e-13 2.12885e-13 5.86198e-14 1.11022e-14
threshold=1.5000000000000002 21.000000000000004 5.8285715579986581 1.5000000000000002 11598.000000000002 1298.497741699219 11619.500000000002 23699.500000000004 997.50000000000011 13850000.000000002 2.5229492187500004 19.145161628723148 31272.000000000004 30050000.000000004 68.500000000000014 707.50000000000011 702.47500610351574 1323.8333129882815 90.500000000000014 2.8556319475173955 2501.385375976563 1546.0000000000002 21750000.000000004 7.4166667461395273 5105459.5000000009 143.40257263183597 10750000.000000002 526180.37500000012 80150000.000000015 4624315.7500000009
decision_type=2 2 2 2 2 2 2 2 2 2 2 2 2 2 2 2 2 2 2 2 2 2 2 2 2 2 2 2 2 2
left_child=3 2 -2 5 17 6 20 -4 9 10 -9 -3 -12 15 -13 19 18 -5 21 -14 26 -16 23 24 27 28 -1 -21 29 -25
right_child=1 11 7 4 -6 -7 -8 8 -10 -11 12 14 13 -15 16 -17 -18 -19 -20 22 -22 -23 -24 25 -26 -27 -28 -29 -30 -31
leaf_value=-0.050105762917003777 -0.057505878278873247 -0.050139723768086508 0.050226105756046684 -0.050105694788282452 0.050318952664963772 -0.05069883022839751 -0.050358005049719171 0.050130825761288716 0.050210512854446089 0.050145027738567584 0.05011302763501544 -0.050098487649722648 0.050106683484012218 0.050112117736382501 -0.050105763383767869 0.050108509223163768 -0.050101046884948167 -0.050099990268073873 -0.050103431496001896 0.050105955140631146 -0.050104849508435627 -0.050104886232927637 0.050106140224516482 0.050105763158251965 0.050105760363330136 0.050105861892880736 -0.05010562469579366 0.050105870847448324 0.050105728556853718 0.050105752135853436
leaf_weight=3.2668960436712973 0.25405408791266371 0.026547676534391829 0.18423076905310143 0.046730610309168585 0.17005962878465652 0.073406847193837055 0.076233075466006883 0.2317310357466339 0.17109806369990099 0.17177367443218816 0.13371346285566676 0.027084968227427342 0.14658074174076441 0.16687370603904117 0.94658357789739944 0.12917912518605579 0.040019734995439649 0.024880200973711908 0.024707424337975681 0.12660933658480722 0.02497830957872782 0.025065211113542318 0.13315476058050979 2.1042132321745171 0.34753662766888738 0.12649718252941955 0.032816375140100607 0.18343771807849407 0.13897292129695404 0.26537203555926669
leaf_count=2585 20 17 16 37 9 9 18 31 14 20 20 24 23 25 749 20 34 21 20 20 20 20 21 333 55 20 26 29 22 42
internal_value=2.08021e-05 0.0277446 0.0446653 -0.0455268 0.0205621 -0.0501238 -0.0501114 0.0501174 0.050113 0.0501092 0.0501078 -0.0501062 0.0501064 0.0501062 -0.0501053 0.0501059 -0.0501055 -0.0501037 -0.0501057 0.0501058 -0.0501058 -0.0501057 0.0501058 0.0501058 0.0501058 0.0501058 -0.0501058 0.0501059 0.0501058 0.0501058
internal_weight=9.82104 6.10504 5.01503 3.716 0.24167 3.47433 3.40092 4.76097 4.57674 4.40565 4.23387 1.09001 4.00214 3.86843 1.06346 3.70155 1.03638 0.0716108 0.996356 3.57237 3.32469 0.971649 3.42579 3.29264 0.657584 2.63506 3.29971 0.310047 2.50856 2.36959
internal_count=4320 1595 731 2725 67 2658 2649 711 695 681 661 864 630 610 847 585 823 58 789 565 2631 769 542 521 104 417 2611 49 397 375
is_linear=0
shrinkage=0.05


Tree=110
num_leaves=31
num_cat=0
split_feature=67 6 40 51 5 40 5 1 24 21 14 40 18 22 39 24 8 52 19 14 40 29 17 52 1 14 25 16 20 41
split_gain=4.71772 3.05899 1.06197 0.42953 0.19331 8.52821e-06 1.63169e-06 7.80062e-07 5.81722e-07 7.89404e-08 4.49266e-08 1.05498e-08 2.08036e-09 2.11043e-09 4.4733e-10 3.08994e-10 2.84957e-10 1.81996e-10 4.43313e-11 3.84826e-11 6.99618e-12 6.4847e-12 5.79137e-12 7.45626e-13 1.17895e-12 4.28546e-13 2.01617e-13 1.8896e-13 4.88498e-14 1.33227e-14
threshold=1.5000000000000002 21.000000000000004 5.8285715579986581 1.5000000000000002 11598.000000000002 1298.497741699219 11619.500000000002 23699.500000000004 997.50000000000011 13850000.000000002 2.5229492187500004 19.145161628723148 31272.000000000004 30050000.000000004 68.500000000000014 707.50000000000011 702.47500610351574 1323.8333129882815 90.500000000000014 2.8556319475173955 997.29165649414074 1546.0000000000002 21750000.000000004 7.4166667461395273 5105459.5000000009 210582.96093750003 10750000.000000002 526180.37500000012 80150000.000000015 2352.6491699218755
decision_type=2 2 2 2 2 2 2 2 2 2 2 2 2 2 2 2 2 2 2 2 2 2 2 2 2 2 2 2 2 2
left_child=3 2 -2 5 17 6 20 -4 9 10 -9 -3 -12 15 -13 19 18 -5 21 -14 26 -16 23 24 27 28 29 -21 -25 -1
right_child=1 11 7 4 -6 -7 -8 8 -10 -11 12 14 13 -15 16 -17 -18 -19 -20 22 -22 -23 -24 25 -26 -27 -28 -29 -30 -31
leaf_value=-0.050100590802880124 -0.057180040754648456 -0.050132895702810709 0.050215051828963887 -0.050100531689347638 0.050303300821288977 -0.050664281005472656 -0.050340424625551362 0.050124432076816619 0.050200206272400717 0.050137936080845324 0.05010750277469328 -0.050093676032202099 0.050101469108527509 0.050106638251349048 -0.050100596049904855 0.05010320781273029 -0.050096108227319962 -0.050095104199597278 -0.050098375624043269 0.050100777193031493 -0.050099749393492259 -0.050099760663845465 0.050100952363986075 0.050100592409780244 0.050100591518718554 0.050100687363172441 -0.050100463331235072 0.05010069577179263 0.050100561109353126 -0.050100627725884653
leaf_weight=3.0814269989496124 0.24300610367208708 0.025256284163333365 0.17528333514928807 0.044455998111516126 0.16181478649377823 0.069873166736215242 0.072539828717708477 0.22045679530128826 0.16278608515858639 0.16341870557516802 0.12720585055649314 0.025766431586816685 0.13944606063887599 0.15875209914520372 0.90050868317484856 0.12289166031405319 0.038071607239544392 0.023669029702432454 0.023504740442149341 0.12044666055589992 0.024959684291388728 0.023845144081860781 0.1266735098324715 2.2542458968237051 0.33062030887231231 0.1203399896621703 0.031219037133268901 0.17450892366468906 0.1322084218263625 0.025256205582991131
leaf_count=2563 20 17 16 37 9 9 18 31 14 20 20 24 23 25 749 20 34 21 20 20 21 20 21 375 55 20 26 29 22 21
internal_value=2.10015e-05 0.0277355 0.0446483 -0.0455209 0.0205569 -0.0501178 -0.050106 0.0501116 0.0501075 0.0501039 0.0501025 -0.050101 0.0501012 0.050101 -0.0501002 0.0501007 -0.0501003 -0.0500986 -0.0501005 0.0501007 -0.0501006 -0.0501006 0.0501006 0.0501006 0.0501007 0.0501006 -0.0501006 0.0501007 0.0501006 -0.0501006
internal_weight=9.34446 5.80924 4.77229 3.53521 0.22994 3.30527 3.2354 4.52928 4.354 4.19121 4.0278 1.03695 3.80734 3.68013 1.0117 3.52138 0.98593 0.068125 0.947859 3.39849 3.16286 0.924354 3.25904 3.13237 0.625576 2.50679 3.1379 0.294956 2.38645 3.10668
internal_count=4320 1595 731 2725 67 2658 2649 711 695 681 661 864 630 610 847 585 823 58 789 565 2631 769 542 521 104 417 2610 49 397 2584
is_linear=0
shrinkage=0.05


Tree=111
num_leaves=31
num_cat=0
split_feature=67 6 40 51 5 40 5 1 24 21 14 40 18 22 39 24 8 52 19 14 41 29 17 52 1 14 25 16 20 28
split_gain=4.48677 2.90891 1.0093 0.408548 0.183838 7.33346e-06 1.40358e-06 6.71397e-07 5.00495e-07 6.79132e-08 3.86555e-08 9.07933e-09 1.79006e-09 1.81603e-09 3.84702e-10 2.65787e-10 2.44702e-10 1.56459e-10 3.80285e-11 3.31069e-11 6.08669e-12 5.53568e-12 4.96314e-12 6.58584e-13 1.02374e-12 3.72591e-13 1.81632e-13 1.57263e-13 3.9968e-14 6.21725e-15
threshold=1.5000000000000002 21.000000000000004 5.8285715579986581 1.5000000000000002 11598.000000000002 1298.497741699219 11619.500000000002 23699.500000000004 997.50000000000011 13850000.000000002 2.5229492187500004 19.145161628723148 31272.000000000004 30050000.000000004 68.500000000000014 707.50000000000011 702.47500610351574 1323.8333129882815 90.500000000000014 2.8556319475173955 2501.385375976563 1546.0000000000002 21750000.000000004 7.4166667461395273 5105459.5000000009 210582.96093750003 10750000.000000002 526180.37500000012 80150000.000000015 5003391.0000000009
decision_type=2 2 2 2 2 2 2 2 2 2 2 2 2 2 2 2 2 2 2 2 2 2 2 2 2 2 2 2 2 2
left_child=3 2 -2 5 17 6 20 -4 9 10 -9 -3 -12 15 -13 19 18 -5 21 -14 26 -16 23 24 27 28 29 -21 -25 -1
right_child=1 11 7 4 -6 -7 -8 8 -10 -11 12 14 13 -15 16 -17 -18 -19 -20 22 -22 -23 -24 25 -26 -27 -28 -29 -30 -31
leaf_value=-0.050095677071666289 -0.056865444707625737 -0.050126398814481811 0.050204541447527395 -0.050095615936186499 0.050288425775914608 -0.050631461971978535 -0.050323710115057652 0.050118348420439454 0.050190404824295765 0.050131188654011206 0.050102248660136808 -0.050089098291068695 0.050096510339289191 0.050101426606292701 -0.050095677540012776 0.050098163584853396 -0.050091413778768704 -0.050090456453483756 -0.050093569099785899 0.050095852555753911 -0.05009485203743716 -0.050094886191966996 0.050096018307063062 0.050095676439109699 0.050095676128017089 0.050095767301815898 -0.050095552565086611 0.050095776394100844 0.050095647438694539 -0.050095650680852234
leaf_weight=2.9325777175836292 0.23240112327039231 0.024027555715292581 0.16676869150251139 0.042291897116228827 0.15396738052368164 0.066507405135780462 0.069024360738694557 0.20972979674115855 0.1548763895407318 0.15546907065436233 0.1210143165662888 0.024511970928870142 0.13265799544751766 0.1510249814018606 0.85667234752327204 0.11690963618457306 0.036218141787685454 0.022516714059747756 0.02236049179919064 0.11458338610828001 0.022605688427574822 0.022684354218654335 0.12050713784992684 2.1445101452991375 0.31452585151419044 0.11448189802467812 0.029699303791858145 0.16601391555741429 0.12577256653457869 0.024012360488995799
leaf_count=2564 20 17 16 37 9 9 18 31 14 20 20 24 23 25 749 20 34 21 20 20 20 20 21 375 55 20 26 29 22 21
internal_value=2.1195e-05 0.0277267 0.0446318 -0.0455153 0.0205519 -0.050112 -0.0501008 0.0501062 0.0501022 0.0500988 0.0500975 -0.050096 0.0500963 0.0500961 -0.0500953 0.0500958 -0.0500954 -0.0500938 -0.0500956 0.0500957 -0.0500957 -0.0500957 0.0500957 0.0500957 0.0500957 0.0500957 -0.0500957 0.0500958 0.0500957 -0.0500957
internal_weight=8.89092 5.52772 4.54125 3.3632 0.218776 3.14443 3.07792 4.30885 4.14208 3.9872 3.83173 0.986475 3.622 3.50099 0.962447 3.34996 0.937935 0.0648086 0.901717 3.23305 3.0089 0.879357 3.10039 2.97989 0.595123 2.38476 2.98629 0.280597 2.27028 2.95659
internal_count=4320 1595 731 2725 67 2658 2649 711 695 681 661 864 630 610 847 585 823 58 789 565 2631 769 542 521 104 417 2611 49 397 2585
is_linear=0
shrinkage=0.05


Tree=112
num_leaves=31
num_cat=0
split_feature=67 6 40 51 5 40 5 1 24 21 14 40 18 22 39 24 8 52 19 14 41 29 17 52 1 15 25 16 20 36
split_gain=4.26715 2.76622 0.959286 0.388594 0.174832 6.30642e-06 1.20741e-06 5.77829e-07 4.30617e-07 5.84331e-08 3.32646e-08 7.81266e-09 1.5402e-09 1.56268e-09 3.30876e-10 2.28565e-10 2.10528e-10 1.34721e-10 3.2699e-11 2.84985e-11 5.21583e-12 4.78628e-12 4.26725e-12 5.47118e-13 9.01945e-13 3.11751e-13 1.58984e-13 1.27287e-13 3.68594e-14 6.21725e-15
threshold=1.5000000000000002 21.000000000000004 5.8285715579986581 1.5000000000000002 11598.000000000002 1298.497741699219 11619.500000000002 23699.500000000004 997.50000000000011 13850000.000000002 2.5229492187500004 19.145161628723148 31272.000000000004 30050000.000000004 68.500000000000014 707.50000000000011 702.47500610351574 1323.8333129882815 90.500000000000014 2.8556319475173955 2501.385375976563 1546.0000000000002 21750000.000000004 7.4166667461395273 5105459.5000000009 143.40257263183597 10750000.000000002 526180.37500000012 80150000.000000015 0.50178435444831859
decision_type=2 2 2 2 2 2 2 2 2 2 2 2 2 2 2 2 2 2 2 2 2 2 2 2 2 2 2 2 2 2
left_child=3 2 -2 5 17 6 20 -4 9 10 -9 -3 -12 15 -13 19 18 -5 21 -14 26 -16 23 24 27 28 -1 -21 29 -25
right_child=1 11 7 4 -6 -7 -8 8 -10 -11 12 14 13 -15 16 -17 -18 -19 -20 22 -22 -23 -24 25 -26 -27 -28 -29 -30 -31
leaf_value=-0.05009100266159161 -0.056562074221605044 -0.050120220645382157 0.050194543186193687 -0.050090944710281728 0.050274277048998776 -0.050600285466542577 -0.050307822320515998 0.050112564910026629 0.050181085630811556 0.050124774414880995 0.050097252318336852 -0.050084747207545736 0.050091795218259953 0.050096470758763292 -0.050091003113450765 0.050093366711465276 -0.050086948295710913 -0.050086036071128472 -0.050088998530747365 0.050091168219276339 -0.050090219821091957 -0.050090248692302122 0.050091327013289347 0.050090994584853756 0.050091000236693599 0.050091087450746419 -0.050090883614862337 0.050091097971149467 0.050090973667812025 0.050091003272370607
leaf_weight=2.8126512247836239 0.22222257545217861 0.022858464391901978 0.15866608731448639 0.040232953615486511 0.14649846777319908 0.063301796559244283 0.065678214188665041 0.19952360028401139 0.14734964817762364 0.14790520537644614 0.11512356949970159 0.02331848256289959 0.12619976792484644 0.1436732611618935 0.81496604159474373 0.11121826572343696 0.034454757173079997 0.021420402859803289 0.021271850331686437 0.10900502419099289 0.021505134587641694 0.021579972584731877 0.1146404007449745 0.22847341978922608 0.29921346390619874 0.10890843765810121 0.028253417927771696 0.15793169941753149 0.11964944656938303 1.8116333317011593
leaf_count=2585 20 17 16 37 9 9 18 31 14 20 20 24 23 25 749 20 34 21 20 20 20 20 21 42 55 20 26 29 22 333
internal_value=2.13838e-05 0.0277183 0.0446159 -0.04551 0.0205472 -0.0501065 -0.0500959 0.050101 0.0500972 0.050094 0.0500927 -0.0500913 0.0500916 0.0500914 -0.0500906 0.0500911 -0.0500908 -0.0500892 -0.0500909 0.0500911 -0.050091 -0.050091 0.050091 0.050091 0.0500911 0.050091 -0.050091 0.0500911 0.050091 0.050091
internal_weight=8.45933 5.25979 4.32134 3.19954 0.208152 2.99139 2.92809 4.09911 3.94045 3.7931 3.64519 0.93845 3.44567 3.33055 0.915591 3.18687 0.892273 0.0616534 0.857818 3.07565 2.86241 0.836546 2.94946 2.83481 0.56615 2.26866 2.8409 0.266937 2.15976 2.04011
internal_count=4320 1595 731 2725 67 2658 2649 711 695 681 661 864 630 610 847 585 823 58 789 565 2631 769 542 521 104 417 2611 49 397 375
is_linear=0
shrinkage=0.05


Tree=113
num_leaves=31
num_cat=0
split_feature=67 6 40 51 5 40 5 1 24 21 14 40 18 22 39 24 8 52 19 14 40 29 17 52 1 15 25 16 20 41
split_gain=4.05831 2.63056 0.911785 0.369615 0.166269 5.42345e-06 1.0387e-06 4.97303e-07 3.70503e-07 5.02744e-08 2.86245e-08 6.72343e-09 1.32497e-09 1.34392e-09 2.84768e-10 1.9667e-10 1.80915e-10 1.15953e-10 2.80893e-11 2.44258e-11 4.47642e-12 4.11349e-12 3.66418e-12 4.41425e-13 7.67275e-13 2.64233e-13 1.24789e-13 1.07192e-13 3.41949e-14 7.99361e-15
threshold=1.5000000000000002 21.000000000000004 5.8285715579986581 1.5000000000000002 11598.000000000002 1298.497741699219 11619.500000000002 23699.500000000004 997.50000000000011 13850000.000000002 2.5229492187500004 19.145161628723148 31272.000000000004 30050000.000000004 68.500000000000014 707.50000000000011 702.47500610351574 1323.8333129882815 90.500000000000014 2.8556319475173955 997.29165649414074 1546.0000000000002 21750000.000000004 7.4166667461395273 5105459.5000000009 143.40257263183597 10750000.000000002 526180.37500000012 80150000.000000015 2352.6491699218755
decision_type=2 2 2 2 2 2 2 2 2 2 2 2 2 2 2 2 2 2 2 2 2 2 2 2 2 2 2 2 2 2
left_child=3 2 -2 5 17 6 20 -4 9 10 -9 -3 -12 15 -13 19 18 -5 21 -14 26 -16 23 24 27 28 29 -21 -25 -1
right_child=1 11 7 4 -6 -7 -8 8 -10 -11 12 14 13 -15 16 -17 -18 -19 -20 22 -22 -23 -24 25 -26 -27 -28 -29 -30 -31
leaf_value=-0.050086555758119038 -0.05626985314381993 -0.05011434554979223 0.050185035117040422 -0.050086502545203221 0.050260828779530455 -0.050570664895188792 -0.05029271887389597 0.050107064692764415 0.050172224727414477 0.050118674259102575 0.050092500596590567 -0.050080606260445693 0.050087309980018903 0.050091756678092583 -0.05008655644990935 0.050088805905904588 -0.050082702626507963 -0.050081833536244985 -0.050084651568363975 0.050086712977083475 -0.050085830389581913 -0.050085839379422403 0.050086865835241724 0.050086557728949301 0.050086554315498355 0.050086637970285765 -0.050086447604130557 0.050086646887686603 0.050086529545608154 -0.050086586093793677
leaf_weight=2.6529332596110207 0.21245473739691068 0.021746128913946339 0.15095572499558363 0.038274078280664869 0.13939000200480223 0.060248910449445137 0.062493338948115595 0.18981302762404206 0.14018745440989722 0.14070847537368525 0.10951905278489027 0.022183014778420329 0.12005541147664311 0.13667876878753293 0.77528676181100309 0.10580347850918759 0.032777086482383311 0.020377384615130723 0.020236121781636029 0.10369777446612793 0.021488790109287836 0.020529266213998199 0.10905879223719228 1.9407774498686201 0.28464527847245336 0.10360588273033489 0.026877804077230283 0.15024229139089584 0.11382391955703486 0.021744187455624231
leaf_count=2563 20 17 16 37 9 9 18 31 14 20 20 24 23 25 749 20 34 21 20 20 21 20 21 375 55 20 26 29 22 21
internal_value=2.15661e-05 0.0277101 0.0446005 -0.045505 0.0205427 -0.0501013 -0.0500912 0.0500961 0.0500925 0.0500894 0.0500882 -0.0500869 0.0500871 0.0500869 -0.0500862 0.0500867 -0.0500863 -0.0500849 -0.0500865 0.0500866 -0.0500865 -0.0500865 0.0500866 0.0500866 0.0500866 0.0500866 -0.0500866 0.0500867 0.0500866 -0.0500866
internal_weight=8.04861 5.00479 4.11203 3.04383 0.198041 2.84579 2.78554 3.89957 3.74862 3.60843 3.46772 0.892758 3.27791 3.16839 0.871012 3.03171 0.848829 0.0586515 0.816052 2.92591 2.72304 0.795816 2.80585 2.69679 0.538585 2.15821 2.70156 0.25394 2.0546 2.67468
internal_count=4320 1595 731 2725 67 2658 2649 711 695 681 661 864 630 610 847 585 823 58 789 565 2631 769 542 521 104 417 2610 49 397 2584
is_linear=0
shrinkage=0.05


Tree=114
num_leaves=31
num_cat=0
split_feature=67 6 40 51 5 40 5 1 24 21 14 40 18 22 39 24 8 52 19 14 41 29 17 52 1 16 25 16 20 36
split_gain=3.85972 2.50158 0.866669 0.351564 0.158127 4.66442e-06 8.93606e-07 4.28029e-07 3.18809e-07 4.32647e-08 2.46352e-08 5.78615e-09 1.14064e-09 1.15742e-09 2.4479e-10 1.69236e-10 1.55773e-10 9.96211e-11 2.42145e-11 2.12399e-11 3.87956e-12 3.52207e-12 3.19966e-12 4.13891e-13 6.57474e-13 2.39364e-13 1.02141e-13 9.80049e-14 2.53131e-14 4.66294e-15
threshold=1.5000000000000002 21.000000000000004 5.8285715579986581 1.5000000000000002 11598.000000000002 1298.497741699219 11619.500000000002 23699.500000000004 997.50000000000011 13850000.000000002 2.5229492187500004 19.145161628723148 31272.000000000004 30050000.000000004 68.500000000000014 707.50000000000011 702.47500610351574 1323.8333129882815 90.500000000000014 2.8556319475173955 2501.385375976563 1546.0000000000002 21750000.000000004 7.4166667461395273 5105459.5000000009 8210.5000000000018 10750000.000000002 526180.37500000012 80150000.000000015 0.50178435444831859
decision_type=2 2 2 2 2 2 2 2 2 2 2 2 2 2 2 2 2 2 2 2 2 2 2 2 2 2 2 2 2 2
left_child=3 2 -2 5 17 6 20 -4 9 10 -9 -3 -12 15 -13 19 18 -5 21 -14 26 -16 23 24 27 -25 -1 -21 29 -27
right_child=1 11 7 4 -6 -7 -8 8 -10 -11 12 14 13 -15 16 -17 -18 -19 -20 22 -22 -23 -24 25 -26 28 -28 -29 -30 -31
leaf_value=-0.050082326243530567 -0.055988652712281178 -0.050108757452761277 0.050175993745960268 -0.050082274711527722 0.050248044745698064 -0.050542527806833305 -0.050278362816718769 0.050101832748091039 0.050163799524417324 0.050112873890751419 0.05008798104000111 -0.050076670453190177 0.050083046600899697 0.050087274283711014 -0.050082326770666846 0.050084465862643139 -0.050078660379895445 -0.05007783761697901 -0.050080513502211668 0.050082477815481877 -0.050081616629291385 -0.050081646485033965 0.050082622523079393 0.050082405219940722 0.050082326023969462 0.050082319762910082 -0.050082225611678549 0.05008241302402059 0.050082301901871101 0.050082327698586594
leaf_weight=2.5454217685619391 0.20308259525336358 0.020687806187197455 0.14361874852329526 0.036410425673238822 0.13262475840747356 0.057341638952493557 0.059462049510329851 0.18057412002235773 0.13337226165458549 0.13386114453896869 0.10418690880760584 0.021102752594742924 0.11420971713960293 0.13002420961856831 0.73753632488660514 0.1006518811918794 0.031180981488432735 0.019385075604077429 0.019250744546297938 0.098648507613689485 0.019461895455606171 0.019529635726939887 0.10374849988147605 0.098561083432287311 0.27078524604439735 0.20676619932055462 0.025569060118868836 0.14292666502296925 0.10828157002106298 1.6395103782415388
leaf_count=2585 20 17 16 37 9 9 18 31 14 20 20 24 23 25 749 20 34 21 20 20 20 20 21 20 55 42 26 29 22 333
internal_value=2.17425e-05 0.0277022 0.0445856 -0.0455002 0.0205384 -0.0500964 -0.0500867 0.0500914 0.050088 0.050085 0.0500839 -0.0500826 0.0500828 0.0500827 -0.050082 0.0500825 -0.0500821 -0.0500807 -0.0500823 0.0500824 -0.0500823 -0.0500823 0.0500824 0.0500823 0.0500824 0.0500823 -0.0500823 0.0500824 0.0500823 0.0500823
internal_weight=7.65777 4.7621 3.91281 2.89568 0.18842 2.70726 2.64991 3.70973 3.56611 3.43274 3.29887 0.849288 3.1183 3.01411 0.8286 2.88409 0.807498 0.0557955 0.776317 2.78344 2.59045 0.757066 2.66923 2.56548 0.51236 2.05312 2.57099 0.241575 1.95456 1.84628
internal_count=4320 1595 731 2725 67 2658 2649 711 695 681 661 864 630 610 847 585 823 58 789 565 2631 769 542 521 104 417 2611 49 397 375
is_linear=0
shrinkage=0.05


Tree=115
num_leaves=31
num_cat=0
split_feature=67 6 40 51 5 40 5 1 24 21 14 40 18 22 39 24 8 52 19 14 41 29 17 52 1 16 25 16 20 15
split_gain=3.67088 2.37894 0.823815 0.334396 0.150386 4.01166e-06 7.68779e-07 3.68397e-07 2.74313e-07 3.72315e-08 2.12005e-08 4.97822e-09 9.81771e-10 9.95791e-10 2.10833e-10 1.45786e-10 1.34204e-10 8.57846e-11 2.08421e-11 1.83138e-11 3.2947e-12 3.059e-12 2.74314e-12 3.55715e-13 5.71154e-13 2.05169e-13 9.10383e-14 8.92342e-14 2.08722e-14 2.66454e-15
threshold=1.5000000000000002 21.000000000000004 5.8285715579986581 1.5000000000000002 11598.000000000002 1298.497741699219 11619.500000000002 23699.500000000004 997.50000000000011 13850000.000000002 2.5229492187500004 19.145161628723148 31272.000000000004 30050000.000000004 68.500000000000014 707.50000000000011 702.47500610351574 1323.8333129882815 90.500000000000014 2.8556319475173955 2501.385375976563 1546.0000000000002 21750000.000000004 7.4166667461395273 5105459.5000000009 8210.5000000000018 10750000.000000002 526180.37500000012 80150000.000000015 0.49777399003505712
decision_type=2 2 2 2 2 2 2 2 2 2 2 2 2 2 2 2 2 2 2 2 2 2 2 2 2 2 2 2 2 2
left_child=3 2 -2 5 17 6 20 -4 9 10 -9 -3 -12 15 -13 19 18 -5 21 -14 26 -16 23 24 27 -25 -1 -21 29 -27
right_child=1 11 7 4 -6 -7 -8 8 -10 -11 12 14 13 -15 16 -17 -18 -19 -20 22 -22 -23 -24 25 -26 28 -28 -29 -30 -31
leaf_value=-0.050078303956352634 -0.055718315152423585 -0.050103442460454631 0.050167394580617801 -0.050078257002120409 0.050235887783520616 -0.050515786258800183 -0.050264712488475742 0.050096857055779126 0.050155785981690029 0.050107357862971616 0.050083682971015675 -0.05007292519957976 0.050078989919259277 0.050083009776735125 -0.050078307315161531 0.050080340192895957 -0.050074818146962796 -0.050074035484810132 -0.050076582460067826 0.050078449607753997 -0.050077633473408295 -0.050077657286400672 0.050078585465953056 0.050078379145250235 0.050078303688819797 0.050078299246417692 -0.050078206733376034 0.050078386219203852 0.050078281466530788 0.050078305355308494
leaf_weight=2.4214697036077291 0.19409177312627468 0.019680884666740783 0.13663720618933473 0.034637376724276581 0.12618633359670639 0.054573201108723768 0.056577024282887467 0.17178404564038041 0.12688738014549006 0.12734632333740581 0.09911394398659501 0.020075022999662906 0.1086482214741421 0.12369311973452557 0.70162115013226867 0.095750720240175613 0.029662485758308321 0.018441019114106894 0.018313276348635554 0.093844722490758481 0.018514164024963864 0.018578606774099171 0.098696379456668981 0.093761548399925121 0.25759906275197864 0.19201427651569236 0.024323944060597458 0.13596670376136899 0.1030086763203143 1.5643558455631135
leaf_count=2585 20 17 16 37 9 9 18 31 14 20 20 24 23 25 749 20 34 21 20 20 20 20 21 20 55 41 26 29 22 334
internal_value=2.19127e-05 0.0276945 0.0445712 -0.0454956 0.0205344 -0.0500917 -0.0500825 0.0500869 0.0500837 0.0500809 0.0500798 -0.0500786 0.0500788 0.0500786 -0.050078 0.0500784 -0.0500781 -0.0500768 -0.0500782 0.0500784 -0.0500783 -0.0500783 0.0500783 0.0500783 0.0500784 0.0500783 -0.0500783 0.0500784 0.0500783 0.0500783
internal_weight=7.28585 4.53113 3.7232 2.75472 0.179265 2.57546 2.52088 3.52911 3.39247 3.26558 3.13824 0.807931 2.96645 2.86734 0.788251 2.74365 0.768176 0.0530784 0.738513 2.6479 2.46431 0.7202 2.53925 2.44055 0.48741 1.95314 2.44579 0.229811 1.85938 1.75637
internal_count=4320 1595 731 2725 67 2658 2649 711 695 681 661 864 630 610 847 585 823 58 789 565 2631 769 542 521 104 417 2611 49 397 375
is_linear=0
shrinkage=0.05


Tree=116
num_leaves=31
num_cat=0
split_feature=67 6 40 51 5 40 5 1 24 21 14 40 18 22 39 24 8 52 19 14 41 29 17 52 1 15 25 16 20 28
split_gain=3.49129 2.26234 0.783109 0.318067 0.143025 3.45039e-06 6.61381e-07 3.17064e-07 2.36031e-07 3.20333e-08 1.82411e-08 4.28517e-09 8.44852e-10 8.56636e-10 1.81429e-10 1.25405e-10 1.15312e-10 7.38381e-11 1.79133e-11 1.5655e-11 2.85416e-12 2.62479e-12 2.36389e-12 3.01537e-13 4.57634e-13 1.80744e-13 8.34888e-14 7.87426e-14 1.79856e-14 2.66454e-15
threshold=1.5000000000000002 21.000000000000004 5.8285715579986581 1.5000000000000002 11598.000000000002 1298.497741699219 11619.500000000002 23699.500000000004 997.50000000000011 13850000.000000002 2.5229492187500004 19.145161628723148 31272.000000000004 30050000.000000004 68.500000000000014 707.50000000000011 702.47500610351574 1323.8333129882815 90.500000000000014 2.8556319475173955 2501.385375976563 1546.0000000000002 21750000.000000004 7.4166667461395273 5105459.5000000009 143.40257263183597 10750000.000000002 526180.37500000012 80150000.000000015 5003391.0000000009
decision_type=2 2 2 2 2 2 2 2 2 2 2 2 2 2 2 2 2 2 2 2 2 2 2 2 2 2 2 2 2 2
left_child=3 2 -2 5 17 6 20 -4 9 10 -9 -3 -12 15 -13 19 18 -5 21 -14 26 -16 23 24 27 28 29 -21 -25 -1
right_child=1 11 7 4 -6 -7 -8 8 -10 -11 12 14 13 -15 16 -17 -18 -19 -20 22 -22 -23 -24 25 -26 -27 -28 -29 -30 -31
leaf_value=-0.050074480851175697 -0.055458640018342088 -0.050098390649438773 0.050159215701012894 -0.050074434621674373 0.050224328985312365 -0.050490378428415798 -0.05025173400111458 0.050092123783912194 0.050148165848202024 0.050102109746759951 0.050079595336814046 -0.050069362489135842 0.050075129826712909 0.050078954381895593 -0.050074481280379071 0.050076415691731102 -0.050071165249383626 -0.050070419063902194 -0.050072841786651549 0.050074616264222716 -0.050073840785135597 -0.050073863939226228 0.050074747409269586 0.050074480220177013 0.050074480632061595 0.05007455194334727 -0.050074385321613915 0.050074555208023244 0.050074458056007465 -0.050074460524051879
leaf_weight=2.2848361759097342 0.18546847230754826 0.018722877255640813 0.12999399006366763 0.032950544089544453 0.12005907855927944 0.051937096752226242 0.053831276251003035 0.16342108929529908 0.12071688659489144 0.12114793760702003 0.094287601765245532 0.019097276730462909 0.10335714835673693 0.11766982171684492 0.66745236614951864 0.091087861452251562 0.02821783657418564 0.017542874906212091 0.017421395692508668 0.089274521451444211 0.01761251757852722 0.017673822294455022 0.093889913987368234 1.6708353385329244 0.24505404848605394 0.089195391163229831 0.023139372118748613 0.12934517348185182 0.097992177121341117 0.018708557880017795
leaf_count=2564 20 17 16 37 9 9 18 31 14 20 20 24 23 25 749 20 34 21 20 20 20 20 21 375 55 20 26 29 22 21
internal_value=2.20769e-05 0.0276872 0.0445574 -0.0454913 0.0205305 -0.0500872 -0.0500785 0.0500827 0.0500796 0.0500769 0.0500759 -0.0500748 0.0500749 0.0500748 -0.0500742 0.0500746 -0.0500743 -0.050073 -0.0500744 0.0500745 -0.0500745 -0.0500745 0.0500745 0.0500745 0.0500745 0.0500745 -0.0500745 0.0500746 0.0500745 -0.0500745
internal_weight=6.93194 4.31132 3.54274 2.62062 0.170552 2.45006 2.39813 3.35727 3.22727 3.10656 2.98541 0.768586 2.82199 2.7277 0.749863 2.61003 0.730765 0.0504934 0.702548 2.51894 2.3443 0.685126 2.41559 2.3217 0.463674 1.85802 2.32668 0.21862 1.76883 2.30354
internal_count=4320 1595 731 2725 67 2658 2649 711 695 681 661 864 630 610 847 585 823 58 789 565 2631 769 542 521 104 417 2611 49 397 2585
is_linear=0
shrinkage=0.05


Tree=117
num_leaves=31
num_cat=0
split_feature=67 6 40 51 5 40 5 1 24 21 14 40 18 22 39 24 8 52 19 14 40 29 17 52 1 14 25 36 20 13
split_gain=3.32052 2.15147 0.744439 0.302537 0.136025 2.96774e-06 5.69011e-07 2.72891e-07 2.03083e-07 2.75648e-08 1.56979e-08 3.68713e-09 7.27058e-10 7.37287e-10 1.56068e-10 1.07945e-10 9.92562e-11 6.34587e-11 1.54149e-11 1.35461e-11 2.46692e-12 2.26286e-12 2.03038e-12 2.49134e-13 4.13836e-13 1.54543e-13 7.23865e-14 6.68632e-14 1.57652e-14 4.44089e-15
threshold=1.5000000000000002 21.000000000000004 5.8285715579986581 1.5000000000000002 11598.000000000002 1298.497741699219 11619.500000000002 23699.500000000004 997.50000000000011 13850000.000000002 2.5229492187500004 19.145161628723148 31272.000000000004 30050000.000000004 68.500000000000014 707.50000000000011 702.47500610351574 1323.8333129882815 90.500000000000014 2.8556319475173955 997.29165649414074 1546.0000000000002 21750000.000000004 7.4166667461395273 5105459.5000000009 210582.96093750003 10750000.000000002 2.4133996963500981 80150000.000000015 3771.886840820313
decision_type=2 2 2 2 2 2 2 2 2 2 2 2 2 2 2 2 2 2 2 2 2 2 2 2 2 2 2 2 2 2
left_child=3 2 -2 5 17 6 20 -4 9 10 -9 -3 -12 15 -13 19 18 -5 21 -14 26 -16 23 24 27 28 29 -21 -25 -1
right_child=1 11 7 4 -6 -7 -8 8 -10 -11 12 14 13 -15 16 -17 -18 -19 -20 22 -22 -23 -24 25 -26 -27 -28 -29 -30 -31
leaf_value=-0.050070843745262376 -0.05520940402220631 -0.050093582854406404 0.05015143834118066 -0.050070798014266726 0.050213341089945497 -0.050466233285459711 -0.050239396218274904 0.050087624185468999 0.050140918274370463 0.050097120823523494 0.050075708176937662 -0.050065976554856853 0.050071462480975652 0.050075098789548737 -0.050070844206374192 0.050072684148715879 -0.050067689903942503 -0.050066981263181626 -0.050069284883991108 0.050070915092193968 -0.050070248708253766 -0.05007025650824555 0.050071096905829254 0.050070843193642689 0.050070841623827467 0.050070911127812673 -0.050070752780457632 0.050070972757029944 0.050070822048733532 -0.050070867443144353
leaf_weight=2.1710069794207838 0.17719941819086704 0.01781141769606609 0.12367280106991563 0.03134574566502113 0.11422809027135372 0.049427135847508796 0.051218152977526077 0.15546455839648965 0.11484563350677479 0.11525067081674922 0.089695929083973502 0.018167089350754395 0.098323384765536814 0.11193939903751005 0.63494530768366531 0.086651748977601417 0.026843452418688685 0.016688416071701795 0.016572891792748123 0.12304565589875061 0.017598840233404078 0.016813040594570339 0.089317197911441215 1.5894602551124988 0.23311913199722767 0.084851317573338636 0.02201240841532115 0.084926574490964413 0.093219642061740049 0.01950355537701387
leaf_count=2561 20 17 16 37 9 9 18 31 14 20 20 24 23 25 749 20 34 21 20 29 21 20 21 375 55 20 26 20 22 23
internal_value=2.22356e-05 0.0276801 0.044544 -0.0454872 0.0205268 -0.0500829 -0.0500746 0.0500786 0.0500757 0.0500731 0.0500722 -0.0500711 0.0500713 0.0500711 -0.0500706 0.050071 -0.0500707 -0.0500695 -0.0500708 0.0500709 -0.0500708 -0.0500708 0.0500709 0.0500709 0.0500709 0.0500708 -0.0500708 0.0500709 0.0500708 -0.0500708
internal_weight=6.59517 4.10214 3.37098 2.49303 0.162262 2.33077 2.28134 3.19378 3.07011 2.95527 2.84001 0.731153 2.68455 2.59485 0.713342 2.48291 0.695175 0.0480342 0.668331 2.39626 2.23012 0.651758 2.29794 2.20862 0.441091 1.76753 2.21252 0.207972 1.68268 2.19051
internal_count=4320 1595 731 2725 67 2658 2649 711 695 681 661 864 630 610 847 585 823 58 789 565 2631 769 542 521 104 417 2610 49 397 2584
is_linear=0
shrinkage=0.05


Tree=118
num_leaves=31
num_cat=0
split_feature=67 6 40 51 5 40 5 1 24 21 14 40 18 22 39 24 8 52 19 14 41 29 74 52 1 14 25 16 76 28
split_gain=3.15812 2.04606 0.707702 0.287766 0.129369 2.55271e-06 4.89555e-07 2.34883e-07 1.7476e-07 2.37217e-08 1.35121e-08 3.17326e-09 6.2588e-10 6.34544e-10 1.34252e-10 9.29785e-11 8.54444e-11 5.47081e-11 1.32804e-11 1.16982e-11 2.15072e-12 1.93989e-12 1.74172e-12 2.40696e-13 3.63876e-13 1.38556e-13 6.83897e-14 5.66491e-14 7.10543e-15 2.66454e-15
threshold=1.5000000000000002 21.000000000000004 5.8285715579986581 1.5000000000000002 11598.000000000002 1298.497741699219 11619.500000000002 23699.500000000004 997.50000000000011 13850000.000000002 2.5229492187500004 19.145161628723148 31272.000000000004 30050000.000000004 68.500000000000014 707.50000000000011 702.47500610351574 1323.8333129882815 90.500000000000014 2.8556319475173955 2501.385375976563 1546.0000000000002 47700000.000000007 7.4166667461395273 5105459.5000000009 210582.96093750003 10750000.000000002 526180.37500000012 8212806.0000000009 5003391.0000000009
decision_type=2 2 2 2 2 2 2 2 2 2 2 2 2 2 2 2 2 2 2 2 2 2 2 2 2 2 2 2 2 2
left_child=3 2 -2 5 17 6 20 -4 9 10 -9 -3 -12 15 -13 19 18 -5 21 -14 26 -16 23 24 27 28 29 -21 -25 -1
right_child=1 11 7 4 -6 -7 -8 8 -10 -11 12 14 13 -15 16 -17 -18 -19 -20 22 -22 -23 -24 25 -26 -27 -28 -29 -30 -31
leaf_value=-0.050067386731290291 -0.054970355523937135 -0.050089011326523096 0.050144041868928173 -0.050067341313155926 0.050202893290561296 -0.050443290760086829 -0.05022766816348833 0.050083344661465183 0.050134028858472429 0.050092375447339778 0.050072010122531964 -0.050062754722342 0.050067972210647682 0.050071430009179602 -0.050067383547011027 0.05006913397155386 -0.050064382952852884 -0.050063707877713075 -0.050065899643335993 0.050067507827308504 -0.050066802643915491 -0.050066825641146222 0.050067628835805844 0.050067381960876012 0.050067382334805788 0.050067447999394998 -0.05006729558809761 0.05006745338257787 0.050067371211300386 -0.050067365218299791
leaf_weight=2.0676908667082925 0.16927181207574982 0.0169442519545554 0.11765812337398562 0.029819002666044869 0.10867916140705347 0.047037392389029153 0.048731303773820289 0.14789478201419237 0.109259181190282 0.10963995475321997 0.085327548906207418 0.017282154061831534 0.093534450978041916 0.10648765461519349 0.60401932743843645 0.082431390415876993 0.025535925582516938 0.015875524026341736 0.015765661199111491 0.080790108535439553 0.015938639582600334 0.015994127141311765 0.080926480703055748 1.4314099866896866 0.22176471306011081 0.0807185131125151 0.020940259797498473 0.11705254064872861 0.17335289670154441 0.016930541722103842
leaf_count=2564 20 17 16 37 9 9 18 31 14 20 20 24 23 25 749 20 34 21 20 20 20 20 20 355 55 20 26 29 43 21
internal_value=2.23878e-05 0.0276733 0.0445312 -0.0454833 0.0205233 -0.0500789 -0.050071 0.0500748 0.050072 0.0500696 0.0500687 -0.0500676 0.0500678 0.0500677 -0.0500671 0.0500675 -0.0500672 -0.0500661 -0.0500673 0.0500674 -0.0500674 -0.0500674 0.0500674 0.0500674 0.0500674 0.0500674 -0.0500674 0.0500675 0.0500674 -0.0500674
internal_weight=6.2747 3.90306 3.20752 2.37164 0.154374 2.21727 2.17023 3.03825 2.92059 2.81133 2.70169 0.695541 2.5538 2.46847 0.678597 2.36198 0.661315 0.0456945 0.635779 2.27955 2.1215 0.620013 2.18602 2.10509 0.419607 1.68548 2.10556 0.197843 1.60476 2.08462
internal_count=4320 1595 731 2725 67 2658 2649 711 695 681 661 864 630 610 847 585 823 58 789 565 2631 769 542 522 104 418 2611 49 398 2585
is_linear=0
shrinkage=0.05


Tree=119
num_leaves=31
num_cat=0
split_feature=67 6 40 51 5 40 5 1 24 21 14 40 18 22 39 24 8 52 19 14 41 29 17 52 1 14 25 16 20 28
split_gain=3.00368 1.94583 0.672799 0.273716 0.12304 2.19574e-06 4.21205e-07 2.02143e-07 1.50365e-07 2.0413e-08 1.16256e-08 2.73052e-09 5.38256e-10 5.45965e-10 1.15689e-10 7.9984e-11 7.35922e-11 4.69867e-11 1.14647e-11 9.93561e-12 1.84519e-12 1.68565e-12 1.50768e-12 1.88738e-13 3.06366e-13 1.108e-13 5.63993e-14 4.78229e-14 1.22125e-14 2.22045e-15
threshold=1.5000000000000002 21.000000000000004 5.8285715579986581 1.5000000000000002 11598.000000000002 1298.497741699219 11619.500000000002 23699.500000000004 997.50000000000011 13850000.000000002 2.5229492187500004 19.145161628723148 31272.000000000004 30050000.000000004 68.500000000000014 707.50000000000011 702.47500610351574 1323.8333129882815 90.500000000000014 2.8556319475173955 2501.385375976563 1546.0000000000002 21750000.000000004 7.4166667461395273 5105459.5000000009 210582.96093750003 10750000.000000002 526180.37500000012 80150000.000000015 5003391.0000000009
decision_type=2 2 2 2 2 2 2 2 2 2 2 2 2 2 2 2 2 2 2 2 2 2 2 2 2 2 2 2 2 2
left_child=3 2 -2 5 17 6 20 -4 9 10 -9 -3 -12 15 -13 19 18 -5 21 -14 26 -16 23 24 27 28 29 -21 -25 -1
right_child=1 11 7 4 -6 -7 -8 8 -10 -11 12 14 13 -15 16 -17 -18 -19 -20 22 -22 -23 -24 25 -26 -27 -28 -29 -30 -31
leaf_value=-0.05006409568662127 -0.05474122909353929 -0.050084664751447051 0.050137004081512865 -0.050064051137702015 0.050192960365526201 -0.050421480615326808 -0.050216515130379585 0.050079272922281086 0.050127473822694751 0.05008786305094174 0.050068492767382837 -0.050059690003493112 0.050064650207435626 0.050067942045216987 -0.050064095630619879 0.050065758298473206 -0.050061240401452926 -0.050060598724903364 -0.050062681991105557 0.050064209629204728 -0.050063541096059108 -0.050063562437109271 0.050064322364802273 0.050064092560763163 0.050064091527803459 0.050064153030914597 -0.050064010626471235 0.050064158349899225 0.050064072954879205 -0.050064076325046149
leaf_weight=1.9669744441634995 0.16167327342555005 0.016119234671350458 0.11193518061190877 0.028366529382765182 0.10339876357465982 0.044762216974049696 0.046364686684682854 0.14069301728159311 0.10394379217177618 0.10430190945044149 0.081171633442864155 0.016440274543128908 0.088978474959732323 0.10130107006989408 0.57459777139592916 0.078416316537186392 0.024292010581120849 0.015102180128451437 0.014997700636740774 0.076854862272739743 0.015162266150582471 0.015215051185805351 0.080828211503103264 1.4383921506814656 0.2109626391902566 0.076786749297752865 0.019920265302061924 0.11135096196085215 0.084359696600586065 0.016105860704555996
leaf_count=2564 20 17 16 37 9 9 18 31 14 20 20 24 23 25 749 20 34 21 20 20 20 20 21 375 55 20 26 29 22 21
internal_value=2.25348e-05 0.0276667 0.0445188 -0.0454795 0.02052 -0.050075 -0.0500675 0.0500711 0.0500685 0.0500662 0.0500653 -0.0500643 0.0500645 0.0500644 -0.0500638 0.0500642 -0.0500639 -0.0500629 -0.050064 0.0500641 -0.0500641 -0.0500641 0.0500641 0.0500641 0.0500641 0.0500641 -0.0500641 0.0500642 0.0500641 -0.0500641
internal_weight=5.96977 3.71361 3.05195 2.25616 0.146867 2.10929 2.06453 2.89028 2.77834 2.6744 2.5701 0.661662 2.4294 2.34823 0.645543 2.24693 0.629103 0.0434687 0.604811 2.16851 2.01816 0.589813 2.07954 1.99871 0.399168 1.59954 2.003 0.188206 1.52275 1.98308
internal_count=4320 1595 731 2725 67 2658 2649 711 695 681 661 864 630 610 847 585 823 58 789 565 2631 769 542 521 104 417 2611 49 397 2585
is_linear=0
shrinkage=0.05


Tree=120
num_leaves=31
num_cat=0
split_feature=67 6 40 51 5 40 5 1 24 21 14 40 18 22 39 24 8 52 19 14 40 29 17 52 1 14 25 16 20 41
split_gain=2.8568 1.85052 0.639636 0.260354 0.117021 1.88883e-06 3.62388e-07 1.73986e-07 1.29406e-07 1.75655e-08 1.00061e-08 2.35008e-09 4.63212e-10 4.69872e-10 9.94513e-11 6.88294e-11 6.32281e-11 4.04705e-11 9.82625e-12 8.53984e-12 1.56986e-12 1.44973e-12 1.28875e-12 1.72307e-13 2.75668e-13 9.72555e-14 4.81837e-14 3.93019e-14 9.76996e-15 2.44249e-15
threshold=1.5000000000000002 21.000000000000004 5.8285715579986581 1.5000000000000002 11598.000000000002 1298.497741699219 11619.500000000002 23699.500000000004 997.50000000000011 13850000.000000002 2.5229492187500004 19.145161628723148 31272.000000000004 30050000.000000004 68.500000000000014 707.50000000000011 702.47500610351574 1323.8333129882815 90.500000000000014 2.8556319475173955 997.29165649414074 1546.0000000000002 21750000.000000004 7.4166667461395273 5105459.5000000009 210582.96093750003 10750000.000000002 526180.37500000012 80150000.000000015 2352.6491699218755
decision_type=2 2 2 2 2 2 2 2 2 2 2 2 2 2 2 2 2 2 2 2 2 2 2 2 2 2 2 2 2 2
left_child=3 2 -2 5 17 6 20 -4 9 10 -9 -3 -12 15 -13 19 18 -5 21 -14 26 -16 23 24 27 28 29 -21 -25 -1
right_child=1 11 7 4 -6 -7 -8 8 -10 -11 12 14 13 -15 16 -17 -18 -19 -20 22 -22 -23 -24 25 -26 -27 -28 -29 -30 -31
leaf_value=-0.050060964878517134 -0.054521744615277895 -0.050080529966545599 0.050130313798044113 -0.050060924865838331 0.050183513378889946 -0.050400758570816107 -0.050205907100116826 0.050075401953642566 0.050121245899113924 0.050083570299738638 0.050065147789731285 -0.050056777029355383 0.050061492721375826 0.050064624076421455 -0.050060964998192473 0.050062546926814888 -0.050058251563698253 -0.050057639760645103 -0.050059623148796167 0.050061075193654193 -0.050060453169322505 -0.050060458011646151 0.050061180558490938 0.050060962403749569 0.050060961651951896 0.050061020520403503 -0.050060885087895461 0.050061027534019364 0.050060944234087183 -0.050060985619754111
leaf_weight=1.8704221029765911 0.15439185069408345 0.015334324212744721 0.10648989118635688 0.026984720199834444 0.098373988643288612 0.04259620327502478 0.044112535659223684 0.13384142005816224 0.098886374849825986 0.099223332945257314 0.077217873884365296 0.015639360179193318 0.084644146030769973 0.096366783138364442 0.54660761792911217 0.074596573133021482 0.023108620458515361 0.014366465737111866 0.014267104037571698 0.073111068224534281 0.015150337247177847 0.014473879244178534 0.076890876051038393 1.368324317038059 0.20068609737791121 0.073046271223574766 0.018949895631521829 0.10592677211388946 0.080250314204022177 0.015330549969803431
leaf_count=2563 20 17 16 37 9 9 18 31 14 20 20 24 23 25 749 20 34 21 20 20 21 20 21 375 55 20 26 29 22 21
internal_value=2.26762e-05 0.0276604 0.0445069 -0.045476 0.0205169 -0.0500714 -0.0500642 0.0500677 0.0500651 0.0500629 0.0500621 -0.0500612 0.0500613 0.0500612 -0.0500607 0.0500611 -0.0500608 -0.0500598 -0.0500609 0.050061 -0.050061 -0.050061 0.050061 0.050061 0.050061 0.050061 -0.050061 0.050061 0.050061 -0.050061
internal_weight=5.67961 3.53332 2.90389 2.14629 0.139725 2.00656 1.96397 2.7495 2.64301 2.54413 2.4449 0.629431 2.31106 2.23384 0.614097 2.13748 0.598457 0.0413512 0.575349 2.06288 1.91985 0.561081 1.97824 1.90134 0.379724 1.52162 1.9047 0.179038 1.44857 1.88575
internal_count=4320 1595 731 2725 67 2658 2649 711 695 681 661 864 630 610 847 585 823 58 789 565 2631 769 542 521 104 417 2610 49 397 2584
is_linear=0
shrinkage=0.05


Tree=121
num_leaves=31
num_cat=0
split_feature=67 6 40 51 5 40 5 1 24 21 14 40 18 22 39 24 8 52 19 14 41 29 17 52 1 14 25 16 20 15
split_gain=2.71713 1.7599 0.608125 0.247644 0.111298 1.62483e-06 3.11834e-07 1.49743e-07 1.11343e-07 1.5116e-08 8.60835e-09 2.0231e-09 3.98694e-10 4.04348e-10 8.5422e-11 5.91958e-11 5.43126e-11 3.48211e-11 8.43914e-12 7.32991e-12 1.35825e-12 1.22347e-12 1.10756e-12 1.49214e-13 2.36811e-13 8.19345e-14 3.93019e-14 3.46112e-14 9.10383e-15 1.77636e-15
threshold=1.5000000000000002 21.000000000000004 5.8285715579986581 1.5000000000000002 11598.000000000002 1298.497741699219 11619.500000000002 23699.500000000004 997.50000000000011 13850000.000000002 2.5229492187500004 19.145161628723148 31272.000000000004 30050000.000000004 68.500000000000014 707.50000000000011 702.47500610351574 1323.8333129882815 90.500000000000014 2.8556319475173955 2501.385375976563 1546.0000000000002 21750000.000000004 7.4166667461395273 5105459.5000000009 210582.96093750003 10750000.000000002 526180.37500000012 80150000.000000015 0.53105178475379955
decision_type=2 2 2 2 2 2 2 2 2 2 2 2 2 2 2 2 2 2 2 2 2 2 2 2 2 2 2 2 2 2
left_child=3 2 -2 5 17 6 20 -4 9 10 -9 -3 -12 15 -13 19 18 -5 21 -14 26 -16 23 24 27 28 -1 -21 29 -25
right_child=1 11 7 4 -6 -7 -8 8 -10 -11 12 14 13 -15 16 -17 -18 -19 -20 22 -22 -23 -24 25 -26 -27 -28 -29 -30 -31
leaf_value=-0.050057987236169867 -0.054311614056061067 -0.050076596087191609 0.050123949072396506 -0.050057949509035908 0.050174529385023398 -0.05038105993917489 -0.050195830386844921 0.050071717885695699 0.050115316841817192 0.050079488601867707 0.050061967280951448 -0.050054004587261461 0.050058489941448292 0.05006146880414996 -0.050057983982365419 0.05005949277859905 -0.050055405637741274 -0.050054825253742344 -0.050056709120658432 0.050058093806860465 -0.050057487131290004 -0.050057506438731428 0.050058193561164199 0.050057981591853928 0.050057985577762226 0.050058040970259211 -0.050057912721154091 0.050058047936293759 0.050057968181373327 0.050057986902057441
leaf_weight=1.7945786328637043 0.14741594227962274 0.014587577374186256 0.10130885569378767 0.025670147500932106 0.093592565506696701 0.040534204803407081 0.041969355661421903 0.12732302909717086 0.094074474647641071 0.09439165424555529 0.073456463171169495 0.014877422741847113 0.080520711373538556 0.091672552283853181 0.51997941033914685 0.07096267514862109 0.021982817474054173 0.013666554063092917 0.013572058931458741 0.069549438543617614 0.01372099679429073 0.013768771081231534 0.073145118076354154 0.1631305725313722 0.19090958870947361 0.069487793836742529 0.018026741978246608 0.10076650814153254 0.076340883737429865 1.1385352180805055
leaf_count=2585 20 17 16 37 9 9 18 31 14 20 20 24 23 25 749 20 34 21 20 20 20 20 21 47 55 20 26 29 22 328
internal_value=2.28132e-05 0.0276544 0.0444955 -0.0454726 0.0205138 -0.0500679 -0.0500611 0.0500643 0.0500619 0.0500599 0.0500591 -0.0500582 0.0500583 0.0500582 -0.0500577 0.0500581 -0.0500578 -0.0500569 -0.0500579 0.050058 -0.050058 -0.050058 0.050058 0.050058 0.050058 0.050058 -0.050058 0.0500581 0.050058 0.050058
internal_weight=5.40352 3.36176 2.76299 2.04176 0.132929 1.90883 1.8683 2.61558 2.51427 2.42019 2.3258 0.598768 2.19848 2.12502 0.58418 2.03335 0.569303 0.0393367 0.54732 1.96239 1.82633 0.533748 1.88187 1.80872 0.361226 1.44749 1.81261 0.170316 1.37801 1.30167
internal_count=4320 1595 731 2725 67 2658 2649 711 695 681 661 864 630 610 847 585 823 58 789 565 2631 769 542 521 104 417 2611 49 397 375
is_linear=0
shrinkage=0.05


Tree=122
num_leaves=31
num_cat=0
split_feature=67 6 40 51 5 40 5 1 24 21 14 40 18 22 39 24 8 52 19 14 41 29 17 52 1 16 25 16 20 15
split_gain=2.5843 1.67373 0.578183 0.235555 0.105855 1.39774e-06 2.68291e-07 1.28878e-07 9.58061e-08 1.30071e-08 7.41106e-09 1.74117e-09 3.4318e-10 3.48036e-10 7.35756e-11 5.08888e-11 4.68341e-11 2.99666e-11 7.24887e-12 6.35092e-12 1.17106e-12 1.0556e-12 9.50795e-13 1.1835e-13 1.97953e-13 7.12763e-14 3.55271e-14 3.05866e-14 7.77156e-15 1.9984e-15
threshold=1.5000000000000002 21.000000000000004 5.8285715579986581 1.5000000000000002 11598.000000000002 1298.497741699219 11619.500000000002 23699.500000000004 997.50000000000011 13850000.000000002 2.5229492187500004 19.145161628723148 31272.000000000004 30050000.000000004 68.500000000000014 707.50000000000011 702.47500610351574 1323.8333129882815 90.500000000000014 2.8556319475173955 2501.385375976563 1546.0000000000002 21750000.000000004 7.4166667461395273 5105459.5000000009 8210.5000000000018 10750000.000000002 526180.37500000012 80150000.000000015 0.49777399003505712
decision_type=2 2 2 2 2 2 2 2 2 2 2 2 2 2 2 2 2 2 2 2 2 2 2 2 2 2 2 2 2 2
left_child=3 2 -2 5 17 6 20 -4 9 10 -9 -3 -12 15 -13 19 18 -5 21 -14 26 -16 23 24 27 -25 -1 -21 29 -27
right_child=1 11 7 4 -6 -7 -8 8 -10 -11 12 14 13 -15 16 -17 -18 -19 -20 22 -22 -23 -24 25 -26 28 -28 -29 -30 -31
leaf_value=-0.050055157385526607 -0.054110537534930891 -0.050072856767122725 0.050117895575476135 -0.050055120368902806 0.050165990208050348 -0.050362336122968102 -0.050186239520652987 0.050068218131542254 0.050109679050555238 0.050075605539149352 0.050058941969669216 -0.050051367162038451 0.050055635718639024 0.050058467756005622 -0.050055153746081986 0.050056587291974458 -0.050052698994692349 -0.050052148770486062 -0.050053942287044143 0.050055256041653652 -0.050054681187723687 -0.050054698990077674 0.050055352023712113 0.050055207511961609 0.050055153884674478 0.050055150046401486 -0.050055085179673088 0.050055211845213811 0.05005513808640847 0.050055155973992585
leaf_weight=1.707150103873573 0.14073432039003897 0.013877143152058014 0.096379309892654752 0.024419544904958346 0.089042776264250278 0.038571301382034906 0.039929920574650057 0.12112166802398983 0.089496220927685388 0.089794906554743537 0.06987806526012752 0.014152568997815251 0.076597927836701607 0.087206725496798643 0.49464697774965316 0.067505602492019423 0.020911804836941883 0.013000705745071173 0.01291083765681833 0.066161127062514313 0.013052528956904896 0.013097976450808346 0.069581638555973657 0.066102464217692503 0.1816088305786252 0.13537116860970844 0.017148511658888199 0.095857359934598207 0.072621697094291338 1.1028799279592929
leaf_count=2585 20 17 16 37 9 9 18 31 14 20 20 24 23 25 749 20 34 21 20 20 20 20 21 20 55 41 26 29 22 334
internal_value=2.29437e-05 0.0276486 0.0444845 -0.0454694 0.020511 -0.0500646 -0.0500581 0.0500612 0.0500589 0.050057 0.0500562 -0.0500554 0.0500555 0.0500554 -0.0500549 0.0500552 -0.050055 -0.0500541 -0.0500551 0.0500552 -0.0500552 -0.0500551 0.0500552 0.0500552 0.0500552 0.0500552 -0.0500552 0.0500552 0.0500552 0.0500552
internal_weight=5.14081 3.1985 2.6289 1.94232 0.126463 1.81585 1.77728 2.48816 2.39179 2.30229 2.21249 0.569597 2.09137 2.02149 0.55572 1.93429 0.541568 0.0374203 0.520656 1.86678 1.73735 0.507745 1.79018 1.7206 0.343627 1.37698 1.7243 0.162018 1.31087 1.23825
internal_count=4320 1595 731 2725 67 2658 2649 711 695 681 661 864 630 610 847 585 823 58 789 565 2631 769 542 521 104 417 2611 49 397 375
is_linear=0
shrinkage=0.05


Tree=123
num_leaves=31
num_cat=0
split_feature=67 6 40 51 5 40 5 1 24 21 14 40 18 22 39 24 8 52 19 14 40 29 17 52 1 16 25 16 20 41
split_gain=2.45797 1.5918 0.549729 0.224057 0.100679 1.20247e-06 2.30867e-07 1.1093e-07 8.24492e-08 1.11921e-08 6.37805e-09 1.49844e-09 2.95151e-10 2.99459e-10 6.32552e-11 4.38383e-11 4.02894e-11 2.5803e-11 6.24123e-12 5.48073e-12 9.94982e-13 9.09328e-13 8.19345e-13 1.01252e-13 1.73805e-13 6.12843e-14 2.66454e-14 2.42029e-14 7.77156e-15 1.9984e-15
threshold=1.5000000000000002 21.000000000000004 5.8285715579986581 1.5000000000000002 11598.000000000002 1298.497741699219 11619.500000000002 23699.500000000004 997.50000000000011 13850000.000000002 2.5229492187500004 19.145161628723148 31272.000000000004 30050000.000000004 68.500000000000014 707.50000000000011 702.47500610351574 1323.8333129882815 90.500000000000014 2.8556319475173955 997.29165649414074 1546.0000000000002 21750000.000000004 7.4166667461395273 5105459.5000000009 8210.5000000000018 10750000.000000002 526180.37500000012 80150000.000000015 2352.6491699218755
decision_type=2 2 2 2 2 2 2 2 2 2 2 2 2 2 2 2 2 2 2 2 2 2 2 2 2 2 2 2 2 2
left_child=3 2 -2 5 17 6 20 -4 9 10 -9 -3 -12 15 -13 19 18 -5 21 -14 26 -16 23 24 27 -25 29 -21 -27 -1
right_child=1 11 7 4 -6 -7 -8 8 -10 -11 12 14 13 -15 16 -17 -18 -19 -20 22 -22 -23 -24 25 -26 28 -28 -29 -30 -31
leaf_value=-0.050052460203327313 -0.053918212778732079 -0.050069298858357175 0.050112140454370006 -0.050052429927953147 0.050157865386882897 -0.0503445396008428 -0.050177124283867128 0.050064887249197935 0.050104320813161622 0.050071912085505321 0.050056063200138515 -0.050048861067205921 0.050052920153513869 0.050055612947591671 -0.050052460899729145 0.05005382530560553 -0.050050126511017416 -0.050049602756702463 -0.050051308367514584 0.05005255767036311 -0.050052021230085536 -0.050052028134173171 0.05005264980565706 0.050052512305195335 0.050052460799218039 0.050052462689046923 -0.05005239609841601 0.050052517361595966 0.050052445229194255 -0.050052479999172388
leaf_weight=1.6101537480135446 0.13433609134517688 0.013201261404901632 0.091689100023359393 0.023229806800372788 0.084713481366634369 0.036702799145132192 0.037989241769537219 0.11522196629084769 0.085140315815806278 0.08542169677093614 0.066473798127844819 0.01346299733268097 0.072866056812927016 0.082958214683458098 0.47054744279012084 0.064216770930215605 0.019892920827260241 0.01236726704519242 0.012281798815820366 0.06293771881610144 0.013042146340012439 0.012459828518331051 0.066191586200147756 0.062881909776478895 0.17276072362437844 1.1779226509388534 0.016313022933900245 0.091187125537544489 0.069083517882972845 0.013197322899941244
leaf_count=2563 20 17 16 37 9 9 18 31 14 20 20 24 23 25 749 20 34 21 20 20 21 20 21 20 55 375 26 29 22 21
internal_value=2.307e-05 0.027643 0.044474 -0.0454664 0.0205083 -0.0500614 -0.0500553 0.0500582 0.050056 0.0500542 0.0500535 -0.0500527 0.0500528 0.0500527 -0.0500522 0.0500525 -0.0500523 -0.0500514 -0.0500524 0.0500525 -0.0500525 -0.0500524 0.0500525 0.0500525 0.0500525 0.0500525 -0.0500525 0.0500525 0.0500525 -0.0500525
internal_weight=4.89084 3.04314 2.50129 1.84771 0.120311 1.7274 1.6907 2.36695 2.27526 2.19012 2.1047 0.541846 1.98948 1.92301 0.528645 1.84005 0.515182 0.0355971 0.495289 1.77583 1.65271 0.483007 1.70297 1.63677 0.326886 1.30989 1.63966 0.154125 1.24701 1.62335
internal_count=4320 1595 731 2725 67 2658 2649 711 695 681 661 864 630 610 847 585 823 58 789 565 2631 769 542 521 104 417 2610 49 397 2584
is_linear=0
shrinkage=0.05


Tree=124
num_leaves=31
num_cat=0
split_feature=67 6 40 51 5 40 5 1 24 21 14 40 18 22 39 24 8 52 19 14 41 29 17 52 1 14 25 16 20 17
split_gain=2.33784 1.51388 0.522687 0.213121 0.0957569 1.0345e-06 1.98656e-07 9.54744e-08 7.09523e-08 9.63044e-09 5.48884e-09 1.28984e-09 2.54034e-10 2.57474e-10 5.44302e-11 3.7641e-11 3.45652e-11 2.21995e-11 5.36365e-12 4.71201e-12 8.48654e-13 7.77767e-13 7.02549e-13 8.77076e-14 1.49047e-13 4.996e-14 2.28706e-14 2.20102e-14 6.43929e-15 1.55431e-15
threshold=1.5000000000000002 21.000000000000004 5.8285715579986581 1.5000000000000002 11598.000000000002 1298.497741699219 11619.500000000002 23699.500000000004 997.50000000000011 13850000.000000002 2.5229492187500004 19.145161628723148 31272.000000000004 30050000.000000004 68.500000000000014 707.50000000000011 702.47500610351574 1323.8333129882815 90.500000000000014 2.8556319475173955 2501.385375976563 1546.0000000000002 21750000.000000004 7.4166667461395273 5105459.5000000009 210582.96093750003 10750000.000000002 526180.37500000012 80150000.000000015 4624315.7500000009
decision_type=2 2 2 2 2 2 2 2 2 2 2 2 2 2 2 2 2 2 2 2 2 2 2 2 2 2 2 2 2 2
left_child=3 2 -2 5 17 6 20 -4 9 10 -9 -3 -12 15 -13 19 18 -5 21 -14 26 -16 23 24 27 28 -1 -21 29 -25
right_child=1 11 7 4 -6 -7 -8 8 -10 -11 12 14 13 -15 16 -17 -18 -19 -20 22 -22 -23 -24 25 -26 -27 -28 -29 -30 -31
leaf_value=-0.050049897522363974 -0.053734340061002708 -0.050065915429210399 0.050106664567203876 -0.050049868643706988 0.05015014698013353 -0.050327624531791175 -0.05016845618488628 0.050061718896665823 0.050099223804380422 0.05006839923252341 0.050053326275225775 -0.050046474682101771 0.050050336536458434 0.050052896550329587 -0.05004989825441223 0.050051196206702009 -0.050047681360419038 -0.050047179983444212 -0.050048802824825669 0.050049992640139665 -0.050049471491784528 -0.050049487901636214 0.050050079275854614 0.050049902262877671 0.050049899977475901 0.050049947669069242 -0.050049836524404159 0.050049953223951629 0.050049885433985454 0.050049896734921745
leaf_weight=1.5448514510644598 0.12821067823097188 0.012558255286421516 0.087226660689339375 0.022097977518569567 0.08059405256062746 0.034924220060929545 0.036142572294920572 0.10960928606800857 0.080996004864573368 0.081261189188808092 0.063235203269868978 0.012806994142010808 0.069315824657678493 0.078916468890383729 0.4476209061103873 0.061088009038939961 0.018923633731901646 0.011764663155190647 0.011683378485031426 0.05987120117060829 0.011811610194854327 0.01185274199815467 0.062966536264866479 0.99504131916910388 0.16434328071773052 0.059818125795572885 0.015518200467340537 0.086744209052994847 0.065717551857232936 0.12548923026770353
leaf_count=2585 20 17 16 37 9 9 18 31 14 20 20 24 23 25 749 20 34 21 20 20 20 20 21 333 55 20 26 29 22 42
internal_value=2.31904e-05 0.0276377 0.0444639 -0.0454635 0.0205057 -0.0500584 -0.0500526 0.0500554 0.0500533 0.0500515 0.0500508 -0.0500501 0.0500502 0.0500501 -0.0500497 0.05005 -0.0500498 -0.0500489 -0.0500499 0.0500499 -0.0500499 -0.0500499 0.0500499 0.0500499 0.0500499 0.0500499 -0.0500499 0.05005 0.0500499 0.0500499
internal_weight=4.653 2.8953 2.37985 1.7577 0.114457 1.64325 1.60832 2.25164 2.16441 2.08342 2.00216 0.515446 1.89255 1.82931 0.502888 1.7504 0.490081 0.0338626 0.471157 1.68931 1.57218 0.459474 1.61999 1.55702 0.310959 1.24607 1.56037 0.146615 1.18625 1.12053
internal_count=4320 1595 731 2725 67 2658 2649 711 695 681 661 864 630 610 847 585 823 58 789 565 2631 769 542 521 104 417 2611 49 397 375
is_linear=0
shrinkage=0.05


Tree=125
num_leaves=31
num_cat=0
split_feature=67 6 40 51 5 40 5 1 24 21 14 40 18 22 39 24 8 52 19 14 41 29 17 52 1 14 25 16 20 15
split_gain=2.22358 1.43979 0.496988 0.202719 0.0910759 8.89946e-07 1.70922e-07 8.21741e-08 6.10542e-08 8.28746e-09 4.72341e-09 1.11004e-09 2.18657e-10 2.21682e-10 4.68661e-11 3.24034e-11 2.97732e-11 1.91206e-11 4.60632e-12 4.03033e-12 7.51621e-13 6.66744e-13 6.01519e-13 7.79377e-14 1.22846e-13 4.50751e-14 2.57572e-14 1.89571e-14 5.55112e-15 1.33227e-15
threshold=1.5000000000000002 21.000000000000004 5.8285715579986581 1.5000000000000002 11598.000000000002 1298.497741699219 11619.500000000002 23699.500000000004 997.50000000000011 13850000.000000002 2.5229492187500004 19.145161628723148 31272.000000000004 30050000.000000004 68.500000000000014 707.50000000000011 702.47500610351574 1323.8333129882815 90.500000000000014 2.8556319475173955 2501.385375976563 1546.0000000000002 21750000.000000004 7.4166667461395273 5105459.5000000009 210582.96093750003 10750000.000000002 526180.37500000012 80150000.000000015 0.49777399003505712
decision_type=2 2 2 2 2 2 2 2 2 2 2 2 2 2 2 2 2 2 2 2 2 2 2 2 2 2 2 2 2 2
left_child=3 2 -2 5 17 6 20 -4 9 10 -9 -3 -12 15 -13 19 18 -5 21 -14 26 -16 23 24 27 28 -1 -21 29 -25
right_child=1 11 7 4 -6 -7 -8 8 -10 -11 12 14 13 -15 16 -17 -18 -19 -20 22 -22 -23 -24 25 -26 -27 -28 -29 -30 -31
leaf_value=-0.050047466863097329 -0.05355861118214144 -0.050062697137349732 0.050101456767867286 -0.050047435607282448 0.050142796861693276 -0.050311540878814322 -0.050160213587238316 0.050058705111568839 0.050094374410875123 0.050065058830012971 0.050050723121822877 -0.050044205450119755 0.05004787797148208 0.050050314737126816 -0.050047462548814863 0.050048697015133418 -0.050045353082266555 -0.050044877241127661 -0.05004642173074314 0.050047551794515623 -0.050047055606421066 -0.050047073000090772 0.050047634126188158 0.050047460530785598 0.050047465046297979 0.050047510313226774 -0.050047400260601428 0.050047514287665101 0.05004745015734352 0.050047466025672296
leaf_weight=1.4695777759770861 0.12234782183077264 0.011946530605200567 0.082980974344536995 0.021021243243012466 0.076674381271004677 0.033231297740712651 0.034385384875349589 0.10426969686523113 0.077053053304552921 0.077303060563281067 0.060154236387461313 0.012182928330730647 0.065938408952206262 0.075071442406624445 0.42581038543721661 0.058111540507525095 0.018001533229835331 0.011191396100912243 0.011114088934846222 0.056953954976051935 0.011236079968511947 0.01127520709997043 0.059898474253713974 0.11653249431401469 0.15633558109402657 0.0569034635554998 0.014762069331481942 0.082517563831061125 0.062515433877706417 0.94939971785061061
leaf_count=2585 20 17 16 37 9 9 18 31 14 20 20 24 23 25 749 20 34 21 20 20 20 20 21 41 55 20 26 29 22 334
internal_value=2.33051e-05 0.0276325 0.0444542 -0.0454607 0.0205032 -0.0500556 -0.05005 0.0500527 0.0500507 0.050049 0.0500484 -0.0500476 0.0500478 0.0500477 -0.0500473 0.0500475 -0.0500473 -0.0500465 -0.0500474 0.0500475 -0.0500475 -0.0500475 0.0500475 0.0500475 0.0500475 0.0500475 -0.0500475 0.0500475 0.0500475 0.0500475
internal_weight=4.4267 2.75462 2.26429 1.67208 0.108887 1.56319 1.52996 2.14194 2.05896 1.98191 1.9046 0.490331 1.80033 1.74018 0.478384 1.66511 0.466201 0.0322126 0.4482 1.607 1.49558 0.437086 1.54106 1.48116 0.295807 1.18535 1.48434 0.139472 1.12845 1.06593
internal_count=4320 1595 731 2725 67 2658 2649 711 695 681 661 864 630 610 847 585 823 58 789 565 2631 769 542 521 104 417 2611 49 397 375
is_linear=0
shrinkage=0.05


Tree=126
num_leaves=31
num_cat=0
split_feature=67 6 40 51 5 40 5 1 24 21 14 40 18 22 39 24 8 52 19 14 40 29 17 52 1 15 25 16 20 25
split_gain=2.11492 1.36934 0.472563 0.192825 0.0866243 7.65653e-07 1.47071e-07 7.07282e-08 5.25449e-08 7.13354e-09 4.0666e-09 9.55109e-10 1.88336e-10 1.91024e-10 4.03437e-11 2.79599e-11 2.55779e-11 1.6457e-11 3.9837e-12 3.50098e-12 6.46594e-13 5.86975e-13 5.2558e-13 7.08322e-14 1.04083e-13 4.10783e-14 2.22045e-14 1.70697e-14 3.55271e-15 1.11022e-15
threshold=1.5000000000000002 21.000000000000004 5.8285715579986581 1.5000000000000002 11598.000000000002 1298.497741699219 11619.500000000002 23699.500000000004 997.50000000000011 13850000.000000002 2.5229492187500004 19.145161628723148 31272.000000000004 30050000.000000004 68.500000000000014 707.50000000000011 702.47500610351574 1323.8333129882815 90.500000000000014 2.8556319475173955 997.29165649414074 1546.0000000000002 21750000.000000004 7.4166667461395273 5105459.5000000009 143.40257263183597 10750000.000000002 526180.37500000012 80150000.000000015 8709777.5000000019
decision_type=2 2 2 2 2 2 2 2 2 2 2 2 2 2 2 2 2 2 2 2 2 2 2 2 2 2 2 2 2 2
left_child=3 2 -2 5 17 6 20 -4 9 10 -9 -3 -12 15 -13 19 18 -5 21 -14 26 -16 23 24 27 28 29 -21 -25 -1
right_child=1 11 7 4 -6 -7 -8 8 -10 -11 12 14 13 -15 16 -17 -18 -19 -20 22 -22 -23 -24 25 -26 -27 -28 -29 -30 -31
leaf_value=-0.050045151863015593 -0.053390726880642683 -0.05005963553819074 0.050096503367149575 -0.050045118888218026 0.050135814843672924 -0.050296256455342851 -0.05015237607378057 0.050055840071093344 0.050089764762609561 0.050061882850934041 0.050048247167874642 -0.050042048350490809 0.050045541340211191 0.050047859116750318 -0.050045146844434042 0.050046320185255677 -0.050043141987935573 -0.050042685367664999 -0.050044154349654993 0.050045230069647909 -0.05004477007974148 -0.050044772100422991 0.050045308787419987 0.050045146843651189 0.050045147560510976 0.050045190858664081 -0.050045088432715004 0.050045193597329653 0.05004513400493317 -0.050045135674092703
leaf_weight=1.3866168640670364 0.11673756758682508 0.011364568665157893 0.07894155150279436 0.019996927061583736 0.072944828309118748 0.031619952293112763 0.032713372609577962 0.099189939210191258 0.073301707860082277 0.073537495220079907 0.057223238749429473 0.011589246918447316 0.062725408468395361 0.071413580095395335 0.40506164514226839 0.055279966443776973 0.017124325706390664 0.010646039707353339 0.010572515137027949 0.054178727092221268 0.011227057257201412 0.010725789237767458 0.05697977216914285 1.0139918720815329 0.14871771517209709 0.054130679229274281 0.014042747439816483 0.07849668082781136 0.059469202999025472 0.010813360742758849
leaf_count=2564 20 17 16 37 9 9 18 31 14 20 20 24 23 25 749 20 34 21 20 20 21 20 21 375 55 20 26 29 22 20
internal_value=2.34147e-05 0.0276276 0.0444449 -0.0454581 0.0205009 -0.0500528 -0.0500476 0.0500501 0.0500482 0.0500466 0.050046 -0.0500453 0.0500454 0.0500453 -0.050045 0.0500452 -0.050045 -0.0500443 -0.0500451 0.0500452 -0.0500451 -0.0500451 0.0500452 0.0500452 0.0500452 0.0500451 -0.0500452 0.0500452 0.0500451 -0.0500452
internal_weight=4.21137 2.62075 2.15432 1.59062 0.103588 1.48703 1.45541 2.03758 1.95864 1.88533 1.8118 0.466438 1.71261 1.65538 0.455074 1.58397 0.443484 0.030643 0.42636 1.52869 1.4227 0.415787 1.46596 1.40898 0.281393 1.12759 1.41147 0.132675 1.07346 1.39743
internal_count=4320 1595 731 2725 67 2658 2649 711 695 681 661 864 630 610 847 585 823 58 789 565 2631 769 542 521 104 417 2610 49 397 2584
is_linear=0
shrinkage=0.05


Tree=127
num_leaves=31
num_cat=0
split_feature=67 6 40 51 5 40 5 1 24 21 14 40 18 22 39 24 8 52 19 14 41 29 74 52 1 14 25 16 76 25
split_gain=2.01158 1.30234 0.449347 0.183414 0.0823907 6.58759e-07 1.26557e-07 6.08684e-08 4.52177e-08 6.13844e-09 3.49919e-09 8.21763e-10 1.619e-10 1.64151e-10 3.47429e-11 2.39846e-11 2.20656e-11 1.41522e-11 3.43764e-12 2.99316e-12 5.52003e-13 5.0554e-13 4.41647e-13 5.75096e-14 9.25926e-14 3.24185e-14 1.68754e-14 1.65146e-14 2.88658e-15 6.66134e-16
threshold=1.5000000000000002 21.000000000000004 5.8285715579986581 1.5000000000000002 11598.000000000002 1298.497741699219 11619.500000000002 23699.500000000004 997.50000000000011 13850000.000000002 2.5229492187500004 19.145161628723148 31272.000000000004 30050000.000000004 68.500000000000014 707.50000000000011 702.47500610351574 1323.8333129882815 90.500000000000014 2.8556319475173955 2501.385375976563 1546.0000000000002 47700000.000000007 7.4166667461395273 5105459.5000000009 210582.96093750003 10750000.000000002 526180.37500000012 9303819.5000000019 8709777.5000000019
decision_type=2 2 2 2 2 2 2 2 2 2 2 2 2 2 2 2 2 2 2 2 2 2 2 2 2 2 2 2 2 2
left_child=3 2 -2 5 17 6 20 -4 9 10 -9 -3 -12 15 -13 19 18 -5 21 -14 26 -16 23 24 27 28 29 -21 -25 -1
right_child=1 11 7 4 -6 -7 -8 8 -10 -11 12 14 13 -15 16 -17 -18 -19 -20 22 -22 -23 -24 25 -26 -27 -28 -29 -30 -31
leaf_value=-0.050042944602523481 -0.053230391690289182 -0.05005672365354729 0.050091790537691722 -0.050042917501229946 0.050129177704495168 -0.050281726034515223 -0.050144920697511246 0.050053114167815251 0.050085380406548655 0.050058861548604089 0.050045891459538361 -0.050039996512860056 0.050043318385160941 0.05004552214040469 -0.0500429447117616 0.05004405856274579 -0.050041035487749165 -0.050040603735587025 -0.050041999438331833 0.050043024906947169 -0.050042574155299648 -0.050042588130403846 0.050043100264076296 0.050042944960265068 0.050042944249779175 0.050042984862561396 -0.050042887606080493 0.050042988111794598 0.050042936138023547 -0.050042933012324611
leaf_weight=1.3195596906007265 0.11137025244534093 0.010810925101395585 0.075098413275554665 0.019022481399588176 0.069396228063851595 0.030086302896961459 0.031122432556003221 0.094357395311817416 0.069732691161334404 0.06995514454320062 0.054434925550594815 0.011024473438737914 0.05966883897781361 0.067933790152892359 0.3853230697568506 0.052586246747523435 0.016289830586174503 0.010127237037522718 0.010057309584226459 0.051538615254685172 0.010167709493543842 0.010203120589721948 0.051625692285597213 0.9260015881154684 0.14147073915228248 0.051492921542376169 0.013358447002246865 0.074671563459560275 0.097727441927418113 0.010286428092513122
leaf_count=2565 20 17 16 37 9 9 18 31 14 20 20 24 23 25 749 20 34 21 20 20 20 20 20 360 55 20 26 29 38 20
internal_value=2.35212e-05 0.0276229 0.044436 -0.0454556 0.0204987 -0.0500503 -0.0500452 0.0500477 0.0500459 0.0500443 0.0500438 -0.0500431 0.0500432 0.0500431 -0.0500428 0.050043 -0.0500428 -0.0500421 -0.0500429 0.050043 -0.0500429 -0.0500429 0.050043 0.050043 0.050043 0.0500429 -0.0500429 0.050043 0.0500429 -0.0500429
internal_weight=4.0065 2.49337 2.04967 1.51313 0.0985459 1.41458 1.38449 1.9383 1.8632 1.79346 1.72351 0.443709 1.62915 1.57472 0.432898 1.50678 0.421873 0.0291497 0.405583 1.4542 1.35337 0.395526 1.39453 1.3429 0.267681 1.07522 1.3432 0.12621 1.02373 1.32985
internal_count=4320 1595 731 2725 67 2658 2649 711 695 681 661 864 630 610 847 585 823 58 789 565 2631 769 542 522 104 418 2611 49 398 2585
is_linear=0
shrinkage=0.05


Tree=128
num_leaves=31
num_cat=0
split_feature=67 6 40 51 5 40 5 1 24 21 14 40 18 22 39 24 8 52 19 14 41 29 17 52 1 14 28 16 20 21
split_gain=1.9133 1.23863 0.427281 0.174463 0.0783644 5.66759e-07 1.08902e-07 5.23913e-08 3.89099e-08 5.28259e-09 3.00966e-09 7.07661e-10 1.39363e-10 1.41411e-10 2.98354e-11 2.06428e-11 1.8951e-11 1.21816e-11 2.94764e-12 2.58282e-12 4.82281e-13 4.25215e-13 3.88356e-13 4.4631e-14 7.59393e-14 2.90878e-14 1.4877e-14 1.30035e-14 3.33067e-15 6.66134e-16
threshold=1.5000000000000002 21.000000000000004 5.8285715579986581 1.5000000000000002 11598.000000000002 1298.497741699219 11619.500000000002 23699.500000000004 997.50000000000011 13850000.000000002 2.5229492187500004 19.145161628723148 31272.000000000004 30050000.000000004 68.500000000000014 707.50000000000011 702.47500610351574 1323.8333129882815 90.500000000000014 2.8556319475173955 2501.385375976563 1546.0000000000002 21750000.000000004 7.4166667461395273 5105459.5000000009 210582.96093750003 5005179.5000000009 526180.37500000012 80150000.000000015 2694876.0000000005
decision_type=2 2 2 2 2 2 2 2 2 2 2 2 2 2 2 2 2 2 2 2 2 2 2 2 2 2 2 2 2 2
left_child=3 2 -2 5 17 6 20 -4 9 10 -9 -3 -12 15 -13 19 18 -5 21 -14 26 -16 23 24 27 28 -1 -21 29 -25
right_child=1 11 7 4 -6 -7 -8 8 -10 -11 12 14 13 -15 16 -17 -18 -19 -20 22 -22 -23 -24 25 -26 -27 -28 -29 -30 -31
leaf_value=-0.050040850642874328 -0.053077308100052262 -0.050053955806482933 0.050087310290549775 -0.050040824694795122 0.050122859543495484 -0.05026790903002494 -0.050137835176092188 0.050050518323657582 0.050081207972632928 0.05005598726256516 0.050043651505872346 -0.050038044469657518 0.050041204200189683 0.050043301074819441 -0.050040845526463901 0.050041907829026115 -0.05003903152841941 -0.050038623753564285 -0.050039948141515023 0.050040921862824751 -0.050040495605716218 -0.050040510238561577 0.050040994354717795 0.050040848901765446 0.05004084733530946 0.050040887116990541 -0.05004080022613399 0.05004088836980191 0.050040835436786335 0.050040844890128694
leaf_weight=1.2630837992765012 0.10623649647459421 0.010284224583301582 0.071442049229517468 0.018095481966156401 0.066019842401146889 0.028626644751056918 0.02960865176282812 0.089760067174211033 0.066337173571810015 0.066547116497531422 0.051782362395897397 0.010487202205695212 0.05676109343767155 0.064623417798429617 0.3665456396411173 0.050023680087178835 0.015495971165364608 0.0096336975984741002 0.0095671910385135561 0.04902705387212325 0.009672216372564324 0.0097059014660771936 0.051561766769736894 0.82460115547291912 0.13457662612199783 0.048983584623783827 0.014664076297776663 0.071032691048458219 0.053814463084563613 0.092973467893898487
leaf_count=2581 20 17 16 37 9 9 18 31 14 20 20 24 23 25 749 20 34 21 20 20 20 20 21 337 55 20 30 29 22 38
internal_value=2.3622e-05 0.0276184 0.0444274 -0.0454532 0.0204966 -0.0500478 -0.050043 0.0500453 0.0500436 0.0500422 0.0500416 -0.050041 0.0500411 0.050041 -0.0500407 0.0500409 -0.0500407 -0.0500401 -0.0500408 0.0500409 -0.0500408 -0.0500408 0.0500409 0.0500409 0.0500409 0.0500408 -0.0500409 0.0500409 0.0500408 0.0500408
internal_weight=3.81157 2.37217 1.95008 1.4394 0.093749 1.34566 1.31703 1.84385 1.77241 1.70607 1.63952 0.422086 1.54976 1.49798 0.411802 1.43336 0.401315 0.0277292 0.385819 1.38333 1.28742 0.376252 1.32657 1.27501 0.254636 1.02037 1.27775 0.12006 0.971389 0.917575
internal_count=4320 1595 731 2725 67 2658 2649 711 695 681 661 864 630 610 847 585 823 58 789 565 2631 769 542 521 104 417 2611 49 397 375
is_linear=0
shrinkage=0.05


Tree=129
num_leaves=31
num_cat=0
split_feature=67 6 40 51 5 40 5 1 24 21 14 40 18 22 39 24 8 52 19 14 40 29 17 52 1 14 25 16 20 2
split_gain=1.81982 1.17805 0.406306 0.165949 0.0745352 4.87652e-07 9.37179e-08 4.50909e-08 3.34886e-08 4.54597e-09 2.59093e-09 6.08733e-10 1.19997e-10 1.21549e-10 2.57386e-11 1.78371e-11 1.63409e-11 1.04779e-11 2.54552e-12 2.21334e-12 4.06564e-13 3.73812e-13 3.31513e-13 4.24105e-14 6.7113e-14 2.40918e-14 1.11022e-14 1.10467e-14 2.88658e-15 9.99201e-16
threshold=1.5000000000000002 21.000000000000004 5.8285715579986581 1.5000000000000002 11598.000000000002 1298.497741699219 11619.500000000002 23699.500000000004 997.50000000000011 13850000.000000002 2.5229492187500004 19.145161628723148 31272.000000000004 30050000.000000004 68.500000000000014 707.50000000000011 702.47500610351574 1323.8333129882815 90.500000000000014 2.8556319475173955 997.29165649414074 1546.0000000000002 21750000.000000004 7.4166667461395273 5105459.5000000009 210582.96093750003 10750000.000000002 526180.37500000012 80150000.000000015 3.5000000000000004
decision_type=2 2 2 2 2 2 2 2 2 2 2 2 2 2 2 2 2 2 2 2 2 2 2 2 2 2 2 2 2 2
left_child=3 2 -2 5 17 6 20 -4 9 10 -9 -3 -12 15 -13 19 18 -5 21 -14 26 -16 23 24 27 28 -1 -21 29 -25
right_child=1 11 7 4 -6 -7 -8 8 -10 -11 12 14 13 -15 16 -17 -18 -19 -20 22 -22 -23 -24 25 -26 -27 -28 -29 -30 -31
leaf_value=-0.050038854875032901 -0.052931188253566921 -0.050051321627700346 0.050083047260835081 -0.050038829965236231 0.050116855809039101 -0.050254777310173443 -0.050131095970369778 0.050048053306762152 0.050077243366342922 0.050053253365896368 0.050041521167260405 -0.050036187475542442 0.050039192089879891 0.050041185881445939 -0.050038855013902178 0.050039864007534102 -0.05003712785337882 -0.050036737094688505 -0.050037999923699172 0.050038925346226851 -0.050038528809646987 -0.050038532675120567 0.05003899270312992 0.050038855464115566 0.050038853904040642 0.050038890436019667 -0.050038806361754985 0.050038893712452848 0.050038842259740882 0.050038852095748293
leaf_weight=1.2029268274200151 0.1013272107811648 0.0097831589519045137 0.067963417852297314 0.017213623214047291 0.062807352282106876 0.027237442787736543 0.02816831215750415 0.085386518854647764 0.063106743153184541 0.063304946059360989 0.049258951097726711 0.0099760961020365357 0.05399493733420957 0.061474228044971713 0.34868252748856321 0.047585892723873147 0.014740770508069545 0.0091641932376660407 0.0091009392344858497 0.046637791208922641 0.0096643867436795317 0.0092328947503119707 0.049048982094973215 0.56561740627512336 0.12801821925677359 0.04659643885679543 0.012088184215826803 0.06757101253606379 0.051191888283938169 0.30724046751856804
leaf_count=2584 20 17 16 37 9 9 18 31 14 20 20 24 23 25 749 20 34 21 20 20 21 20 21 243 55 20 26 29 22 132
internal_value=2.372e-05 0.0276141 0.0444193 -0.045451 0.0204946 -0.0500455 -0.0500409 0.0500431 0.0500415 0.0500401 0.0500396 -0.050039 0.0500391 0.050039 -0.0500387 0.0500389 -0.0500388 -0.0500381 -0.0500388 0.0500389 -0.0500389 -0.0500388 0.0500389 0.0500389 0.0500389 0.0500389 -0.0500389 0.0500389 0.0500389 0.0500389
internal_weight=3.62611 2.25684 1.85533 1.36927 0.0891852 1.28009 1.25285 1.754 1.68603 1.62293 1.55962 0.401516 1.47424 1.42498 0.391733 1.3635 0.381757 0.0263778 0.367016 1.31592 1.22468 0.357915 1.26192 1.21287 0.242227 0.970646 1.21502 0.114209 0.92405 0.872858
internal_count=4320 1595 731 2725 67 2658 2649 711 695 681 661 864 630 610 847 585 823 58 789 565 2631 769 542 521 104 417 2610 49 397 375
is_linear=0
shrinkage=0.05


Tree=130
num_leaves=31
num_cat=0
split_feature=67 6 40 51 5 40 5 1 24 21 14 40 18 22 39 24 8 52 19 14 40 29 17 52 1 15 25 16 20 10
split_gain=1.73092 1.12043 0.386367 0.15785 0.0708935 4.19574e-07 8.06424e-08 3.8813e-08 2.88187e-08 3.91312e-09 2.23052e-09 5.2404e-10 1.03277e-10 1.0476e-10 2.20799e-11 1.53419e-11 1.40489e-11 9.01837e-12 2.17554e-12 1.90559e-12 3.50386e-13 3.1658e-13 2.89324e-13 3.88578e-14 5.37903e-14 2.28706e-14 1.02141e-14 9.42302e-15 1.9984e-15 4.44089e-16
threshold=1.5000000000000002 21.000000000000004 5.8285715579986581 1.5000000000000002 11598.000000000002 1298.497741699219 11619.500000000002 23699.500000000004 997.50000000000011 13850000.000000002 2.5229492187500004 19.145161628723148 31272.000000000004 30050000.000000004 68.500000000000014 707.50000000000011 702.47500610351574 1323.8333129882815 90.500000000000014 2.8556319475173955 997.29165649414074 1546.0000000000002 21750000.000000004 7.4166667461395273 5105459.5000000009 143.40257263183597 10750000.000000002 526180.37500000012 80150000.000000015 8681.5000000000018
decision_type=2 2 2 2 2 2 2 2 2 2 2 2 2 2 2 2 2 2 2 2 2 2 2 2 2 2 2 2 2 2
left_child=3 2 -2 5 17 6 20 -4 9 10 -9 -3 -12 15 -13 19 18 -5 21 -14 26 -16 23 24 27 28 29 -21 -25 -1
right_child=1 11 7 4 -6 -7 -8 8 -10 -11 12 14 13 -15 16 -17 -18 -19 -20 22 -22 -23 -24 25 -26 -27 -28 -29 -30 -31
leaf_value=-0.050036958005641667 -0.052791753895866447 -0.050048815187466428 0.050078994686660196 -0.050036934171263515 0.050111141068880885 -0.050242288542207116 -0.050124683558638 0.050045708267853428 0.050073469556533905 0.050050654293483703 0.050039493855951356 -0.050034422298232697 0.050037278477661401 0.050039176391386435 -0.050036955462669008 0.050037917236057307 -0.050035313614113279 -0.050034943406528809 -0.050036144996822754 0.05003702418583808 -0.050036647665366966 -0.050036651332323559 0.050037089625423553 0.050036956800856673 0.050036958046406566 0.050036992972158849 -0.050036911099864884 0.050036994215741204 0.050036946070473945 -0.050036968472129809
leaf_weight=1.1318990037543701 0.096633576904423868 0.0093064826796761535 0.064653902780264505 0.016374709579395019 0.059750840999186039 0.025915333768352755 0.026797868544235715 0.081225877394899615 0.060033400310203322 0.060220574960112461 0.046858413843437918 0.0094898827956058085 0.051363488193601259 0.058478383580222615 0.33168934029527009 0.045266816858202108 0.014022349729202688 0.0087175548251252621 0.0086573938897345215 0.044364881701767223 0.0091933858348055564 0.0087829229305498302 0.046658564591780194 0.83031879412010312 0.12177919433452189 0.044325529830530286 0.011499060958158114 0.064277913654223084 0.048697029240429401 0.012402704101987072
leaf_count=2556 20 17 16 37 9 9 18 31 14 20 20 24 23 25 749 20 34 21 20 20 21 20 21 375 55 20 26 29 22 28
internal_value=2.38125e-05 0.02761 0.0444114 -0.0454488 0.0204927 -0.0500433 -0.0500389 0.050041 0.0500395 0.0500382 0.0500377 -0.0500371 0.0500372 0.0500371 -0.0500368 0.050037 -0.0500369 -0.0500362 -0.0500369 0.050037 -0.050037 -0.0500369 0.050037 0.050037 0.050037 0.050037 -0.050037 0.050037 0.050037 -0.050037
internal_weight=3.44966 2.1471 1.76516 1.30255 0.0848431 1.21771 1.19179 1.66852 1.60387 1.54384 1.48361 0.381948 1.40239 1.35553 0.372642 1.29705 0.363152 0.0250923 0.34913 1.25179 1.16499 0.340472 1.20042 1.15376 0.230422 0.923341 1.1558 0.108643 0.879016 1.1443
internal_count=4320 1595 731 2725 67 2658 2649 711 695 681 661 864 630 610 847 585 823 58 789 565 2631 769 542 521 104 417 2610 49 397 2584
is_linear=0
shrinkage=0.05


Tree=131
num_leaves=31
num_cat=0
split_feature=67 6 40 51 5 40 5 1 24 21 14 40 18 22 39 24 8 52 19 14 40 29 74 52 1 15 25 16 20 13
split_gain=1.64637 1.06564 0.367413 0.150147 0.06743 3.61012e-07 6.93974e-08 3.34045e-08 2.47985e-08 3.36683e-09 1.91867e-09 4.50918e-10 8.88305e-11 9.00442e-11 1.90158e-11 1.31637e-11 1.20841e-11 7.75205e-12 1.88194e-12 1.65645e-12 2.96874e-13 2.71339e-13 2.45803e-13 2.66454e-14 5.30964e-14 1.69864e-14 7.54952e-15 7.32747e-15 1.88738e-15 8.88178e-16
threshold=1.5000000000000002 21.000000000000004 5.8285715579986581 1.5000000000000002 11598.000000000002 1298.497741699219 11619.500000000002 23699.500000000004 997.50000000000011 13850000.000000002 2.5229492187500004 19.145161628723148 31272.000000000004 30050000.000000004 68.500000000000014 707.50000000000011 702.47500610351574 1323.8333129882815 90.500000000000014 2.8556319475173955 997.29165649414074 1546.0000000000002 47700000.000000007 7.4166667461395273 5105459.5000000009 143.40257263183597 10750000.000000002 526180.37500000012 183020.50000000003 3771.886840820313
decision_type=2 2 2 2 2 2 2 2 2 2 2 2 2 2 2 2 2 2 2 2 2 2 2 2 2 2 2 2 2 2
left_child=3 2 -2 5 17 6 20 -4 9 10 -9 -3 -12 15 -13 19 18 -5 21 -14 26 -16 23 24 27 28 29 -21 -25 -1
right_child=1 11 7 4 -6 -7 -8 8 -10 -11 12 14 13 -15 16 -17 -18 -19 -20 22 -22 -23 -24 25 -26 -27 -28 -29 -30 -31
leaf_value=-0.050035151888708551 -0.052658725908460269 -0.050046431942257268 0.05007513893896294 -0.050035132210267147 0.050105708736248325 -0.050230414629051673 -0.050118586902765633 0.05004347626344785 0.050069880758082198 0.050048181016451143 0.050037566754108233 -0.050032742228197383 0.050035461740475379 0.050037264207594391 -0.050035152525726767 0.050036066550421934 -0.050033591245933762 -0.050033239805578833 -0.050034379689792012 0.050035217548203531 -0.050034859073768694 -0.050034863848521197 0.050035282879562631 0.050035156338821177 0.050035152206076287 0.050035186969461645 -0.050035109632383279 0.050035190463030337 0.050035151459915633 -0.050035166684953183
leaf_weight=1.0788397798896769 0.092147055198438799 0.0088530111243015908 0.061505310935899504 0.015576652600429841 0.056842764839529991 0.024657109519466647 0.025493942666798719 0.077267805114388355 0.057109525427222141 0.057286341208964475 0.04457477550022293 0.0090273511596024036 0.048860191833227762 0.055628431728109606 0.31552374860621057 0.043060681549832114 0.013338919699890539 0.0082926701579708606 0.0082354509504511952 0.042202665703370945 0.008745323953917139 0.0083548658294603229 0.042273988015949615 0.5202538538724184 0.11584402481094003 0.042165231425315142 0.010938628809526452 0.061145193642005324 0.31803179415874183 0.0096919429197440676
leaf_count=2561 20 17 16 37 9 9 18 31 14 20 20 24 23 25 749 20 34 21 20 20 21 20 20 247 55 20 26 29 151 23
internal_value=2.39018e-05 0.027606 0.0444039 -0.0454468 0.0204908 -0.0500411 -0.050037 0.050039 0.0500376 0.0500363 0.0500358 -0.0500353 0.0500354 0.0500353 -0.050035 0.0500352 -0.0500351 -0.0500345 -0.0500351 0.0500352 -0.0500351 -0.0500351 0.0500352 0.0500352 0.0500352 0.0500352 -0.0500352 0.0500352 0.0500352 -0.0500352
internal_weight=3.28177 2.04269 1.67936 1.23908 0.0807121 1.15837 1.13371 1.58721 1.5257 1.46859 1.41131 0.363333 1.33404 1.28947 0.35448 1.23384 0.345453 0.0238693 0.332114 1.19078 1.10822 0.323879 1.14192 1.09964 0.219192 0.880451 1.09947 0.103348 0.838286 1.08853
internal_count=4320 1595 731 2725 67 2658 2649 711 695 681 661 864 630 610 847 585 823 58 789 565 2631 769 542 522 104 418 2610 49 398 2584
is_linear=0
shrinkage=0.05


Tree=132
num_leaves=31
num_cat=0
split_feature=67 6 40 51 5 40 5 1 24 21 14 40 18 22 39 24 8 52 19 14 41 29 17 52 1 15 25 16 20 12
split_gain=1.56595 1.01354 0.349394 0.142821 0.0641361 3.10607e-07 5.97091e-08 2.87515e-08 2.13431e-08 2.89762e-09 1.65185e-09 3.87847e-10 7.6505e-11 7.75504e-11 1.64272e-11 1.13756e-11 1.04556e-11 6.67275e-12 1.63897e-12 1.42442e-12 2.63123e-13 2.3942e-13 2.12497e-13 2.68674e-14 4.45477e-14 1.62093e-14 9.10383e-15 6.63358e-15 1.88738e-15 6.66134e-16
threshold=1.5000000000000002 21.000000000000004 5.8285715579986581 1.5000000000000002 11598.000000000002 1298.497741699219 11619.500000000002 23699.500000000004 997.50000000000011 13850000.000000002 2.5229492187500004 19.145161628723148 31272.000000000004 30050000.000000004 68.500000000000014 707.50000000000011 702.47500610351574 1323.8333129882815 90.500000000000014 2.8556319475173955 2501.385375976563 1546.0000000000002 21750000.000000004 7.4166667461395273 5105459.5000000009 143.40257263183597 10750000.000000002 526180.37500000012 80150000.000000015 1933.0000000000002
decision_type=2 2 2 2 2 2 2 2 2 2 2 2 2 2 2 2 2 2 2 2 2 2 2 2 2 2 2 2 2 2
left_child=3 2 -2 5 17 6 20 -4 9 10 -9 -3 -12 15 -13 19 18 -5 21 -14 26 -16 23 24 27 28 -1 -21 29 -25
right_child=1 11 7 4 -6 -7 -8 8 -10 -11 12 14 13 -15 16 -17 -18 -19 -20 22 -22 -23 -24 25 -26 -27 -28 -29 -30 -31
leaf_value=-0.050033441295490103 -0.052531839611089252 -0.050044166088748489 0.050071471563951565 -0.050033417089705802 0.050100546205334051 -0.050219125555761683 -0.050112788108415934 0.050041355205992934 0.050066469262423467 0.050045828948127105 0.050035733677515959 -0.050031144017246114 0.050033730492986872 0.050035445802491356 -0.05003344112830347 0.050034307598456562 -0.050031951984317785 -0.050031616940736906 -0.050032701624258873 0.050033499543823183 -0.050033151627504269 -0.050033163061137448 0.050033557830115739 0.050033440571963475 0.050033437602575316 0.050033470367572469 -0.050033393838736964 0.050033473103113985 0.050033427532199484 0.050033437671307003
leaf_weight=1.0358769891900013 0.087859367369674035 0.0084216165414544575 0.058509839000180253 0.014817465213127323 0.054075944703072309 0.02345970645546902 0.024253323557786532 0.073502446757629403 0.054327869787812122 0.054494950454682001 0.042402352206408866 0.0085873493662802503 0.04647881956771005 0.052917275810614117 0.30014549181214534 0.040961991529911645 0.012688778064330108 0.007888481137342751 0.0078340594191104174 0.040145762264728324 0.0079200671752913676 0.0079476575774606317 0.042221322190016397 0.19435108080506325 0.11019792687147856 0.040110150817781687 0.010405493230791651 0.058165051508694887 0.044065912486985326 0.55700394441373646
leaf_count=2585 20 17 16 37 9 9 18 31 14 20 20 24 23 25 749 20 34 21 20 20 20 20 21 97 55 20 26 29 22 278
internal_value=2.39858e-05 0.0276023 0.0443968 -0.0454448 0.0204891 -0.0500391 -0.0500352 0.0500371 0.0500357 0.0500345 0.0500341 -0.0500336 0.0500336 0.0500336 -0.0500333 0.0500335 -0.0500334 -0.0500328 -0.0500334 0.0500335 -0.0500334 -0.0500334 0.0500334 0.0500334 0.0500335 0.0500334 -0.0500334 0.0500335 0.0500334 0.0500334
internal_weight=3.12204 1.94334 1.59772 1.1787 0.0767819 1.10192 1.07846 1.50986 1.45135 1.39702 1.34252 0.345625 1.26902 1.22662 0.337203 1.1737 0.328616 0.0227059 0.315927 1.13274 1.0542 0.308093 1.08626 1.04404 0.208509 0.835531 1.04628 0.0983108 0.795421 0.751355
internal_count=4320 1595 731 2725 67 2658 2649 711 695 681 661 864 630 610 847 585 823 58 789 565 2631 769 542 521 104 417 2611 49 397 375
is_linear=0
shrinkage=0.05


Tree=133
num_leaves=31
num_cat=0
split_feature=67 6 40 51 5 40 5 1 24 21 14 40 18 22 39 24 8 52 19 14 40 29 17 52 1 14 25 16 20 10
split_gain=1.48947 0.963983 0.332265 0.135852 0.0610032 2.67275e-07 5.13868e-08 2.47474e-08 1.83698e-08 2.49336e-09 1.42175e-09 3.33858e-10 6.58325e-11 6.6706e-11 1.41167e-11 9.79128e-12 8.97554e-12 5.74119e-12 1.39716e-12 1.21858e-12 2.25819e-13 2.05835e-13 1.82299e-13 2.45359e-14 3.79419e-14 1.37668e-14 6.66134e-15 5.78704e-15 1.44329e-15 3.33067e-16
threshold=1.5000000000000002 21.000000000000004 5.8285715579986581 1.5000000000000002 11598.000000000002 1298.497741699219 11619.500000000002 23699.500000000004 997.50000000000011 13850000.000000002 2.5229492187500004 19.145161628723148 31272.000000000004 30050000.000000004 68.500000000000014 707.50000000000011 702.47500610351574 1323.8333129882815 90.500000000000014 2.8556319475173955 997.29165649414074 1546.0000000000002 21750000.000000004 7.4166667461395273 5105459.5000000009 210582.96093750003 10750000.000000002 526180.37500000012 80150000.000000015 8681.5000000000018
decision_type=2 2 2 2 2 2 2 2 2 2 2 2 2 2 2 2 2 2 2 2 2 2 2 2 2 2 2 2 2 2
left_child=3 2 -2 5 17 6 20 -4 9 10 -9 -3 -12 15 -13 19 18 -5 21 -14 26 -16 23 24 27 28 29 -21 -25 -1
right_child=1 11 7 4 -6 -7 -8 8 -10 -11 12 14 13 -15 16 -17 -18 -19 -20 22 -22 -23 -24 25 -26 -27 -28 -29 -30 -31
leaf_value=-0.050031806915971137 -0.052410835830484517 -0.050042009546602796 0.050067984090697543 -0.050031786502466091 0.050095630036848998 -0.050208395530443144 -0.050107276099209508 0.050039337043537239 0.050063225069049644 0.050043591075904552 0.050033989565607041 -0.050029623889643354 0.050032083605281566 0.050033715419683156 -0.050031807115518558 0.050032633348468129 -0.050030392538915607 -0.050030074486867443 -0.05003110702472896 0.050031865184433671 -0.050031538441500024 -0.050031542785044174 0.050031920018078914 0.050031806465527122 0.050031806394301659 0.050031836564119817 -0.050031765589351344 0.050031839855605734 0.050031796801650812 -0.050031815080321312
leaf_weight=0.97433228709269337 0.083762501832097658 0.008011225814698153 0.055660059675574192 0.014095256890868657 0.051443549338728189 0.022320211865007766 0.023072949377819785 0.069920438108965643 0.051681533688679226 0.051839459454640635 0.040335735888220259 0.0081687812489690259 0.044213438755832501 0.050338166533037909 0.28551630565198138 0.038965521962381788 0.012070305660017766 0.0075039809744339428 0.0074522194627206764 0.038189046201295929 0.007913606270449236 0.0075602842553053043 0.040163445635698736 0.71473371633328497 0.10482684359885752 0.03815518063493073 0.009898325486574322 0.055330069502815604 0.041918124887160957 0.01067618015804328
leaf_count=2556 20 17 16 37 9 9 18 31 14 20 20 24 23 25 749 20 34 21 20 20 21 20 21 375 55 20 26 29 22 28
internal_value=2.40672e-05 0.0275986 0.0443899 -0.045443 0.0204875 -0.0500372 -0.0500335 0.0500353 0.050034 0.0500328 0.0500324 -0.0500319 0.050032 0.0500319 -0.0500317 0.0500319 -0.0500317 -0.0500312 -0.0500318 0.0500318 -0.0500318 -0.0500318 0.0500318 0.0500318 0.0500318 0.0500318 -0.0500318 0.0500319 0.0500318 -0.0500318
internal_weight=2.97007 1.84881 1.52003 1.12126 0.0730428 1.04821 1.02589 1.43627 1.38061 1.32893 1.27709 0.328779 1.20717 1.16683 0.320768 1.1165 0.312599 0.0215992 0.300529 1.07753 1.00282 0.293077 1.03332 0.993153 0.198346 0.794807 0.994907 0.0935191 0.756652 0.985008
internal_count=4320 1595 731 2725 67 2658 2649 711 695 681 661 864 630 610 847 585 823 58 789 565 2631 769 542 521 104 417 2610 49 397 2584
is_linear=0
shrinkage=0.05


Tree=134
num_leaves=31
num_cat=0
split_feature=67 6 40 51 5 40 5 1 24 21 14 40 18 22 39 24 8 52 19 14 41 29 17 52 1 15 25 16 20 1
split_gain=1.41673 0.916859 0.315979 0.129223 0.0580237 2.29969e-07 4.4222e-08 2.12991e-08 1.58069e-08 2.14616e-09 1.22307e-09 2.87396e-10 5.66314e-11 5.73981e-11 1.213e-11 8.41083e-12 7.71555e-12 4.95537e-12 1.20426e-12 1.0405e-12 1.92624e-13 1.76914e-13 1.54876e-13 2.13163e-14 3.35842e-14 1.16573e-14 6.32827e-15 4.6213e-15 1.44329e-15 3.33067e-16
threshold=1.5000000000000002 21.000000000000004 5.8285715579986581 1.5000000000000002 11598.000000000002 1298.497741699219 11619.500000000002 23699.500000000004 997.50000000000011 13850000.000000002 2.5229492187500004 19.145161628723148 31272.000000000004 30050000.000000004 68.500000000000014 707.50000000000011 702.47500610351574 1323.8333129882815 90.500000000000014 2.8556319475173955 2501.385375976563 1546.0000000000002 21750000.000000004 7.4166667461395273 5105459.5000000009 143.40257263183597 10750000.000000002 526180.37500000012 80150000.000000015 70151004.000000015
decision_type=2 2 2 2 2 2 2 2 2 2 2 2 2 2 2 2 2 2 2 2 2 2 2 2 2 2 2 2 2 2
left_child=3 2 -2 5 17 6 20 -4 9 10 -9 -3 -12 15 -13 19 18 -5 21 -14 26 -16 23 24 27 28 -1 -21 29 -25
right_child=1 11 7 4 -6 -7 -8 8 -10 -11 12 14 13 -15 16 -17 -18 -19 -20 22 -22 -23 -24 25 -26 -27 -28 -29 -30 -31
leaf_value=-0.050030254378124507 -0.052295459935274936 -0.050039960005083511 0.050064665373226451 -0.050030235517237023 0.050090958401741298 -0.050198186467269715 -0.050102033555692149 0.050037415647423283 0.05006013589756602 0.050041464105175681 0.050032330393114846 -0.05002817955092756 0.050030516999177072 0.050032069918450578 -0.050030254565972848 0.050031040169453617 -0.050028909829455785 -0.050028604734762797 -0.050029588156072835 0.050030310163337505 -0.05002999373005898 -0.050030003314458782 0.050030361799924851 0.050030254781052101 0.050030254181718969 0.050030282869315802 -0.050030213744771339 0.050030286944177549 0.050030244658248929 0.050030251119649219
leaf_weight=0.93735846085473917 0.079848709108773508 0.007620818098075576 0.052948907716199645 0.013408228260232136 0.048939066007733345 0.021235851338133216 0.021949907066300511 0.066512866877019294 0.049163952935486921 0.049313263734802493 0.038369778660125919 0.0077706038573523975 0.042058407445437984 0.047884680330753215 0.27159972622757778 0.037066301098093279 0.011481961730169132 0.0071382117457687846 0.0070889801427256307 0.036327645182609558 0.0071668124001007518 0.0071917805762495837 0.038205811055377126 0.62007027678191662 0.09971739340107888 0.03629541932605207 0.0094158631982281804 0.052633183309808373 0.039874959620647132 0.059826024807989597
leaf_count=2585 20 17 16 37 9 9 18 31 14 20 20 24 23 25 749 20 34 21 20 20 20 20 21 342 55 20 26 29 22 33
internal_value=2.41444e-05 0.0275952 0.0443834 -0.0454412 0.0204859 -0.0500354 -0.0500319 0.0500336 0.0500323 0.0500312 0.0500308 -0.0500304 0.0500304 0.0500304 -0.0500301 0.0500303 -0.0500302 -0.0500297 -0.0500302 0.0500303 -0.0500303 -0.0500302 0.0500303 0.0500303 0.0500303 0.0500303 -0.0500303 0.0500303 0.0500303 0.0500303
internal_weight=2.82548 1.75887 1.44612 1.06661 0.0694855 0.997127 0.975891 1.36627 1.31332 1.26416 1.21484 0.312754 1.14833 1.10996 0.305133 1.06208 0.297362 0.0205464 0.28588 1.02501 0.953941 0.278792 0.982951 0.944745 0.188678 0.756067 0.946774 0.0889608 0.719771 0.679896
internal_count=4320 1595 731 2725 67 2658 2649 711 695 681 661 864 630 610 847 585 823 58 789 565 2631 769 542 521 104 417 2611 49 397 375
is_linear=0
shrinkage=0.05


Tree=135
num_leaves=31
num_cat=0
split_feature=67 6 40 51 5 40 5 1 24 21 14 40 18 22 39 24 8 52 19 14 41 29 17 52 1 15 25 16 20 1
split_gain=1.34754 0.872043 0.300496 0.122917 0.0551898 1.97889e-07 3.80554e-08 1.83322e-08 1.3605e-08 1.8477e-09 1.05294e-09 2.47502e-10 4.8737e-11 4.94011e-11 1.04285e-11 7.23199e-12 6.62642e-12 4.25556e-12 1.02635e-12 9.06275e-13 1.69198e-13 1.47715e-13 1.36113e-13 1.85407e-14 2.95319e-14 1.03251e-14 6.21725e-15 3.78864e-15 1.11022e-15 2.22045e-16
threshold=1.5000000000000002 21.000000000000004 5.8285715579986581 1.5000000000000002 11598.000000000002 1298.497741699219 11619.500000000002 23699.500000000004 997.50000000000011 13850000.000000002 2.5229492187500004 19.145161628723148 31272.000000000004 30050000.000000004 68.500000000000014 707.50000000000011 702.47500610351574 1323.8333129882815 90.500000000000014 2.8556319475173955 2501.385375976563 1546.0000000000002 21750000.000000004 7.4166667461395273 5105459.5000000009 143.40257263183597 10750000.000000002 526180.37500000012 80150000.000000015 67007924.000000007
decision_type=2 2 2 2 2 2 2 2 2 2 2 2 2 2 2 2 2 2 2 2 2 2 2 2 2 2 2 2 2 2
left_child=3 2 -2 5 17 6 20 -4 9 10 -9 -3 -12 15 -13 19 18 -5 21 -14 26 -16 23 24 27 28 -1 -21 29 -25
right_child=1 11 7 4 -6 -7 -8 8 -10 -11 12 14 13 -15 16 -17 -18 -19 -20 22 -22 -23 -24 25 -26 -27 -28 -29 -30 -31
leaf_value=-0.050028779798823732 -0.052185467769618479 -0.050038010827610793 0.050061509638142355 -0.050028760946983789 0.050086517252543698 -0.050188488329506668 -0.050097048803509486 0.050035590518838019 0.050057201203965153 0.050039442048045168 0.050030752493758969 -0.050026803561056349 0.050029029082015675 0.050030504814197629 -0.050028776048678163 0.050029524959318783 -0.050027498444614488 -0.050027211461601287 -0.050028145334388152 0.050028830856128172 -0.050028529319607176 -0.050028540669004931 0.050028880935854086 0.050028778013455469 0.05002877748352378 0.050028805372625308 -0.050028737620891855 0.050028809305725744 0.050028769047885925 0.050028775558499231
leaf_weight=0.89166856874362588 0.076110491529106983 0.0072494217893107607 0.050369653617963084 0.012754667666740716 0.046556304674595594 0.020203972002491355 0.020881423610262573 0.063271246617659815 0.046768871136009582 0.046910075587220379 0.036499584675766417 0.007391825129161588 0.040008354932069556 0.045550705865025409 0.25836109078954905 0.035259597934782505 0.010922279921942391 0.0067902616283390662 0.0067434361262712619 0.034556920640170574 0.0068174772895872584 0.0068412283144425592 0.03634354064706713 0.58812141150701791 0.094856848358176649 0.0345262645278126 0.0089569035044405609 0.050067674485035241 0.037931325612589717 0.058634559041820467
leaf_count=2585 20 17 16 37 9 9 18 31 14 20 20 24 23 25 749 20 34 21 20 20 20 20 21 341 55 20 26 29 22 34
internal_value=2.42185e-05 0.0275919 0.0443771 -0.0454396 0.0204844 -0.0500337 -0.0500303 0.0500319 0.0500307 0.0500297 0.0500293 -0.0500289 0.050029 0.0500289 -0.0500287 0.0500288 -0.0500287 -0.0500282 -0.0500288 0.0500288 -0.0500288 -0.0500288 0.0500288 0.0500288 0.0500288 0.0500288 -0.0500288 0.0500288 0.0500288 0.0500288
internal_weight=2.68793 1.6733 1.37579 1.01463 0.0661012 0.948528 0.928324 1.29968 1.24931 1.20254 1.15563 0.297509 1.09236 1.05586 0.29026 1.01031 0.282868 0.0195449 0.271946 0.975047 0.907443 0.265202 0.935039 0.898695 0.179481 0.719214 0.900625 0.0846246 0.684687 0.646756
internal_count=4320 1595 731 2725 67 2658 2649 711 695 681 661 864 630 610 847 585 823 58 789 565 2631 769 542 521 104 417 2611 49 397 375
is_linear=0
shrinkage=0.05


Tree=136
num_leaves=31
num_cat=0
split_feature=67 6 40 51 5 40 5 1 24 21 14 40 18 22 39 24 8 52 19 14 40 29 17 52 1 15 16 25 1 13
split_gain=1.28174 0.829423 0.285775 0.11692 0.0524946 1.7029e-07 3.27519e-08 1.57769e-08 1.17064e-08 1.58973e-09 9.0616e-10 2.12924e-10 4.19431e-11 4.249e-11 8.99497e-12 6.21347e-12 5.69772e-12 3.65935e-12 8.85181e-13 7.66165e-13 1.39666e-13 1.27787e-13 1.15463e-13 1.46549e-14 2.44804e-14 7.88258e-15 3.83027e-15 3.44169e-15 1.33227e-15 4.44089e-16
threshold=1.5000000000000002 21.000000000000004 5.8285715579986581 1.5000000000000002 11598.000000000002 1298.497741699219 11619.500000000002 23699.500000000004 997.50000000000011 13850000.000000002 2.5229492187500004 19.145161628723148 31272.000000000004 30050000.000000004 68.500000000000014 707.50000000000011 702.47500610351574 1323.8333129882815 90.500000000000014 2.8556319475173955 997.29165649414074 1546.0000000000002 21750000.000000004 7.4166667461395273 5105459.5000000009 143.40257263183597 526180.37500000012 10750000.000000002 67007924.000000007 3771.886840820313
decision_type=2 2 2 2 2 2 2 2 2 2 2 2 2 2 2 2 2 2 2 2 2 2 2 2 2 2 2 2 2 2
left_child=3 2 -2 5 17 6 20 -4 9 10 -9 -3 -12 15 -13 19 18 -5 21 -14 27 -16 23 24 26 28 -21 29 -25 -1
right_child=1 11 7 4 -6 -7 -8 8 -10 -11 12 14 13 -15 16 -17 -18 -19 -20 22 -22 -23 -24 25 -26 -27 -28 -29 -30 -31
leaf_value=-0.050027371919282471 -0.052080628317500988 -0.050036154462662109 0.050058506622647006 -0.050027356712563288 0.050082287268106984 -0.050179262831205475 -0.050092306027240165 0.050033853813123447 0.050054406273057676 0.050037515991449615 0.050029252118679646 -0.0500254942525242 0.05002761096364107 0.050029016091016468 -0.05002737243823966 0.050028084002020384 -0.050026157721124134 -0.050025883508949986 -0.050026771901886313 0.050027424433279177 -0.050027144418102409 -0.050027147904287389 0.050027471521804957 0.050027374670237802 0.050027373370464492 0.050027398983029873 0.050027402257304648 -0.05002734023317934 0.050027368469552094 -0.05002738386424288
leaf_weight=0.84032863911124911 0.072540603869128861 0.0068961124343330784 0.047915898030623683 0.012132947042118758 0.044289372861385345 0.01922205719165504 0.019864857662469149 0.060187507537193485 0.044490346452221163 0.044623918249271699 0.034720494062639662 0.0070315009506884954 0.038058175588957743 0.04333042842335999 0.24576739760232158 0.033540908247232437 0.010389865594333969 0.0064592636772431425 0.0064147264638449988 0.032872460898943245 0.0068118844064883879 0.0065077543549705288 0.034571994445286691 0.55945369822438806 0.090233093011192977 0.032843298395164311 0.047627150313928723 0.008520302566466853 0.091858824482187629 0.0075492420000955454
leaf_count=2561 20 17 16 37 9 9 18 31 14 20 20 24 23 25 749 20 34 21 20 20 21 20 21 341 55 20 29 26 56 23
internal_value=2.42901e-05 0.0275887 0.0443711 -0.045438 0.020483 -0.050032 -0.0500288 0.0500304 0.0500292 0.0500283 0.0500279 -0.0500275 0.0500275 0.0500275 -0.0500273 0.0500274 -0.0500273 -0.0500268 -0.0500274 0.0500274 -0.0500274 -0.0500274 0.0500274 0.0500274 0.0500274 0.0500274 0.0500274 -0.0500274 0.0500274 -0.0500274
internal_weight=2.55705 1.59188 1.30887 0.965179 0.0628816 0.902297 0.883075 1.23633 1.18841 1.14392 1.0993 0.283007 1.03911 1.00439 0.276111 0.96106 0.26908 0.0185922 0.25869 0.927519 0.86321 0.252275 0.889461 0.854889 0.170733 0.684156 0.0804996 0.856398 0.651313 0.847878
internal_count=4320 1595 731 2725 67 2658 2649 711 695 681 661 864 630 610 847 585 823 58 789 565 2631 769 542 521 104 417 49 2610 397 2584
is_linear=0
shrinkage=0.05


Tree=137
num_leaves=31
num_cat=0
split_feature=67 6 40 51 5 40 5 1 24 21 14 40 18 22 39 24 8 52 19 14 40 29 17 52 1 14 25 16 20 41
split_gain=1.21916 0.788889 0.271778 0.111215 0.0499311 1.4653e-07 2.81842e-08 1.35793e-08 1.00753e-08 1.36812e-09 7.80303e-10 1.83239e-10 3.60842e-11 3.66359e-11 7.73837e-12 5.37137e-12 4.89886e-12 3.14441e-12 7.62168e-13 6.62581e-13 1.21236e-13 1.11217e-13 1.00253e-13 1.43219e-14 1.92901e-14 7.88258e-15 3.9968e-15 3.10862e-15 8.88178e-16 3.33067e-16
threshold=1.5000000000000002 21.000000000000004 5.8285715579986581 1.5000000000000002 11598.000000000002 1298.497741699219 11619.500000000002 23699.500000000004 997.50000000000011 13850000.000000002 2.5229492187500004 19.145161628723148 31272.000000000004 30050000.000000004 68.500000000000014 707.50000000000011 702.47500610351574 1323.8333129882815 90.500000000000014 2.8556319475173955 997.29165649414074 1546.0000000000002 21750000.000000004 7.4166667461395273 5105459.5000000009 210582.96093750003 10750000.000000002 526180.37500000012 80150000.000000015 2325.9040527343755
decision_type=2 2 2 2 2 2 2 2 2 2 2 2 2 2 2 2 2 2 2 2 2 2 2 2 2 2 2 2 2 2
left_child=3 2 -2 5 17 6 20 -4 9 10 -9 -3 -12 15 -13 19 18 -5 21 -14 26 -16 23 24 27 28 29 -21 -25 -1
right_child=1 11 7 4 -6 -7 -8 8 -10 -11 12 14 13 -15 16 -17 -18 -19 -20 22 -22 -23 -24 25 -26 -27 -28 -29 -30 -31
leaf_value=-0.050026037875019504 -0.051980712499183727 -0.050034391044826466 0.050055651174236042 -0.050026020801860208 0.05007826828400113 -0.050170489337280834 -0.050087796175446508 0.050032202717895248 0.05005175033149864 0.050035684317092703 0.050027823755932121 -0.050024251913377726 0.050026263462947598 0.050027600907391917 -0.050026038075512959 0.050026714340320244 -0.050024883186705199 -0.05002462062663459 -0.050025466672490665 0.050026085240587159 -0.050025820437453329 -0.05002582333636435 0.050026130542009273 0.050026037424048542 0.050026038579162803 0.050026062749800808 -0.050026002858247091 0.050026064729146204 0.050026029489640349 -0.050026047041687671
leaf_weight=0.79967824602499638 0.069132047647144534 0.0065600105735937877 0.045581546379253157 0.011541516578290612 0.042132650502026081 0.018287703394889832 0.018897695001214743 0.057253971113823132 0.042322715977206715 0.042449097731150576 0.033028074656613171 0.0066887326393043614 0.036203006515279412 0.041218315600417554 0.23378725789370947 0.031905950512737036 0.0098833915690192953 0.0061443927697837344 0.0061020318826194844 0.031270067556761205 0.0064798321400303385 0.0061905271431896827 0.032886757631786168 0.58524025254882872 0.085834606550633907 0.031242334516718984 0.0081049735308624804 0.04530552658252418 0.034323514555580914 0.0068691164779011151
leaf_count=2562 20 17 16 37 9 9 18 31 14 20 20 24 23 25 749 20 34 21 20 20 21 20 21 375 55 20 26 29 22 22
internal_value=2.43575e-05 0.0275857 0.0443654 -0.0454365 0.0204817 -0.0500305 -0.0500274 0.0500289 0.0500278 0.0500269 0.0500265 -0.0500261 0.0500262 0.0500261 -0.0500259 0.0500261 -0.050026 -0.0500255 -0.050026 0.0500261 -0.050026 -0.050026 0.050026 0.050026 0.0500261 0.050026 -0.050026 0.0500261 0.050026 -0.050026
internal_weight=2.43255 1.51441 1.2452 0.918136 0.0598186 0.858318 0.84003 1.17607 1.13048 1.08816 1.04571 0.269212 0.988458 0.95543 0.262652 0.914212 0.255963 0.0176859 0.24608 0.882306 0.821132 0.239978 0.846103 0.813216 0.16241 0.650806 0.814652 0.0765756 0.619564 0.806547
internal_count=4320 1595 731 2725 67 2658 2649 711 695 681 661 864 630 610 847 585 823 58 789 565 2631 769 542 521 104 417 2610 49 397 2584
is_linear=0
shrinkage=0.05


Tree=138
num_leaves=31
num_cat=0
split_feature=67 6 40 51 5 40 5 1 24 21 14 40 18 22 39 24 8 52 19 14 41 29 17 52 1 14 16 25 1 52
split_gain=1.15963 0.750339 0.25847 0.105789 0.047493 1.26089e-07 2.42592e-08 1.16881e-08 8.6717e-09 1.17729e-09 6.71765e-10 1.57607e-10 3.10754e-11 3.14839e-11 6.67522e-12 4.6122e-12 4.24272e-12 2.71331e-12 6.67189e-13 5.77205e-13 1.05582e-13 9.77829e-14 8.50431e-14 1.16573e-14 1.7264e-14 6.66134e-15 2.76168e-15 2.22045e-15 6.66134e-16 2.22045e-16
threshold=1.5000000000000002 21.000000000000004 5.8285715579986581 1.5000000000000002 11598.000000000002 1298.497741699219 11619.500000000002 23699.500000000004 997.50000000000011 13850000.000000002 2.5229492187500004 19.145161628723148 31272.000000000004 30050000.000000004 68.500000000000014 707.50000000000011 702.47500610351574 1323.8333129882815 90.500000000000014 2.8556319475173955 2501.385375976563 1546.0000000000002 21750000.000000004 7.4166667461395273 5105459.5000000009 210582.96093750003 526180.37500000012 10750000.000000002 78448376.000000015 1082.1363525390627
decision_type=2 2 2 2 2 2 2 2 2 2 2 2 2 2 2 2 2 2 2 2 2 2 2 2 2 2 2 2 2 2
left_child=3 2 -2 5 17 6 20 -4 9 10 -9 -3 -12 15 -13 19 18 -5 21 -14 27 -16 23 24 26 28 -21 29 -25 -1
right_child=1 11 7 4 -6 -7 -8 8 -10 -11 12 14 13 -15 16 -17 -18 -19 -20 22 -22 -23 -24 25 -26 -27 -28 -29 -30 -31
leaf_value=-0.050024764910438037 -0.051885498447860813 -0.050032711894696616 0.050052936043816124 -0.050024751863964136 0.050074443327133969 -0.050162144255782963 -0.050083509940656336 0.050030632180174332 0.050049225085288342 0.050033942334934405 0.050026466628437898 -0.050023068386496561 0.050024983258771138 0.050026253130988518 -0.050024769533155204 0.050025410216368263 -0.050023667460072058 -0.050023418297537064 -0.050024221382909823 0.050024812728765369 -0.050024551838459719 -0.050024563088259866 0.050024855025405705 0.050024767163948838 0.050024767533501859 0.050024790883133032 0.050024792911849775 -0.05002473788749872 0.050024761481435177 -0.050024769468771615
leaf_weight=0.76010248844977502 0.065878067864104994 0.0062402792100327833 0.043360800947993883 0.010978901875205338 0.040080798324197531 0.0173986223526299 0.017977543990127742 0.05446332925930597 0.040260593639686593 0.040380201651714742 0.031418106867931783 0.0063626659684814504 0.034438224625773728 0.03920910379383713 0.22239082507439889 0.030350649962201715 0.0094015952636254951 0.0058448642375878981 0.0058045729529112569 0.029745746520347893 0.0058683094248408443 0.0058887561608571551 0.03128362912684679 0.5433511808514595 0.081650425912812352 0.029719364363700151 0.043097018031403422 0.0077098795154597602 0.046010685153305531 0.0074237509106751523
leaf_count=2560 20 17 16 37 9 9 18 31 14 20 20 24 23 25 749 20 34 21 20 20 20 20 21 366 55 20 29 26 31 25
internal_value=2.44222e-05 0.0275829 0.04436 -0.045435 0.0204804 -0.050029 -0.0500261 0.0500275 0.0500265 0.0500256 0.0500252 -0.0500249 0.0500249 0.0500249 -0.0500247 0.0500248 -0.0500247 -0.0500243 -0.0500248 0.0500248 -0.0500248 -0.0500248 0.0500248 0.0500248 0.0500248 0.0500248 0.0500248 -0.0500248 0.0500248 -0.0500248
internal_weight=2.31409 1.44071 1.18462 0.873385 0.0569046 0.816481 0.799082 1.11874 1.07538 1.03512 0.994737 0.256089 0.940274 0.908856 0.249848 0.869647 0.243486 0.0168238 0.234084 0.839296 0.781104 0.22828 0.804858 0.773574 0.154493 0.619081 0.0728428 0.775236 0.589362 0.767526
internal_count=4320 1595 731 2725 67 2658 2649 711 695 681 661 864 630 610 847 585 823 58 789 565 2631 769 542 521 104 417 49 2611 397 2585
is_linear=0
shrinkage=0.05


Tree=139
num_leaves=31
num_cat=0
split_feature=67 6 40 51 5 40 5 1 24 21 14 40 18 22 39 24 8 52 19 14 40 29 17 52 1 14 25 16 1 8
split_gain=1.10301 0.713677 0.245817 0.100628 0.0451741 1.08495e-07 2.08728e-08 1.00605e-08 7.46316e-09 1.0134e-09 5.77947e-10 1.35713e-10 2.6759e-11 2.70902e-11 5.74629e-12 3.96672e-12 3.65341e-12 2.33405e-12 5.68878e-13 4.92606e-13 9.19265e-14 8.52929e-14 7.50511e-14 9.10383e-15 1.47382e-14 5.66214e-15 2.88658e-15 2.52576e-15 7.77156e-16 3.19189e-16
threshold=1.5000000000000002 21.000000000000004 5.8285715579986581 1.5000000000000002 11598.000000000002 1298.497741699219 11619.500000000002 23699.500000000004 997.50000000000011 13850000.000000002 2.5229492187500004 19.145161628723148 31272.000000000004 30050000.000000004 68.500000000000014 707.50000000000011 702.47500610351574 1323.8333129882815 90.500000000000014 2.8556319475173955 997.29165649414074 1546.0000000000002 21750000.000000004 7.4166667461395273 5105459.5000000009 210582.96093750003 10750000.000000002 526180.37500000012 7919610.5000000009 6.9444444179534921
decision_type=2 2 2 2 2 2 2 2 2 2 2 2 2 2 2 2 2 2 2 2 2 2 2 2 2 2 2 2 2 2
left_child=3 2 -2 5 17 6 20 -4 9 10 -9 -3 -12 15 -13 19 18 -5 21 -14 26 -16 23 24 27 28 -1 -21 -25 -30
right_child=1 11 7 4 -6 -7 -8 8 -10 -11 12 14 13 -15 16 -17 -18 -19 -20 22 -22 -23 -24 25 -26 -27 -28 -29 29 -31
leaf_value=-0.050023560903371567 -0.051794781684654727 -0.050031117318529619 0.050050353938398795 -0.050023543595850387 0.050070807782479645 -0.050154211340616553 -0.050079428770818252 0.050029136732529511 0.050046822549887543 0.050032286913416518 0.050025175892653408 -0.050021942480854689 0.05002376374315716 0.05002497225795266 -0.050023560745944766 0.050024170456429574 -0.050022512224255848 -0.050022275438975361 -0.050023041730296029 0.050023601962002534 -0.050023361839154734 -0.050023363069579267 0.050023643662422172 0.050023559618756444 0.050023558741337987 0.050023581735074818 -0.050023529578707593 0.050023582581686488 0.050023551521219747 0.050023557081265803
leaf_weight=0.7298295006330594 0.062772144679911324 0.005936121742706634 0.041248143999837228 0.010443700186442584 0.038128732703626156 0.016552633722312748 0.017102126847021282 0.05180862999986835 0.038298853440210223 0.038412075256928802 0.029886579955928028 0.0060524878645082927 0.032759431633166969 0.037297784117981791 0.21154967561597005 0.02887112891767174 0.0089432754757581279 0.0055599306215299285 0.0055216076725628218 0.028295696596615016 0.0058634743036236605 0.005601688986644148 0.029758611461147666 0.45049456134438515 0.077670117490924895 0.028270600130781531 0.0073340368398930869 0.040996118914335966 0.039530705660581589 0.070606289082206786
leaf_count=2584 20 17 16 37 9 9 18 31 14 20 20 24 23 25 749 20 34 21 20 20 21 20 21 319 55 20 26 29 28 50
internal_value=2.44826e-05 0.0275801 0.0443548 -0.0454337 0.0204792 -0.0500276 -0.0500248 0.0500261 0.0500252 0.0500243 0.050024 -0.0500236 0.0500237 0.0500237 -0.0500235 0.0500236 -0.0500235 -0.0500231 -0.0500235 0.0500236 -0.0500236 -0.0500236 0.0500236 0.0500236 0.0500236 0.0500236 -0.0500236 0.0500236 0.0500236 0.0500236
internal_weight=2.2014 1.37058 1.12698 0.830814 0.0541324 0.776682 0.760129 1.06421 1.02296 0.984658 0.946246 0.243605 0.894438 0.864551 0.237669 0.827253 0.231616 0.0160036 0.222673 0.798382 0.743027 0.217151 0.765623 0.735864 0.146962 0.588902 0.737164 0.0692918 0.560632 0.110137
internal_count=4320 1595 731 2725 67 2658 2649 711 695 681 661 864 630 610 847 585 823 58 789 565 2631 769 542 521 104 417 2610 49 397 78
is_linear=0
shrinkage=0.05


Tree=140
num_leaves=31
num_cat=0
split_feature=67 6 40 51 5 40 5 1 24 21 14 40 18 22 39 24 8 52 19 14 40 29 17 52 1 14 25 16 3 13
split_gain=1.04916 0.678808 0.233785 0.0957182 0.0429685 9.33697e-08 1.79644e-08 8.65925e-09 6.42355e-09 8.72033e-10 4.97169e-10 1.16779e-10 2.30469e-11 2.33693e-11 4.95462e-12 3.43836e-12 3.1514e-12 2.0135e-12 4.9083e-13 4.36207e-13 7.59393e-14 7.38021e-14 6.58362e-14 1.0103e-14 1.39055e-14 5.66214e-15 1.9984e-15 1.51268e-15 3.33067e-16 3.33067e-16
threshold=1.5000000000000002 21.000000000000004 5.8285715579986581 1.5000000000000002 11598.000000000002 1298.497741699219 11619.500000000002 23699.500000000004 997.50000000000011 13850000.000000002 2.5229492187500004 19.145161628723148 31272.000000000004 30050000.000000004 68.500000000000014 707.50000000000011 702.47500610351574 1323.8333129882815 90.500000000000014 2.8556319475173955 997.29165649414074 1546.0000000000002 21750000.000000004 7.4166667461395273 5105459.5000000009 210582.96093750003 10750000.000000002 526180.37500000012 4.5000000000000009 3771.886840820313
decision_type=2 2 2 2 2 2 2 2 2 2 2 2 2 2 2 2 2 2 2 2 2 2 2 2 2 2 2 2 2 2
left_child=3 2 -2 5 17 6 20 -4 9 10 -9 -3 -12 15 -13 19 18 -5 21 -14 26 -16 23 24 27 28 29 -21 -25 -1
right_child=1 11 7 4 -6 -7 -8 8 -10 -11 12 14 13 -15 16 -17 -18 -19 -20 22 -22 -23 -24 25 -26 -27 -28 -29 -30 -31
leaf_value=-0.050022406941220891 -0.051708353649112464 -0.050029598719786163 0.050047896237647209 -0.050022395083180682 0.050067350337876862 -0.050146668500310826 -0.050075546855904235 0.05002771283292954 0.050044536924403374 0.050030709711857871 0.050023947106167713 -0.050020871118617187 0.05002260581738241 0.050023754347064124 -0.050022411826665385 0.050022992109378044 -0.050021413355231782 -0.05002118741876202 -0.050021917509996454 0.050022449574492305 -0.050022221567939874 -0.050022223267238299 0.050022489643438577 0.050022409222514247 0.050022408889321524 0.050022430976375459 -0.050022380076199614 0.050022434172174939 0.050022406697220967 -0.050022417365732763
leaf_weight=0.68806944187963415 0.059807997662573942 0.0056467806280123814 0.039238326484337227 0.0099345773924142122 0.036271617282181978 0.015747660887427628 0.016269275278318673 0.049283259431831539 0.036432618042454123 0.036539818160235882 0.028429674915969372 0.0057574247621232635 0.031162438564933836 0.035479592042975128 0.20123677936499007 0.027463697944767773 0.0085072892106836662 0.0052888816717313611 0.0052524306520353994 0.026916302973404527 0.0055776332010282195 0.0053286098409444085 0.028307903208769858 0.20150030252989382 0.073883754899725318 0.026892429566942155 0.0069765077205374828 0.038997588097117841 0.33180087967775762 0.0061813959036953739
leaf_count=2561 20 17 16 37 9 9 18 31 14 20 20 24 23 25 749 20 34 21 20 20 21 20 21 150 55 20 26 29 247 23
internal_value=2.45428e-05 0.0275775 0.0443498 -0.0454323 0.020478 -0.0500262 -0.0500236 0.0500249 0.0500239 0.0500231 0.0500228 -0.0500225 0.0500225 0.0500225 -0.0500223 0.0500224 -0.0500224 -0.050022 -0.0500224 0.0500224 -0.0500224 -0.0500224 0.0500224 0.0500224 0.0500224 0.0500224 -0.0500224 0.0500224 0.0500224 -0.0500224
internal_weight=2.09418 1.30387 1.07214 0.790317 0.0514951 0.738822 0.723074 1.01233 0.97309 0.936658 0.900118 0.231729 0.850835 0.822405 0.226083 0.786925 0.220325 0.0152235 0.211818 0.759462 0.706805 0.206565 0.728299 0.699991 0.139798 0.560194 0.701227 0.0659139 0.533301 0.694251
internal_count=4320 1595 731 2725 67 2658 2649 711 695 681 661 864 630 610 847 585 823 58 789 565 2631 769 542 521 104 417 2610 49 397 2584
is_linear=0
shrinkage=0.05


Tree=141
num_leaves=31
num_cat=0
split_feature=67 6 40 51 5 40 5 1 24 21 14 40 18 22 39 24 8 52 19 14 41 29 22 52 1 14 16 25 1 8
split_gain=0.997943 0.645646 0.222344 0.0910483 0.0408707 8.03494e-08 1.54621e-08 7.45293e-09 5.52781e-09 7.50383e-10 4.27951e-10 1.00492e-10 1.97931e-11 2.00691e-11 4.25104e-12 2.93665e-12 2.69892e-12 1.72484e-12 4.22468e-13 3.67595e-13 6.67244e-14 6.2339e-14 5.58442e-14 6.21725e-15 1.26288e-14 4.21885e-15 1.8735e-15 1.22125e-15 5.55112e-16 2.22045e-16
threshold=1.5000000000000002 21.000000000000004 5.8285715579986581 1.5000000000000002 11598.000000000002 1298.497741699219 11619.500000000002 23699.500000000004 997.50000000000011 13850000.000000002 2.5229492187500004 19.145161628723148 31272.000000000004 30050000.000000004 68.500000000000014 707.50000000000011 702.47500610351574 1323.8333129882815 90.500000000000014 2.8556319475173955 2501.385375976563 1546.0000000000002 28400000.000000004 7.4166667461395273 5105459.5000000009 210582.96093750003 526180.37500000012 10750000.000000002 9679844.5000000019 69.183330535888686
decision_type=2 2 2 2 2 2 2 2 2 2 2 2 2 2 2 2 2 2 2 2 2 2 2 2 2 2 2 2 2 2
left_child=3 2 -2 5 17 6 20 -4 9 10 -9 -3 -12 15 -13 19 18 -5 21 -14 27 -16 23 24 26 28 -21 29 -25 -1
right_child=1 11 7 4 -6 -7 -8 8 -10 -11 12 14 13 -15 16 -17 -18 -19 -20 22 -22 -23 -24 25 -26 -27 -28 -29 -30 -31
leaf_value=-0.050021311963578667 -0.051626022381591301 -0.050028153295005463 0.050045559862385847 -0.050021302485795338 0.05006406094853906 -0.050139494617776587 -0.05007185843385558 0.050026361791454803 0.050042362957932407 0.050029211369942053 0.050022778114972799 -0.050019854328653801 0.050021502062368585 0.050022594924395848 -0.050021317520289724 0.050021869273584478 -0.050020370131751452 -0.050020156450688726 -0.050020847362457446 0.050021355813508389 -0.050021129397090337 -0.050021139853568666 0.050021392893762444 0.050021316684023411 0.050021314542336118 0.050021336546325693 0.050021338212172639 -0.050021290429140379 0.050021312217421926 -0.050021315850852302
leaf_weight=0.64353749618749145 0.056979566637892054 0.0053715351386925949 0.037326350226067007 0.0094502635765820742 0.034504837822169065 0.014981727814301848 0.01547692489111796 0.046880920766852796 0.034657246433198452 0.034758765366859734 0.027043759124353528 0.0054767403926234684 0.029643265763297677 0.033749994123354554 0.19142643138184212 0.026124849217012525 0.0080925484653562307 0.0050310410879319542 0.0049963708443101487 0.025604126276448369 0.0050512357993284232 0.0050688375195022664 0.026927536935545504 0.43192078988067806 0.070281900349073112 0.025581415509805083 0.037096444400958717 0.0066364007943775496 0.075382139417342842 0.017122923454735428
leaf_count=2518 20 17 16 37 9 9 18 31 14 20 20 24 23 25 749 20 34 21 20 20 20 20 21 338 55 20 29 26 59 67
internal_value=2.45985e-05 0.027575 0.044345 -0.0454311 0.0204769 -0.0500249 -0.0500224 0.0500237 0.0500228 0.050022 0.0500217 -0.0500214 0.0500214 0.0500214 -0.0500212 0.0500213 -0.0500213 -0.0500209 -0.0500213 0.0500213 -0.0500213 -0.0500213 0.0500213 0.0500213 0.0500213 0.0500213 0.0500213 -0.0500213 0.0500213 -0.0500213
internal_weight=1.99218 1.24039 1.01996 0.751793 0.0489861 0.702807 0.687825 0.96298 0.925653 0.890996 0.856237 0.220432 0.809356 0.782312 0.215061 0.748562 0.209584 0.0144813 0.201492 0.722438 0.672348 0.196495 0.692794 0.665867 0.132982 0.532884 0.0627006 0.667297 0.507303 0.66066
internal_count=4320 1595 731 2725 67 2658 2649 711 695 681 661 864 630 610 847 585 823 58 789 565 2631 769 542 521 104 417 49 2611 397 2585
is_linear=0
shrinkage=0.05


Tree=142
num_leaves=31
num_cat=0
split_feature=67 6 40 51 5 40 5 1 24 21 14 40 18 22 39 24 8 52 19 14 40 29 17 52 1 14 16 25 20 3
split_gain=0.949227 0.614107 0.211465 0.0866064 0.0388754 6.91372e-08 1.33055e-08 6.41419e-09 4.75725e-09 6.45901e-10 3.68356e-10 8.65507e-11 1.7055e-11 1.72903e-11 3.65516e-12 2.52542e-12 2.32853e-12 1.48373e-12 3.62266e-13 3.10196e-13 5.79536e-14 5.27911e-14 4.84057e-14 6.55032e-15 1.01585e-14 3.55271e-15 1.82493e-15 1.77636e-15 4.996e-16 2.22045e-16
threshold=1.5000000000000002 21.000000000000004 5.8285715579986581 1.5000000000000002 11598.000000000002 1298.497741699219 11619.500000000002 23699.500000000004 997.50000000000011 13850000.000000002 2.5229492187500004 19.145161628723148 31272.000000000004 30050000.000000004 68.500000000000014 707.50000000000011 702.47500610351574 1323.8333129882815 90.500000000000014 2.8556319475173955 997.29165649414074 1546.0000000000002 21750000.000000004 7.4166667461395273 5105459.5000000009 210582.96093750003 526180.37500000012 10750000.000000002 80150000.000000015 3.5000000000000004
decision_type=2 2 2 2 2 2 2 2 2 2 2 2 2 2 2 2 2 2 2 2 2 2 2 2 2 2 2 2 2 2
left_child=3 2 -2 5 17 6 20 -4 9 10 -9 -3 -12 15 -13 19 18 -5 21 -14 27 -16 23 24 26 28 -21 -1 29 -25
right_child=1 11 7 4 -6 -7 -8 8 -10 -11 12 14 13 -15 16 -17 -18 -19 -20 22 -22 -23 -24 25 -26 -27 -28 -29 -30 -31
leaf_value=-0.050020276259104247 -0.0515476031111263 -0.050026780803528931 0.050043335432815444 -0.050020262733235898 0.050060931813376355 -0.050132671290261548 -0.050068350685351315 0.050025075211275152 0.050040294394989596 0.050027785904306898 0.050021666961466094 -0.050018885212839419 0.050020450826613987 0.050021492540433588 -0.05002027632846108 0.050020801464863332 -0.05001937414999616 -0.050019172918564218 -0.050019829969129792 0.050020314458310469 -0.050020105889016203 -0.050020108715711442 0.050020348840219601 0.05002027762471687 0.050020275562161834 0.050020294698908445 0.050020296670292279 -0.050020249093579251 0.050020268905734883 0.050020275057146416
leaf_weight=0.6282102672266775 0.054281017044558899 0.0051096990064252159 0.03550746024120599 0.0089895508717745543 0.032824016874656081 0.014252950670197606 0.014723111875355244 0.04459562967531383 0.032968320301733911 0.033064478542655706 0.025725376443006098 0.0052097349835094056 0.02819812367670238 0.032104677287861705 0.18209414517332334 0.024851241963915527 0.0076980192243354386 0.0047857659810688355 0.0047527891292702398 0.024355892324820161 0.0050470584974391377 0.004821724316570907 0.025615118909627199 0.10332323727197945 0.06685556611046195 0.024334289482794702 0.035287945996969938 0.006312867466476745 0.026734180166386068 0.35251350072212517
leaf_count=2584 20 17 16 37 9 9 18 31 14 20 20 24 23 25 749 20 34 21 20 20 21 20 21 85 55 20 29 26 22 290
internal_value=2.4651e-05 0.0275726 0.0443405 -0.0454299 0.0204759 -0.0500237 -0.0500214 0.0500225 0.0500217 0.0500209 0.0500207 -0.0500204 0.0500204 0.0500204 -0.0500202 0.0500203 -0.0500202 -0.0500199 -0.0500203 0.0500203 -0.0500203 -0.0500203 0.0500203 0.0500203 0.0500203 0.0500203 0.0500203 -0.0500203 0.0500203 0.0500203
internal_weight=1.89515 1.18 0.970316 0.715146 0.0465993 0.668546 0.654293 0.916035 0.880528 0.847559 0.814495 0.209686 0.769899 0.744174 0.204576 0.712069 0.199367 0.0137753 0.191669 0.687218 0.63957 0.186916 0.65902 0.633405 0.126499 0.506905 0.0596438 0.634523 0.482571 0.455837
internal_count=4320 1595 731 2725 67 2658 2649 711 695 681 661 864 630 610 847 585 823 58 789 565 2631 769 542 521 104 417 49 2610 397 375
is_linear=0
shrinkage=0.05


Tree=143
num_leaves=31
num_cat=0
split_feature=67 6 40 51 5 40 5 1 24 21 14 40 18 22 39 24 8 52 19 14 41 29 22 52 1 15 25 16 3 14
split_gain=0.902891 0.58411 0.20112 0.0823812 0.0369777 5.94989e-08 1.14487e-08 5.52153e-09 4.09431e-09 5.55865e-10 3.17011e-10 7.44612e-11 1.46689e-11 1.48793e-11 3.13588e-12 2.18259e-12 2.00043e-12 1.28241e-12 3.10751e-13 2.72005e-13 5.15143e-14 4.50751e-14 4.19664e-14 5.21805e-15 8.25728e-15 2.9976e-15 1.88738e-15 1.35308e-15 4.44089e-16 2.22045e-16
threshold=1.5000000000000002 21.000000000000004 5.8285715579986581 1.5000000000000002 11598.000000000002 1298.497741699219 11619.500000000002 23699.500000000004 997.50000000000011 13850000.000000002 2.5229492187500004 19.145161628723148 31272.000000000004 30050000.000000004 68.500000000000014 707.50000000000011 702.47500610351574 1323.8333129882815 90.500000000000014 2.8556319475173955 2501.385375976563 1546.0000000000002 28400000.000000004 7.4166667461395273 5105459.5000000009 143.40257263183597 10750000.000000002 526180.37500000012 3.5000000000000004 146.33380126953128
decision_type=2 2 2 2 2 2 2 2 2 2 2 2 2 2 2 2 2 2 2 2 2 2 2 2 2 2 2 2 2 2
left_child=3 2 -2 5 17 6 20 -4 9 10 -9 -3 -12 15 -13 19 18 -5 21 -14 26 -16 23 24 27 28 -1 -21 -25 -30
right_child=1 11 7 4 -6 -7 -8 8 -10 -11 12 14 13 -15 16 -17 -18 -19 -20 22 -22 -23 -24 25 -26 -27 -28 -29 29 -31
leaf_value=-0.050019289181268523 -0.051472912679252074 -0.050025472184068012 0.050041222381543141 -0.050019274890580223 0.050057958652826307 -0.050126188742223493 -0.05006501061872165 0.050023851431566749 0.050038327631425697 0.050026429716174131 0.050020609272939609 -0.050017965179984726 0.050019454340658444 0.050020443701335363 -0.050019286314815996 0.050019787408836426 -0.050018428964337204 -0.050018236065431015 -0.050018862445226443 0.050019321580626643 -0.050019120473794268 -0.05001912752057696 0.05001935596210131 0.050019288787288896 0.05001928600689786 0.050019304540947399 -0.050019261395628414 0.050019305805180297 0.050019281312625397 0.05001928544879191
leaf_weight=0.59781386399117775 0.051706733298487739 0.0048606199125060803 0.033777131815440953 0.0085512899531750008 0.031224978156387806 0.013559535727836192 0.014005967590492219 0.042421686346642673 0.031361637986265123 0.031452736118808389 0.024471239652484655 0.0049557421734789378 0.026823406107723713 0.03053953789640218 0.17321664918563329 0.023639699793420732 0.0073227173124905667 0.0045524445304181435 0.0045210781390778712 0.02316848945338279 0.0045707255048910147 0.0045866537548135957 0.024366010329686105 0.098285997286438942 0.063596207997761667 0.023147932603023946 0.0060051009786548084 0.033567580627277493 0.028899585246108472 0.33185924903955311
leaf_count=2585 20 17 16 37 9 9 18 31 14 20 20 24 23 25 749 20 34 21 20 20 20 20 21 85 55 20 26 29 25 287
internal_value=2.47021e-05 0.0275703 0.0443362 -0.0454288 0.0204749 -0.0500226 -0.0500203 0.0500214 0.0500206 0.0500199 0.0500196 -0.0500194 0.0500194 0.0500194 -0.0500192 0.0500193 -0.0500192 -0.0500189 -0.0500193 0.0500193 -0.0500193 -0.0500193 0.0500193 0.0500193 0.0500193 0.0500193 -0.0500193 0.0500193 0.0500193 0.0500193
internal_weight=1.80283 1.12255 0.923085 0.680284 0.0443287 0.635955 0.622396 0.871378 0.837601 0.806239 0.774787 0.199463 0.732365 0.707894 0.194603 0.677354 0.189647 0.0131037 0.182324 0.653714 0.60839 0.177803 0.626891 0.602525 0.120332 0.482193 0.603819 0.0567361 0.459045 0.360759
internal_count=4320 1595 731 2725 67 2658 2649 711 695 681 661 864 630 610 847 585 823 58 789 565 2631 769 542 521 104 417 2611 49 397 312
is_linear=0
shrinkage=0.05


Tree=144
num_leaves=31
num_cat=0
split_feature=67 6 40 51 5 40 5 1 24 21 14 40 18 22 39 24 8 52 19 14 41 29 17 52 1 14 25 16 18 10
split_gain=0.858819 0.555581 0.191283 0.0783622 0.0351726 5.12013e-08 9.85417e-09 4.75201e-09 3.52412e-09 4.78374e-10 2.727e-10 6.40998e-11 1.26312e-11 1.28031e-11 2.70761e-12 1.87717e-12 1.72443e-12 1.10364e-12 2.68507e-13 2.31259e-13 4.36318e-14 3.95795e-14 3.43059e-14 4.44089e-15 7.06379e-15 2.60902e-15 1.33227e-15 1.00614e-15 3.33067e-16 2.22045e-16
threshold=1.5000000000000002 21.000000000000004 5.8285715579986581 1.5000000000000002 11598.000000000002 1298.497741699219 11619.500000000002 23699.500000000004 997.50000000000011 13850000.000000002 2.5229492187500004 19.145161628723148 31272.000000000004 30050000.000000004 68.500000000000014 707.50000000000011 702.47500610351574 1323.8333129882815 90.500000000000014 2.8556319475173955 2501.385375976563 1546.0000000000002 21750000.000000004 7.4166667461395273 5105459.5000000009 210582.96093750003 10750000.000000002 526180.37500000012 68850000.000000015 154.50000000000003
decision_type=2 2 2 2 2 2 2 2 2 2 2 2 2 2 2 2 2 2 2 2 2 2 2 2 2 2 2 2 2 2
left_child=3 2 -2 5 17 6 20 -4 9 10 -9 -3 -12 15 -13 19 18 -5 21 -14 26 -16 23 24 27 28 29 -21 -25 -1
right_child=1 11 7 4 -6 -7 -8 8 -10 -11 12 14 13 -15 16 -17 -18 -19 -20 22 -22 -23 -24 25 -26 -27 -28 -29 -30 -31
leaf_value=-0.05001834633734769 -0.051401783303553709 -0.050024230759148726 0.050039211067409176 -0.050018334646464317 0.050055128032198817 -0.050120016793331612 -0.050061836928800701 0.050022687382437384 0.05003645871101247 0.050025140587761953 0.05001960482995902 -0.050017087616861244 0.050018505044946239 0.050019446920342804 -0.050018346296983922 0.050018822647133893 -0.05001753009418293 -0.050017346557753299 -0.050017942296980623 0.050018379069980023 -0.050018187184030928 -0.050018193732240701 0.05001841101820307 0.050018346279180871 0.050018345955598724 0.05001836340100016 -0.05001832129993028 0.050018365157941475 0.050018341644001055 -0.050018346124155434
leaf_weight=0.50003267792635608 0.049251312215346621 0.0046236766502261153 0.032131060492247343 0.0081343877682229504 0.029703754931688309 0.012899777269922197 0.01332371192984283 0.040353672229684889 0.029833199339918792 0.029919520020484924 0.023278218926861882 0.0047141282921074881 0.025515685323625803 0.029050671495497227 0.16477179557841737 0.022487200913019478 0.0069657062267651773 0.0043304942810209477 0.0043006596824852741 0.022038953611627221 0.0043478877632878712 0.0043630393629427991 0.023178393486887217 0.39927512628491968 0.060495692654512823 0.022019404685124755 0.0057123334408970541 0.031931056757457554 0.037389516364783049 0.068635897143394686
leaf_count=2273 20 17 16 37 9 9 18 31 14 20 20 24 23 25 749 20 34 21 20 20 20 20 21 363 55 20 26 29 34 312
internal_value=2.4751e-05 0.0275682 0.0443321 -0.0454277 0.0204739 -0.0500215 -0.0500193 0.0500204 0.0500196 0.0500189 0.0500187 -0.0500184 0.0500185 0.0500184 -0.0500183 0.0500184 -0.0500183 -0.050018 -0.0500183 0.0500184 -0.0500183 -0.0500183 0.0500184 0.0500183 0.0500184 0.0500183 -0.0500183 0.0500184 0.0500183 -0.0500183
internal_weight=1.71501 1.06789 0.878149 0.647121 0.0421686 0.604952 0.592053 0.828897 0.796766 0.766933 0.737014 0.189739 0.69666 0.673382 0.185115 0.644331 0.180401 0.0124649 0.173435 0.621844 0.578729 0.169135 0.596328 0.57315 0.114466 0.458684 0.574381 0.05397 0.436665 0.568669
internal_count=4320 1595 731 2725 67 2658 2649 711 695 681 661 864 630 610 847 585 823 58 789 565 2631 769 542 521 104 417 2611 49 397 2585
is_linear=0
shrinkage=0.05


Tree=145
num_leaves=31
num_cat=0
split_feature=67 6 40 51 5 40 5 1 24 21 14 40 18 22 39 24 8 52 19 14 40 29 74 52 1 14 16 25 1 10
split_gain=0.8169 0.528447 0.181928 0.0745393 0.0334558 4.40604e-08 8.48144e-09 4.09007e-09 3.03231e-09 4.11908e-10 2.34901e-10 5.51932e-11 1.08532e-11 1.10141e-11 2.32778e-12 1.61204e-12 1.48306e-12 9.46769e-13 2.30871e-13 1.97509e-13 3.73035e-14 3.3501e-14 2.9865e-14 3.66374e-15 5.4956e-15 2.38698e-15 1.27676e-15 9.99201e-16 2.22045e-16 2.22045e-16
threshold=1.5000000000000002 21.000000000000004 5.8285715579986581 1.5000000000000002 11598.000000000002 1298.497741699219 11619.500000000002 23699.500000000004 997.50000000000011 13850000.000000002 2.5229492187500004 19.145161628723148 31272.000000000004 30050000.000000004 68.500000000000014 707.50000000000011 702.47500610351574 1323.8333129882815 90.500000000000014 2.8556319475173955 997.29165649414074 1546.0000000000002 47700000.000000007 7.4166667461395273 5105459.5000000009 210582.96093750003 526180.37500000012 10750000.000000002 73108264.000000015 8681.5000000000018
decision_type=2 2 2 2 2 2 2 2 2 2 2 2 2 2 2 2 2 2 2 2 2 2 2 2 2 2 2 2 2 2
left_child=3 2 -2 5 17 6 20 -4 9 10 -9 -3 -12 15 -13 19 18 -5 21 -14 27 -16 23 24 26 28 -21 29 -25 -1
right_child=1 11 7 4 -6 -7 -8 8 -10 -11 12 14 13 -15 16 -17 -18 -19 -20 22 -22 -23 -24 25 -26 -27 -28 -29 -30 -31
leaf_value=-0.050017450777670586 -0.051334048594919912 -0.050023049495432265 0.050037297664283081 -0.050017438950999006 0.050052437754914803 -0.050114147658914525 -0.050058818906705195 0.050021581751864622 0.050034677195161463 0.050023915016516367 0.050018647037199951 -0.050016254319401279 0.050017601369786682 0.05001849754971846 -0.050017450890901517 0.050017903501447331 -0.050016674836712363 -0.050016500614516526 -0.050017066821124251 0.050017483010161713 -0.050017303739869068 -0.050017307015839368 0.050017514196386496 0.050017450912772758 0.050017450983624506 0.0500174679636195 0.050017466921638221 -0.050017429222491139 0.050017447895136263 -0.050017456643797434
leaf_weight=0.53487450392276525 0.046909555559977667 0.0043982784991385407 0.030565149383619428 0.0077378038549795747 0.028256566962227225 0.012272048159502447 0.012674651923589408 0.038386427564546466 0.028379201306961477 0.02846100740134716 0.022143339971080422 0.0044842903807875692 0.024271697737276554 0.027634364785626531 0.15673851556493901 0.021390870679169893 0.0066260951280128202 0.004119361488847062 0.0040909838280640534 0.020964467548765242 0.004344279572251252 0.0041503231623210004 0.020999921369366348 0.37143918010406196 0.05754628696013242 0.020945871132425964 0.030374291352927685 0.005433834026916883 0.044984770705923438 0.005860856137587688
leaf_count=2556 20 17 16 37 9 9 18 31 14 20 20 24 23 25 749 20 34 21 20 20 21 20 20 355 55 20 29 26 43 28
internal_value=2.47975e-05 0.0275661 0.0443281 -0.0454267 0.020473 -0.0500204 -0.0500184 0.0500194 0.0500186 0.050018 0.0500178 -0.0500175 0.0500176 0.0500175 -0.0500174 0.0500175 -0.0500174 -0.0500171 -0.0500174 0.0500175 -0.0500174 -0.0500174 0.0500175 0.0500175 0.0500175 0.0500175 0.0500175 -0.0500175 0.0500175 -0.0500175
internal_weight=1.63146 1.01588 0.835396 0.615574 0.0401137 0.57546 0.563188 0.788487 0.757922 0.729542 0.701081 0.180488 0.662695 0.640552 0.17609 0.612917 0.171606 0.0118572 0.16498 0.591526 0.550513 0.160889 0.567255 0.546255 0.108885 0.43737 0.0513388 0.546169 0.416424 0.540735
internal_count=4320 1595 731 2725 67 2658 2649 711 695 681 661 864 630 610 847 585 823 58 789 565 2631 769 542 522 104 418 49 2610 398 2584
is_linear=0
shrinkage=0.05


Tree=146
num_leaves=31
num_cat=0
split_feature=67 6 40 51 5 40 5 1 24 21 14 40 18 22 39 24 8 52 19 14 41 29 17 52 1 14 28 16 1 4
split_gain=0.777028 0.50264 0.173032 0.070903 0.0318228 3.79183e-08 7.29845e-09 3.52006e-09 2.61024e-09 3.54334e-10 2.02125e-10 4.74634e-11 9.36795e-12 9.51328e-12 2.01372e-12 1.39e-12 1.27953e-12 8.19143e-13 2.00201e-13 1.69975e-13 3.27516e-14 2.9754e-14 2.73115e-14 5.21805e-15 4.34375e-15 2.16493e-15 1.33227e-15 1.07553e-15 1.66533e-16 1.11022e-16
threshold=1.5000000000000002 21.000000000000004 5.8285715579986581 1.5000000000000002 11598.000000000002 1298.497741699219 11619.500000000002 23699.500000000004 997.50000000000011 13850000.000000002 2.5229492187500004 19.145161628723148 31272.000000000004 30050000.000000004 68.500000000000014 707.50000000000011 702.47500610351574 1323.8333129882815 90.500000000000014 2.8556319475173955 2501.385375976563 1546.0000000000002 21750000.000000004 7.4166667461395273 5105459.5000000009 210582.96093750003 5005179.5000000009 526180.37500000012 80753692.000000015 396.50000000000006
decision_type=2 2 2 2 2 2 2 2 2 2 2 2 2 2 2 2 2 2 2 2 2 2 2 2 2 2 2 2 2 2
left_child=3 2 -2 5 17 6 20 -4 9 10 -9 -3 -12 15 -13 19 18 -5 21 -14 26 -16 23 24 27 28 29 -21 -25 -1
right_child=1 11 7 4 -6 -7 -8 8 -10 -11 12 14 13 -15 16 -17 -18 -19 -20 22 -22 -23 -24 25 -26 -27 -28 -29 -30 -31
leaf_value=-0.050016601679318706 -0.051269548772273368 -0.050021924405952406 0.05003547673319228 -0.050016589231595888 0.050049877026388773 -0.050108571737797751 -0.050055946750976223 0.050020527836778905 0.050032985751914477 0.050022746158944469 0.050017738276603711 -0.050015460357896925 0.050016742019281107 0.050017596208729677 -0.050016601471110825 0.050017029798053475 -0.050015862315117565 -0.050015694340113874 -0.05001623472279907 0.050016631010840133 -0.050016456543291191 -0.050016462421084207 0.05001665935030089 0.050016598048302691 0.050016601540158662 0.050016614809302619 -0.050016578810016726 0.050016615939153644 0.0500165946858806 -0.050016600030843288
leaf_weight=0.50521492456027772 0.044676468969555572 0.0041838636534521348 0.029075500671751797 0.0073605487705208361 0.026879818411543965 0.011674799839965999 0.012057176500093192 0.03651504940353334 0.026996021857485175 0.027073564007878304 0.021063769818283617 0.004265654948540031 0.023088340065442026 0.026287082931958139 0.1490967557328986 0.020347971585579216 0.0063030365854501716 0.0039185194182209671 0.0038915273325983426 0.019942349521443248 0.0039342637173831454 0.0039479745173593974 0.020973394508473575 0.37422879121731967 0.054740628809668124 0.019924660213291645 0.0059647824527928597 0.028893399401567876 0.020895174471661448 0.0085593154362868518
leaf_count=2538 20 17 16 37 9 9 18 31 14 20 20 24 23 25 749 20 34 21 20 20 20 20 21 376 55 20 30 29 21 43
internal_value=2.48412e-05 0.0275641 0.0443244 -0.0454258 0.0204722 -0.0500194 -0.0500175 0.0500184 0.0500177 0.0500171 0.0500169 -0.0500167 0.0500167 0.0500167 -0.0500165 0.0500166 -0.0500166 -0.0500163 -0.0500166 0.0500166 -0.0500166 -0.0500166 0.0500166 0.0500166 0.0500166 0.0500166 -0.0500166 0.0500166 0.0500166 -0.0500166
internal_weight=1.55198 0.966411 0.794722 0.585564 0.0381589 0.547405 0.53573 0.750046 0.72097 0.693974 0.666901 0.171689 0.630386 0.609322 0.167505 0.583035 0.163239 0.0112791 0.156936 0.562687 0.523673 0.153045 0.539598 0.518625 0.103576 0.415049 0.519739 0.0488357 0.395124 0.513774
internal_count=4320 1595 731 2725 67 2658 2649 711 695 681 661 864 630 610 847 585 823 58 789 565 2631 769 542 521 104 417 2611 49 397 2581
is_linear=0
shrinkage=0.05


Tree=147
num_leaves=31
num_cat=0
split_feature=67 6 40 51 5 40 5 1 24 21 14 40 18 22 39 24 8 52 19 14 41 29 17 52 1 14 16 25 20 0
split_gain=0.739104 0.478094 0.164572 0.0674441 0.0302696 3.26326e-08 6.28126e-09 3.03029e-09 2.24655e-09 3.05017e-10 1.7399e-10 4.08884e-11 8.05556e-12 8.15992e-12 1.72365e-12 1.19893e-12 1.0944e-12 7.01305e-13 1.69725e-13 1.50879e-13 2.77001e-14 2.41751e-14 2.25375e-14 3.16414e-15 4.60743e-15 1.94289e-15 7.49401e-16 6.10623e-16 1.66533e-16 1.11022e-16
threshold=1.5000000000000002 21.000000000000004 5.8285715579986581 1.5000000000000002 11598.000000000002 1298.497741699219 11619.500000000002 23699.500000000004 997.50000000000011 13850000.000000002 2.5229492187500004 19.145161628723148 31272.000000000004 30050000.000000004 68.500000000000014 707.50000000000011 702.47500610351574 1323.8333129882815 90.500000000000014 2.8556319475173955 2501.385375976563 1546.0000000000002 21750000.000000004 7.4166667461395273 5105459.5000000009 210582.96093750003 526180.37500000012 10750000.000000002 80150000.000000015 2007.5000000000002
decision_type=2 2 2 2 2 2 2 2 2 2 2 2 2 2 2 2 2 2 2 2 2 2 2 2 2 2 2 2 2 2
left_child=3 2 -2 5 17 6 20 -4 9 10 -9 -3 -12 15 -13 19 18 -5 21 -14 27 -16 23 24 26 28 -21 29 -25 -1
right_child=1 11 7 4 -6 -7 -8 8 -10 -11 12 14 13 -15 16 -17 -18 -19 -20 22 -22 -23 -24 25 -26 -27 -28 -29 -30 -31
leaf_value=-0.05001578884574457 -0.051208139086403398 -0.050020854932397524 0.050033747659698452 -0.050015779321919779 0.050047441016489641 -0.050103263860596971 -0.050053212446740374 0.05001952674643121 0.050031376341212713 0.050021637007060527 0.050016872591608669 -0.050014706748424426 0.050015927383521668 0.050016736398710765 -0.050015789059379104 0.050016199649933535 -0.050015088294733383 -0.050014930340601504 -0.0500154429165287 0.050015818511577936 -0.050015652137464221 -0.050015660552428724 0.050015845686563781 0.050015788934393096 0.050015789214892373 0.050015805069680577 0.050015805620299836 -0.050015770977458608 0.050015784407593702 -0.050015788827530716
leaf_weight=0.30145261094730813 0.042547251563519239 0.0039798971702111876 0.027658404083922505 0.0070016809913795441 0.025570087367668748 0.011106560239568353 0.011469751072581857 0.034734867396764457 0.025680214981548488 0.025753727299161255 0.020036815491039306 0.0040576760948169968 0.021962657512631267 0.025005465489812195 0.14182746094593313 0.019355902739334852 0.0059957242847303851 0.0037274665082804859 0.0037017924187239251 0.018970049917697906 0.0037424460169859222 0.0037554882437689221 0.019950826128479093 0.35503705509472638 0.052071719488594681 0.018953222082927823 0.027484685590025038 0.0049168953555636099 0.020822419552132487 0.18802936069550924
leaf_count=1592 20 17 16 37 9 9 18 31 14 20 20 24 23 25 749 20 34 21 20 20 20 20 21 375 55 20 29 26 22 993
internal_value=2.48841e-05 0.0275622 0.0443208 -0.0454249 0.0204713 -0.0500185 -0.0500166 0.0500175 0.0500169 0.0500163 0.0500161 -0.0500158 0.0500159 0.0500159 -0.0500157 0.0500158 -0.0500158 -0.0500155 -0.0500158 0.0500158 -0.0500158 -0.0500158 0.0500158 0.0500158 0.0500158 0.0500158 0.0500158 -0.0500158 0.0500158 -0.0500158
internal_weight=1.47636 0.919343 0.756025 0.557017 0.0362992 0.520718 0.509611 0.713478 0.68582 0.660139 0.634386 0.163318 0.599651 0.579614 0.159338 0.554609 0.15528 0.0107291 0.149285 0.535253 0.498141 0.145583 0.51329 0.493339 0.0985265 0.394813 0.0464547 0.494399 0.375859 0.489482
internal_count=4320 1595 731 2725 67 2658 2649 711 695 681 661 864 630 610 847 585 823 58 789 565 2631 769 542 521 104 417 49 2611 397 2585
is_linear=0
shrinkage=0.05


Tree=148
num_leaves=31
num_cat=0
split_feature=67 6 40 51 5 40 5 1 24 21 14 40 18 22 39 24 8 52 19 14 40 29 17 52 1 14 16 25 14 0
split_gain=0.703032 0.454749 0.156527 0.064154 0.0287922 2.80814e-08 5.4064e-09 2.60786e-09 1.93336e-09 2.62536e-10 1.49699e-10 3.51581e-11 6.93068e-12 7.0397e-12 1.48648e-12 1.02818e-12 9.43495e-13 6.03115e-13 1.46994e-13 1.29785e-13 2.36478e-14 2.12053e-14 1.93179e-14 2.10942e-15 4.2466e-15 1.38778e-15 7.84095e-16 7.21645e-16 2.22045e-16 5.55112e-17
threshold=1.5000000000000002 21.000000000000004 5.8285715579986581 1.5000000000000002 11598.000000000002 1298.497741699219 11619.500000000002 23699.500000000004 997.50000000000011 13850000.000000002 2.5229492187500004 19.145161628723148 31272.000000000004 30050000.000000004 68.500000000000014 707.50000000000011 702.47500610351574 1323.8333129882815 90.500000000000014 2.8556319475173955 997.29165649414074 1546.0000000000002 21750000.000000004 7.4166667461395273 5105459.5000000009 210582.96093750003 526180.37500000012 10750000.000000002 1631.9129638671877 57363.000000000007
decision_type=2 2 2 2 2 2 2 2 2 2 2 2 2 2 2 2 2 2 2 2 2 2 2 2 2 2 2 2 2 2
left_child=3 2 -2 5 17 6 20 -4 9 10 -9 -3 -12 15 -13 19 18 -5 21 -14 27 -16 23 24 26 28 -21 29 -25 -1
right_child=1 11 7 4 -6 -7 -8 8 -10 -11 12 14 13 -15 16 -17 -18 -19 -20 22 -22 -23 -24 25 -26 -27 -28 -29 -30 -31
leaf_value=-0.050015018684298522 -0.051149670704154861 -0.050019835062105944 0.050032100533780627 -0.050015010400071794 0.050045128670767561 -0.050098214975416479 -0.050050616404947269 0.050018573846594132 0.050029844987203136 0.050020581833979554 0.050016049628524711 -0.05001398824966128 0.050015150628015849 0.050015921247541263 -0.050015018824027639 0.050015408970932831 -0.050014351649093805 -0.050014203167195119 -0.05001468847203399 0.050015047425725871 -0.050014892113681278 -0.050014895371397319 0.050015072939202793 0.050015017437236291 0.050015018120448701 0.050015033181717884 0.050015033905371459 -0.050014999266616823 0.050015020023682334 -0.050015018665064907
leaf_weight=0.46003360403119586 0.040517294488381594 0.0037858704599784678 0.026310331886634231 0.0066603048471733928 0.024324115365743637 0.010565924341790378 0.010910916666034609 0.033041440765373409 0.024428504868410528 0.02449820761103183 0.019059914106037468 0.0038598349419771685 0.020891842141281813 0.023786312725860626 0.13491248466016259 0.0184121880447492 0.0057033911143662399 0.003545726096490398 0.0035213056689826763 0.018045140895992517 0.0037393309467006466 0.0035723841283470384 0.018978098756633699 0.13598304410697892 0.049532895849552006 0.018029133614618331 0.02614463452482596 0.0046771657216595477 0.22155091300373897 0.0054036780784372232
leaf_count=2554 20 17 16 37 9 9 18 31 14 20 20 24 23 25 749 20 34 21 20 20 21 20 21 151 55 20 29 26 246 30
internal_value=2.49245e-05 0.0275604 0.0443174 -0.045424 0.0204706 -0.0500176 -0.0500158 0.0500167 0.050016 0.0500155 0.0500153 -0.0500151 0.0500151 0.0500151 -0.050015 0.050015 -0.050015 -0.0500147 -0.050015 0.050015 -0.050015 -0.050015 0.050015 0.050015 0.050015 0.050015 0.050015 -0.050015 0.050015 -0.050015
internal_weight=1.40443 0.874565 0.71921 0.529861 0.0345301 0.495331 0.484765 0.678693 0.652382 0.627954 0.603456 0.155355 0.570414 0.551354 0.151569 0.527568 0.14771 0.010206 0.142006 0.509156 0.473854 0.138485 0.488264 0.469286 0.0937227 0.375563 0.0441898 0.470114 0.357534 0.465437
internal_count=4320 1595 731 2725 67 2658 2649 711 695 681 661 864 630 610 847 585 823 58 789 565 2631 769 542 521 104 417 49 2610 397 2584
is_linear=0
shrinkage=0.05


Tree=149
num_leaves=31
num_cat=0
split_feature=67 6 40 51 5 40 5 1 24 21 14 40 18 22 39 24 8 52 19 14 41 29 22 52 1 14 28 16 6 20
split_gain=0.668722 0.432545 0.148876 0.0610245 0.027387 2.4165e-08 4.65236e-09 2.24442e-09 1.66419e-09 2.26008e-10 1.28851e-10 3.03086e-11 5.97411e-12 6.04883e-12 1.27501e-12 8.89511e-13 8.14487e-13 5.19826e-13 1.26399e-13 1.108e-13 2.13718e-14 1.78468e-14 1.70419e-14 2.55351e-15 3.2474e-15 1.38778e-15 6.66134e-16 5.06539e-16 1.11022e-16 1.11022e-16
threshold=1.5000000000000002 21.000000000000004 5.8285715579986581 1.5000000000000002 11598.000000000002 1298.497741699219 11619.500000000002 23699.500000000004 997.50000000000011 13850000.000000002 2.5229492187500004 19.145161628723148 31272.000000000004 30050000.000000004 68.500000000000014 707.50000000000011 702.47500610351574 1323.8333129882815 90.500000000000014 2.8556319475173955 2501.385375976563 1546.0000000000002 28400000.000000004 7.4166667461395273 5105459.5000000009 210582.96093750003 5005179.5000000009 526180.37500000012 376.50000000000006 74100000.000000015
decision_type=2 2 2 2 2 2 2 2 2 2 2 2 2 2 2 2 2 2 2 2 2 2 2 2 2 2 2 2 2 2
left_child=3 2 -2 5 17 6 20 -4 9 10 -9 -3 -12 15 -13 19 18 -5 21 -14 26 -16 23 24 27 29 28 -21 -1 -25
right_child=1 11 7 4 -6 -7 -8 8 -10 -11 12 14 13 -15 16 -17 -18 -19 -20 22 -22 -23 -24 25 -26 -27 -28 -29 -30 -31
leaf_value=-0.050014289438549166 -0.051094004400192676 -0.050018870459964705 0.050030533297437285 -0.050014276019821474 0.050042925960233013 -0.050093416648776458 -0.050048146607546612 0.050017667190189102 0.050028388974359954 0.0500195776292537 0.050015266702039124 -0.05001330678557947 0.050014410431040712 0.050015143222974873 -0.050014285452892764 0.050014657540020983 -0.05001364992835209 -0.050013507629660295 -0.050013971438576325 0.050014312243273885 -0.050014163223670832 -0.05001416927587532 0.050014337535825321 0.050014285583527718 0.050014286490887433 0.050014300005172624 -0.050014271127121229 0.050014301072687742 -0.050014285984134044 0.050014283145178334
leaf_weight=0.43126417405437678 0.038582173001486808 0.0036012991622555992 0.025027925614267588 0.0063355684978887439 0.023138807388022542 0.010051556280814111 0.010379284154623747 0.031430546543560922 0.023237772402353585 0.023303871508687735 0.018130627635400742 0.0036716373942908822 0.019873221754096448 0.022626583289820701 0.12833455354848411 0.01751447154674679 0.005425307623227126 0.0033728446287568659 0.0033496163669042281 0.017165314988233149 0.0033864031283883369 0.0033982050372287622 0.018052550905849785 0.3084105845191516 0.047117820649873465 0.017150087340269238 0.0051341668877284965 0.024869901593774557 0.010965337656671181 0.031691330543253571
leaf_count=2517 20 17 16 37 9 9 18 31 14 20 20 24 23 25 749 20 34 21 20 20 20 20 21 360 55 20 30 29 64 37
internal_value=2.49623e-05 0.0275587 0.0443141 -0.0454232 0.0204698 -0.0500167 -0.0500151 0.0500159 0.0500153 0.0500148 0.0500146 -0.0500143 0.0500144 0.0500143 -0.0500142 0.0500143 -0.0500143 -0.050014 -0.0500143 0.0500143 -0.0500143 -0.0500143 0.0500143 0.0500143 0.0500143 0.0500143 -0.0500143 0.0500143 -0.0500143 0.0500143
internal_weight=1.33599 0.831965 0.684185 0.504028 0.0328472 0.471181 0.461129 0.645603 0.620575 0.597337 0.574033 0.147781 0.542602 0.524472 0.144179 0.501845 0.140508 0.00970841 0.135082 0.484331 0.45075 0.131733 0.464458 0.446405 0.089153 0.357252 0.447364 0.0420352 0.44223 0.340102
internal_count=4320 1595 731 2725 67 2658 2649 711 695 681 661 864 630 610 847 585 823 58 789 565 2631 769 542 521 104 417 2611 49 2581 397
is_linear=0
shrinkage=0.05


Tree=150
num_leaves=31
num_cat=0
split_feature=67 6 40 51 5 40 5 1 24 21 14 40 18 22 39 24 8 52 19 14 41 29 17 52 1 1 28 16 19 73
split_gain=0.636087 0.411426 0.1416 0.0580476 0.0260505 2.08005e-08 4.00477e-09 1.93165e-09 1.43208e-09 1.94449e-10 1.10889e-10 2.60712e-11 5.13722e-12 5.19529e-12 1.09995e-12 7.64111e-13 6.9672e-13 4.45919e-13 1.07886e-13 9.42024e-14 1.78746e-14 1.60427e-14 1.46549e-14 1.94289e-15 3.1225e-15 1.22125e-15 5.55112e-16 5.27356e-16 1.12757e-16 1.11022e-16
threshold=1.5000000000000002 21.000000000000004 5.8285715579986581 1.5000000000000002 11598.000000000002 1298.497741699219 11619.500000000002 23699.500000000004 997.50000000000011 13850000.000000002 2.5229492187500004 19.145161628723148 31272.000000000004 30050000.000000004 68.500000000000014 707.50000000000011 702.47500610351574 1323.8333129882815 90.500000000000014 2.8556319475173955 2501.385375976563 1546.0000000000002 21750000.000000004 7.4166667461395273 5105459.5000000009 59488.000000000007 5004535.0000000009 526180.37500000012 99.500000000000014 40050000.000000007
decision_type=2 2 2 2 2 2 2 2 2 2 2 2 2 2 2 2 2 2 2 2 2 2 2 2 2 2 2 2 2 2
left_child=3 2 -2 5 17 6 20 -4 9 10 -9 -3 -12 15 -13 19 18 -5 21 -14 26 -16 23 24 27 -25 -1 -21 -28 -27
right_child=1 11 7 4 -6 -7 -8 8 -10 -11 12 14 13 -15 16 -17 -18 -19 -20 22 -22 -23 -24 25 -26 29 28 -29 -30 -31
leaf_value=-0.050013588975674372 -0.051041013423183512 -0.050017949024551749 0.050029043453858446 -0.050013579895379738 0.05004082668199801 -0.050088856577622236 -0.050045796045412511 0.050016805428693516 0.050027002974967372 0.050018621916179333 0.050014521846299537 -0.050012657045923892 0.050013707130033683 0.050014403997279404 -0.050013588978137492 0.050013942506782649 -0.050012986257770356 -0.050012850209350028 -0.050013291433295443 0.050013615104087861 -0.050013470491462125 -0.050013476153701969 0.050013638447742065 0.050013602275437309 0.050013589048832519 0.050013589220088174 -0.050013568186983076 0.050013603470164307 -0.050013581378355147 0.05001358607291078
leaf_weight=0.41903829642978963 0.036737640941282734 0.0034257232182426369 0.023807990248315036 0.0060266610380494967 0.022011213004589081 0.0095621851505711675 0.0098735326901078224 0.029898162581957877 0.022105049574747682 0.022167741321027279 0.017246637085918337 0.0034926136868307358 0.018904252268839628 0.021523381816223264 0.12207726162159815 0.016660512774251401 0.0051607792265713206 0.0032083902333397418 0.0031862958567216984 0.016328374564182013 0.0032212897422141387 0.0032325162464985615 0.017172574123833328 0.017128804349340498 0.044820466020610183 0.29581811552634463 0.0032546162547077975 0.023657303769141436 0.0032583660213276744 0.026886088249739259
leaf_count=2571 20 17 16 37 9 9 18 31 14 20 20 24 23 25 749 20 34 21 20 20 20 20 21 21 55 363 20 29 20 33
internal_value=2.49996e-05 0.0275571 0.044311 -0.0454224 0.0204691 -0.0500159 -0.0500143 0.0500151 0.0500145 0.050014 0.0500138 -0.0500136 0.0500137 0.0500136 -0.0500135 0.0500136 -0.0500136 -0.0500133 -0.0500136 0.0500136 -0.0500136 -0.0500136 0.0500136 0.0500136 0.0500136 0.0500136 -0.0500136 0.0500136 -0.0500136 0.0500136
internal_weight=1.27089 0.791438 0.650863 0.479455 0.0312463 0.448208 0.438646 0.614125 0.590317 0.568212 0.546045 0.140575 0.516147 0.4989 0.137149 0.477376 0.133657 0.00923505 0.128496 0.460716 0.428773 0.12531 0.441812 0.424639 0.0848061 0.339833 0.425551 0.0399857 0.00651298 0.322704
internal_count=4320 1595 731 2725 67 2658 2649 711 695 681 661 864 630 610 847 585 823 58 789 565 2631 769 542 521 104 417 2611 49 40 396
is_linear=0
shrinkage=0.05


Tree=151
num_leaves=31
num_cat=0
split_feature=67 6 40 51 5 40 5 1 24 21 14 40 18 22 39 24 8 52 19 14 40 29 17 52 1 1 25 16 1 1
split_gain=0.605046 0.391339 0.13468 0.055216 0.0247792 1.79002e-08 3.44771e-09 1.66297e-09 1.23233e-09 1.67491e-10 9.53992e-11 2.2414e-11 4.42274e-12 4.47725e-12 9.52655e-13 6.55975e-13 6.03684e-13 3.85676e-13 9.5049e-14 8.03801e-14 1.44884e-14 1.41415e-14 1.2379e-14 1.88738e-15 2.55351e-15 9.99201e-16 3.33067e-16 2.42861e-16 5.55112e-17 5.55112e-17
threshold=1.5000000000000002 21.000000000000004 5.8285715579986581 1.5000000000000002 11598.000000000002 1298.497741699219 11619.500000000002 23699.500000000004 997.50000000000011 13850000.000000002 2.5229492187500004 19.145161628723148 31272.000000000004 30050000.000000004 68.500000000000014 707.50000000000011 702.47500610351574 1323.8333129882815 90.500000000000014 2.8556319475173955 997.29165649414074 1546.0000000000002 21750000.000000004 7.4166667461395273 5105459.5000000009 59488.000000000007 10750000.000000002 526180.37500000012 97204028.000000015 80753692.000000015
decision_type=2 2 2 2 2 2 2 2 2 2 2 2 2 2 2 2 2 2 2 2 2 2 2 2 2 2 2 2 2 2
left_child=3 2 -2 5 17 6 20 -4 9 10 -9 -3 -12 15 -13 19 18 -5 21 -14 26 -16 23 24 27 -25 28 -21 -1 -27
right_child=1 11 7 4 -6 -7 -8 8 -10 -11 12 14 13 -15 16 -17 -18 -19 -20 22 -22 -23 -24 25 -26 29 -28 -29 -30 -31
leaf_value=-0.050012924475596243 -0.050990565536362435 -0.050017073370348358 0.05002762831976254 -0.050012918962458089 0.05003883508165187 -0.050084512632487845 -0.050043563699711524 0.050015985047342205 0.050025684434182482 0.050017715301403004 0.050013813632506558 -0.050012039334843043 0.050013038084170042 0.050013701887562149 -0.050012928663071221 0.050013262035682175 -0.050012353346939313 -0.050012223179162263 -0.050012642330081528 0.050012949624798325 -0.05001281780548042 -0.050012820046473151 0.050012972771398184 0.050012938224339415 0.050012926958980068 0.050012926261714608 -0.050012911459595494 0.050012941508522923 -0.050012925282880739 0.050012922801350529
leaf_weight=0.38015603435633238 0.034979625925188884 0.0032587042805971569 0.022647485893685371 0.0057328111870447174 0.020938526373356581 0.0090966008137911558 0.0093924034154042602 0.028440466558095068 0.021027513314038515 0.021086980530526489 0.016405735164880753 0.0033223168939002781 0.017982515273615718 0.020473954442422837 0.11612497988971882 0.015848180279135704 0.0049091456239693789 0.0030519525025738403 0.0030309367721201843 0.015532231656834483 0.003218601443222723 0.0030749038851354262 0.016335269785486162 0.016293633496388793 0.042635096819140017 0.29069535835878924 0.0040258377266582093 0.022503813961520791 0.020465906069148332 0.0162743428372778
leaf_count=2452 20 17 16 37 9 9 18 31 14 20 20 24 23 25 749 20 34 21 20 20 21 20 21 21 55 375 26 29 132 21
internal_value=2.50338e-05 0.0275555 0.0443081 -0.0454216 0.0204685 -0.0500151 -0.0500136 0.0500143 0.0500138 0.0500133 0.0500132 -0.050013 0.050013 0.050013 -0.0500129 0.0500129 -0.0500129 -0.0500127 -0.0500129 0.0500129 -0.0500129 -0.0500129 0.0500129 0.0500129 0.0500129 0.0500129 -0.0500129 0.0500129 -0.0500129 0.0500129
internal_weight=1.20896 0.752883 0.619162 0.456079 0.0297233 0.426355 0.417259 0.584183 0.561535 0.540508 0.519421 0.133721 0.49098 0.474574 0.130462 0.4541 0.12714 0.00878476 0.122231 0.438252 0.407866 0.1192 0.42027 0.403934 0.0806711 0.323263 0.404648 0.038036 0.400622 0.30697
internal_count=4320 1595 731 2725 67 2658 2649 711 695 681 661 864 630 610 847 585 823 58 789 565 2631 769 542 521 104 417 2610 49 2584 396
is_linear=0
shrinkage=0.05


Tree=152
num_leaves=31
num_cat=0
split_feature=67 6 40 51 5 40 5 1 24 21 14 40 18 22 39 24 8 52 19 14 41 29 74 52 1 1 16 25 0 1
split_gain=0.575521 0.372234 0.128099 0.0525225 0.0235699 1.54051e-08 2.96573e-09 1.43147e-09 1.06092e-09 1.4397e-10 8.2197e-11 1.93217e-11 3.80662e-12 3.8593e-12 8.10282e-13 5.68656e-13 5.14713e-13 3.28947e-13 7.95752e-14 7.06102e-14 1.28231e-14 1.13382e-14 1.10467e-14 1.38778e-15 2.04003e-15 8.88178e-16 5.34295e-16 3.33067e-16 1.11022e-16 5.55112e-17
threshold=1.5000000000000002 21.000000000000004 5.8285715579986581 1.5000000000000002 11598.000000000002 1298.497741699219 11619.500000000002 23699.500000000004 997.50000000000011 13850000.000000002 2.5229492187500004 19.145161628723148 31272.000000000004 30050000.000000004 68.500000000000014 707.50000000000011 702.47500610351574 1323.8333129882815 90.500000000000014 2.8556319475173955 2501.385375976563 1546.0000000000002 47700000.000000007 7.4166667461395273 5105459.5000000009 59488.000000000007 526180.37500000012 10750000.000000002 54249.000000000007 67007924.000000007
decision_type=2 2 2 2 2 2 2 2 2 2 2 2 2 2 2 2 2 2 2 2 2 2 2 2 2 2 2 2 2 2
left_child=3 2 -2 5 17 6 20 -4 9 10 -9 -3 -12 15 -13 19 18 -5 21 -14 27 -16 23 24 26 -25 -21 28 -1 -27
right_child=1 11 7 4 -6 -7 -8 8 -10 -11 12 14 13 -15 16 -17 -18 -19 -20 22 -22 -23 -24 25 -26 29 -28 -29 -30 -31
leaf_value=-0.050012294413348007 -0.050942549306601262 -0.050016240615589284 0.050026280624783925 -0.050012286023965902 0.050036937376993454 -0.050080384508972814 -0.050041430125394706 0.050015206191232946 0.050024432258379763 0.050016847780326903 0.050013139206180696 -0.050011453746846804 0.050012402430284736 0.050013033427153852 -0.050012294594197627 0.050012615534592277 -0.050011750059982575 -0.050011627183473122 -0.050012026026611894 0.0500123192297292 -0.0500121890590043 -0.050012194859044859 0.05001234110029229 0.050012306693933577 0.050012295565598178 0.050012295115788141 0.050012306879170333 -0.050012278077763789 -0.050012294564074224 0.050012293999128203
leaf_weight=0.37415587819123175 0.033304221171420068 0.0030998257425380862 0.02154352079378441 0.005453285833937116 0.019918077858164907 0.0086536497110500932 0.0089347013854421675 0.027053819561842829 0.020002477569505572 0.020058895112015307 0.015605823078658432 0.0031603217503288752 0.017105709703173488 0.019475681649055332 0.11046286110649817 0.015075445233378559 0.0046697786383447229 0.0029031407466391101 0.0028831508097937322 0.014774897426832467 0.0029148160465410902 0.0029249747312860555 0.014799888536799699 0.015499174303840846 0.040556257183197886 0.25071524345548823 0.021406553976703435 0.0038295425183605394 0.0070790268946439019 0.042025848932098597
leaf_count=2537 20 17 16 37 9 9 18 31 14 20 20 24 23 25 749 20 34 21 20 20 20 20 20 21 55 340 29 26 48 57
internal_value=2.50668e-05 0.027554 0.0443052 -0.0454209 0.0204678 -0.0500144 -0.0500129 0.0500136 0.0500131 0.0500127 0.0500125 -0.0500123 0.0500124 0.0500123 -0.0500122 0.0500123 -0.0500123 -0.0500121 -0.0500123 0.0500123 -0.0500123 -0.0500123 0.0500123 0.0500123 0.0500123 0.0500123 0.0500123 -0.0500123 -0.0500123 0.0500123
internal_weight=1.15005 0.716204 0.589003 0.433842 0.0282745 0.405568 0.396914 0.555699 0.534156 0.514153 0.494094 0.127201 0.467041 0.451435 0.124101 0.431959 0.120941 0.00835643 0.116271 0.416884 0.387979 0.113388 0.399778 0.384978 0.0767377 0.30824 0.0361815 0.385064 0.381235 0.292741
internal_count=4320 1595 731 2725 67 2658 2649 711 695 681 661 864 630 610 847 585 823 58 789 565 2631 769 542 522 104 418 49 2611 2585 397
is_linear=0
shrinkage=0.05


Tree=153
num_leaves=31
num_cat=0
split_feature=67 6 40 51 5 40 5 1 24 21 14 40 18 22 39 24 8 52 19 14 41 29 22 52 1 14 27 16 15 3
split_gain=0.547437 0.354063 0.121841 0.0499605 0.0224198 1.32579e-08 2.55299e-09 1.2314e-09 9.13368e-10 1.23972e-10 7.07087e-11 1.66282e-11 3.28132e-12 3.32212e-12 7.00467e-13 4.84668e-13 4.46851e-13 2.85097e-13 6.81261e-14 5.76761e-14 1.08802e-14 1.0103e-14 9.27036e-15 1.33227e-15 1.94289e-15 6.66134e-16 3.33067e-16 2.70617e-16 5.55112e-17 1.38778e-17
threshold=1.5000000000000002 21.000000000000004 5.8285715579986581 1.5000000000000002 11598.000000000002 1298.497741699219 11619.500000000002 23699.500000000004 997.50000000000011 13850000.000000002 2.5229492187500004 19.145161628723148 31272.000000000004 30050000.000000004 68.500000000000014 707.50000000000011 702.47500610351574 1323.8333129882815 90.500000000000014 2.8556319475173955 2501.385375976563 1546.0000000000002 28400000.000000004 7.4166667461395273 5105459.5000000009 210582.96093750003 2713426.5000000005 526180.37500000012 0.17365203052759173 17.500000000000004
decision_type=2 2 2 2 2 2 2 2 2 2 2 2 2 2 2 2 2 2 2 2 2 2 2 2 2 2 2 2 2 2
left_child=3 2 -2 5 17 6 20 -4 9 10 -9 -3 -12 15 -13 19 18 -5 21 -14 26 29 23 24 27 28 -1 -21 -25 -16
right_child=1 11 7 4 -6 -7 -8 8 -10 -11 12 14 13 -15 16 -17 -18 -19 -20 22 -22 -23 -24 25 -26 -27 -28 -29 -30 -31
leaf_value=-0.050011695385327272 -0.050896840079272004 -0.050015448656653416 0.05002499595573634 -0.050011687793213848 0.050035135965789068 -0.050076459006798107 -0.050039411613218447 0.050014464404463693 0.05002324251603233 0.050016027539073617 0.050012499534469561 -0.050010893882329467 0.050011795785317351 0.050012398379105844 -0.050011695519650436 0.050011999431606016 -0.050011175321200002 -0.050011058910532813 -0.050011440673628942 0.050011718166196456 -0.050011595595247066 -0.05001159899353616 0.050011738267509147 0.050011693844053656 0.050011696450693865 0.050011707015796873 -0.050011680656516094 0.050011709118163307 0.050011696203370093 -0.050011695470958184
leaf_weight=0.36334661426371895 0.031707688147434965 0.0029486910352716214 0.020493343181442469 0.0051873863994842395 0.018947327742353082 0.0082322353846393526 0.0084992850897833705 0.025734760973136872 0.01902738690841943 0.019080916827078909 0.014844903373159468 0.0030062238583923309 0.016271646716631949 0.018526070925872773 0.09483563834510278 0.014340379042550921 0.0044420804624678558 0.0027615834624157287 0.0027425692387623704 0.014054481987841427 0.0027726909029297522 0.0027823543350677929 0.014780927856918424 0.023143005615565926 0.038578756095375866 0.014042013674043119 0.0029422991501633069 0.0203627820010297 0.25532294745789841 0.010241112293442711
leaf_count=2590 20 17 16 37 9 9 18 31 14 20 20 24 23 25 676 20 34 21 20 20 20 20 21 33 55 20 21 29 364 73
internal_value=2.50986e-05 0.0275526 0.0443026 -0.0454202 0.0204672 -0.0500137 -0.0500123 0.050013 0.0500125 0.0500121 0.0500119 -0.0500117 0.0500118 0.0500117 -0.0500116 0.0500117 -0.0500117 -0.0500115 -0.0500117 0.0500117 -0.0500117 -0.0500117 0.0500117 0.0500117 0.0500117 0.0500117 -0.0500117 0.0500117 0.0500117 -0.0500117
internal_weight=1.094 0.681311 0.560312 0.412689 0.0268963 0.385793 0.377561 0.528604 0.508111 0.489084 0.470003 0.120999 0.444268 0.429423 0.11805 0.410897 0.115044 0.00794897 0.110602 0.396557 0.369062 0.107859 0.380285 0.365504 0.072996 0.292508 0.366289 0.0344173 0.278466 0.105077
internal_count=4320 1595 731 2725 67 2658 2649 711 695 681 661 864 630 610 847 585 823 58 789 565 2631 769 542 521 104 417 2611 49 397 749
is_linear=0
shrinkage=0.05


Tree=154
num_leaves=31
num_cat=0
split_feature=67 6 40 51 5 40 5 1 24 21 14 40 18 22 39 24 8 52 19 14 41 29 17 52 1 1 16 9 28 8
split_gain=0.520724 0.336779 0.115888 0.0475234 0.0213257 1.14106e-08 2.1975e-09 1.06032e-09 7.85719e-10 1.06718e-10 6.07515e-11 1.42849e-11 2.82202e-12 2.85333e-12 6.06848e-13 4.18943e-13 3.88564e-13 2.45361e-13 6.06182e-14 5.39568e-14 9.10383e-15 9.07607e-15 8.10463e-15 9.4369e-16 1.92901e-15 5.55112e-16 2.63678e-16 1.66533e-16 1.66533e-16 5.55112e-17
threshold=1.5000000000000002 21.000000000000004 5.8285715579986581 1.5000000000000002 11598.000000000002 1298.497741699219 11619.500000000002 23699.500000000004 997.50000000000011 13850000.000000002 2.5229492187500004 19.145161628723148 31272.000000000004 30050000.000000004 68.500000000000014 707.50000000000011 702.47500610351574 1323.8333129882815 90.500000000000014 2.8556319475173955 2501.385375976563 1546.0000000000002 21750000.000000004 7.4166667461395273 5105459.5000000009 60879.000000000007 526180.37500000012 5.4794228076934823 5005179.5000000009 68.533332824707045
decision_type=2 2 2 2 2 2 2 2 2 2 2 2 2 2 2 2 2 2 2 2 2 2 2 2 2 2 2 2 2 2
left_child=3 2 -2 5 17 6 20 -4 9 10 -9 -3 -12 15 -13 19 18 -5 21 -14 28 -16 23 24 26 -25 -21 -27 29 -1
right_child=1 11 7 4 -6 -7 -8 8 -10 -11 12 14 13 -15 16 -17 -18 -19 -20 22 -22 -23 -24 25 -26 27 -28 -29 -30 -31
leaf_value=-0.050011122644323384 -0.050853335242629388 -0.050014694207142177 0.05002377876878808 -0.050011117310977231 0.050033419289129591 -0.050072723957204385 -0.05003748744617828 0.050013756434521495 0.050022105635451099 0.050015245729211191 0.05001188940975107 -0.050010362681600778 0.050011223922109153 0.050011792807898109 -0.050011127868848343 0.050011414612806109 -0.050010630380419918 -0.050010519133228654 -0.050010881413071452 0.050011146553522762 -0.050011029272352153 -0.050011033989634093 0.050011165954542351 0.050011134605390743 0.050011124400504717 0.050011123001432289 0.050011137347606031 0.050011126159540946 -0.050011113526103324 -0.050011125433654727
leaf_weight=0.33588930081168655 0.030186437914380804 0.0028049228276358909 0.019494333944749087 0.0049344495346304021 0.018023857846856117 0.0078313137637451291 0.0080850731756072491 0.024479999614413828 0.018099810811690986 0.018150605726987123 0.014121076674200594 0.0028596381962415754 0.015478242188692093 0.017622751416638494 0.099953207289217971 0.013641146302688867 0.0042254826548742122 0.0026269270456396043 0.0026088409649673841 0.01336918561719358 0.0026374942390248171 0.002646686465595848 0.014060392451938242 0.015359055134467781 0.03669765661470592 0.067386230570264161 0.019369893125258386 0.19549981039017439 0.0039987393247429273 0.0085406275902641937
leaf_count=2517 20 17 16 37 9 9 18 31 14 20 20 24 23 25 749 20 34 21 20 20 20 20 21 23 55 101 29 293 30 64
internal_value=2.51289e-05 0.0275513 0.0443 -0.0454196 0.0204666 -0.050013 -0.0500117 0.0500123 0.0500119 0.0500115 0.0500113 -0.0500112 0.0500112 0.0500112 -0.0500111 0.0500111 -0.0500111 -0.0500109 -0.0500111 0.0500111 -0.0500111 -0.0500111 0.0500111 0.0500111 0.0500111 0.0500111 0.0500111 0.0500111 -0.0500111 -0.0500111
internal_weight=1.04068 0.648115 0.533017 0.392568 0.0255852 0.366983 0.359151 0.50283 0.483336 0.465236 0.447085 0.115099 0.422605 0.408484 0.112294 0.390862 0.109434 0.00756138 0.105209 0.37722 0.351066 0.1026 0.361742 0.347682 0.0694367 0.278245 0.0327391 0.262886 0.348429 0.34443
internal_count=4320 1595 731 2725 67 2658 2649 711 695 681 661 864 630 610 847 585 823 58 789 565 2631 769 542 521 104 417 49 394 2611 2581
is_linear=0
shrinkage=0.05


Tree=155
num_leaves=31
num_cat=0
split_feature=67 6 40 51 5 40 5 1 24 21 14 40 18 22 39 24 8 52 19 14 29 40 74 36 52 1 25 15 0 17
split_gain=0.495315 0.32034 0.110227 0.0452053 0.0202851 9.82018e-09 1.89127e-09 9.12261e-10 6.76221e-10 9.18701e-11 5.24524e-11 1.22927e-11 2.42628e-12 2.45709e-12 5.22304e-13 3.58047e-13 3.33969e-13 2.11945e-13 5.25691e-14 4.49085e-14 8.29892e-15 7.71605e-15 6.71685e-15 7.21645e-16 6.66134e-16 1.17961e-15 3.33067e-16 1.11022e-16 5.55112e-17 5.55112e-17
threshold=1.5000000000000002 21.000000000000004 5.8285715579986581 1.5000000000000002 11598.000000000002 1298.497741699219 11619.500000000002 23699.500000000004 997.50000000000011 13850000.000000002 2.5229492187500004 19.145161628723148 31272.000000000004 30050000.000000004 68.500000000000014 707.50000000000011 702.47500610351574 1323.8333129882815 90.500000000000014 2.8556319475173955 1546.0000000000002 997.29165649414074 47700000.000000007 54.510396957397468 7.4166667461395273 5105459.5000000009 10750000.000000002 2.1777448654174809 49536.500000000007 4706762.2500000009
decision_type=2 2 2 2 2 2 2 2 2 2 2 2 2 2 2 2 2 2 2 2 2 2 2 2 2 2 2 2 2 2
left_child=3 2 -2 5 17 6 21 -4 9 10 -9 -3 -12 15 -13 19 18 -5 20 -14 -16 26 23 24 25 27 28 -21 -1 -26
right_child=1 11 7 4 -6 -7 -8 8 -10 -11 12 14 13 -15 16 -17 -18 -19 -20 22 -22 -23 -24 -25 29 -27 -28 -29 -30 -31
leaf_value=-0.050010580895288197 -0.050811932146742504 -0.050013978096416778 0.050022616829599145 -0.050010578548075918 0.050031792005180112 -0.050069172807970498 -0.050035658374859598 0.050013089249897363 0.050021027185070593 0.050014502660015482 0.050011309134690478 -0.050009858202249326 0.05001067511515294 0.050011217761216746 -0.050010586137312088 0.050010856966325783 -0.050010113169848359 -0.050010008522554487 -0.050010350719693009 0.050010593230930184 -0.05001049416771465 -0.05001049473769878 0.050010621606249972 0.050010595205625535 0.050010583157887305 0.050010582533470675 -0.050010565081782699 0.05001059950919582 -0.050010580816185327 0.050010581382494139
leaf_weight=0.29323458347062115 0.028737036103848368 0.002668162385816685 0.018544003600254655 0.0046938431187300003 0.017145368386991322 0.0074498910689726463 0.0076910336210858068 0.023286399780772626 0.017217434826306999 0.017265640606638044 0.013432535517495126 0.0027201987395528695 0.014723516709636897 0.016763467865530401 0.095079435719526373 0.012976000609342009 0.0040194440080085761 0.0024988352597574703 0.002481631971022579 0.015248613082803786 0.0025176324561471111 0.0026352866771048858 0.012738809455186129 0.015250166121404618 0.21516520634759218 0.034908260044176131 0.0032962277618935323 0.013349941116757691 0.034781895839842036 0.037442494358401746
leaf_count=2310 20 17 16 37 9 9 18 31 14 20 20 24 23 25 749 20 34 21 20 24 20 21 20 24 339 55 26 21 274 59
internal_value=2.51576e-05 0.02755 0.0442976 -0.045419 0.0204661 -0.0500124 -0.0500111 0.0500117 0.0500113 0.0500109 0.0500108 -0.0500106 0.0500106 0.0500106 -0.0500105 0.0500106 -0.0500106 -0.0500104 -0.0500106 0.0500106 -0.0500106 -0.0500106 0.0500106 0.0500106 0.0500106 0.0500106 -0.0500106 0.0500106 -0.0500106 0.0500106
internal_weight=0.989963 0.616536 0.50705 0.373427 0.024338 0.349089 0.341639 0.478312 0.459768 0.442551 0.425285 0.109487 0.401999 0.388566 0.106818 0.371803 0.104098 0.00719268 0.100079 0.358827 0.0975971 0.333948 0.344103 0.331365 0.316115 0.0635068 0.331313 0.0285986 0.328016 0.252608
internal_count=4320 1595 731 2725 67 2658 2649 711 695 681 661 864 630 610 847 585 823 58 789 565 769 2631 542 522 498 100 2610 45 2584 398
is_linear=0
shrinkage=0.05


Tree=156
num_leaves=31
num_cat=0
split_feature=67 6 40 51 5 40 5 1 24 21 14 40 18 22 39 24 8 52 19 14 41 29 17 73 2 16 1 25 1 12
split_gain=0.471147 0.304704 0.104843 0.0430002 0.0192953 8.45151e-09 1.6277e-09 7.85303e-10 5.81835e-10 7.90198e-11 4.50914e-11 1.05978e-11 2.08344e-12 2.11264e-12 4.45408e-13 3.05866e-13 2.83773e-13 1.81192e-13 4.39787e-14 3.85247e-14 6.93889e-15 6.35603e-15 5.44009e-15 6.10623e-16 8.88178e-16 2.84495e-16 2.77556e-16 2.22045e-16 8.32667e-17 8.32667e-17
threshold=1.5000000000000002 21.000000000000004 5.8285715579986581 1.5000000000000002 11598.000000000002 1298.497741699219 11619.500000000002 23699.500000000004 997.50000000000011 13850000.000000002 2.5229492187500004 19.145161628723148 31272.000000000004 30050000.000000004 68.500000000000014 707.50000000000011 702.47500610351574 1323.8333129882815 90.500000000000014 2.8556319475173955 2501.385375976563 1546.0000000000002 21750000.000000004 6025845.0000000009 4.5000000000000009 526180.37500000012 59488.000000000007 10750000.000000002 103197.50000000001 2899.5000000000005
decision_type=2 2 2 2 2 2 2 2 2 2 2 2 2 2 2 2 2 2 2 2 2 2 2 2 2 2 2 2 2 2
left_child=3 2 -2 5 17 6 20 -4 9 10 -9 -3 -12 15 -13 19 18 -5 21 -14 27 -16 23 24 26 -26 -21 -1 -28 -30
right_child=1 11 7 4 -6 -7 -8 8 -10 -11 12 14 13 -15 16 -17 -18 -19 -20 22 -22 -23 -24 -25 25 -27 28 -29 29 -31
leaf_value=-0.050010065743595289 -0.050772525082365516 -0.050013295465601453 0.050021514914698723 -0.050010059636480399 0.050030241112402209 -0.050065795727654072 -0.050033918866784627 0.050012450104847284 0.050020000505091804 0.050013794707285709 0.050010757490112405 -0.050009376849570741 0.050010155057241129 0.050010671050875692 -0.05001006587180739 0.050010327226974065 -0.0500096190042758 -0.050009519246428449 -0.05000984521806006 0.050010076094542825 -0.050009980023864475 -0.050009983338134105 0.050010102337669504 0.050010065712481878 0.050010084293730522 0.050010074553906297 0.050010065803266349 -0.050010053838887764 0.05001006953401646 0.050010065984412169
leaf_weight=0.31214230411569588 0.027356196253094822 0.0025380683146067886 0.017639980709645897 0.0044649666597251772 0.016309671686030924 0.0070870217168703667 0.007316185481613501 0.022150984266772866 0.016378058004193008 0.016423811961431056 0.012777560506947339 0.0025875573264784171 0.014005584176629782 0.015946073865052313 0.090443271037656814 0.012343281239736825 0.0038234501043916671 0.0023769882318447344 0.0023606245813425622 0.012690202391240746 0.0023865521288826122 0.0023948699672473586 0.01272263313876465 0.091764112992677838 0.012097189843188971 0.020545758598018438 0.016905185941141099 0.003135500206553842 0.13524196075741202 0.025357611710205674
leaf_count=2585 20 17 16 37 9 9 18 31 14 20 20 24 23 25 749 20 34 21 20 21 20 20 21 152 20 34 28 26 224 42
internal_value=2.51845e-05 0.0275488 0.0442952 -0.0454184 0.0204656 -0.0500118 -0.0500106 0.0500112 0.0500108 0.0500104 0.0500103 -0.0500101 0.0500101 0.0500101 -0.05001 0.0500101 -0.05001 -0.0500099 -0.0500101 0.0500101 -0.0500101 -0.0500101 0.0500101 0.0500101 0.0500101 0.0500101 0.0500101 -0.0500101 0.0500101 0.0500101
internal_weight=0.941713 0.586494 0.482346 0.355219 0.0231516 0.332068 0.324981 0.45499 0.43735 0.420972 0.404548 0.104148 0.382397 0.36962 0.10161 0.353674 0.0990222 0.00684195 0.0951988 0.34133 0.317664 0.0928381 0.327325 0.314602 0.222838 0.0326429 0.190195 0.315278 0.177505 0.1606
internal_count=4320 1595 731 2725 67 2658 2649 711 695 681 661 864 630 610 847 585 823 58 789 565 2631 769 542 521 369 54 315 2611 294 266
is_linear=0
shrinkage=0.05


Tree=157
num_leaves=31
num_cat=0
split_feature=67 6 40 51 5 40 5 1 24 21 14 40 18 22 39 24 8 52 19 14 40 29 17 52 1 15 25 2 16 16
split_gain=0.448158 0.289832 0.0997222 0.0409028 0.0183538 7.27274e-09 1.40088e-09 6.75815e-10 5.00938e-10 6.79832e-11 3.87812e-11 9.11832e-12 1.78757e-12 1.81927e-12 3.83291e-13 2.63567e-13 2.4343e-13 1.572e-13 3.7817e-14 3.16414e-14 5.93969e-15 5.32907e-15 4.996e-15 8.32667e-16 1.13104e-15 3.05311e-16 2.22045e-16 1.38778e-16 1.17961e-16 8.32667e-17
threshold=1.5000000000000002 21.000000000000004 5.8285715579986581 1.5000000000000002 11598.000000000002 1298.497741699219 11619.500000000002 23699.500000000004 997.50000000000011 13850000.000000002 2.5229492187500004 19.145161628723148 31272.000000000004 30050000.000000004 68.500000000000014 707.50000000000011 702.47500610351574 1323.8333129882815 90.500000000000014 2.8556319475173955 997.29165649414074 1546.0000000000002 21750000.000000004 7.4166667461395273 5105459.5000000009 143.40257263183597 10750000.000000002 3.5000000000000004 526180.37500000012 20100.083007812504
decision_type=2 2 2 2 2 2 2 2 2 2 2 2 2 2 2 2 2 2 2 2 2 2 2 2 2 2 2 2 2 2
left_child=3 2 -2 5 17 6 20 -4 9 10 -9 -3 -12 15 -13 19 18 -5 21 -14 26 -16 23 24 28 27 -1 29 -21 -25
right_child=1 11 7 4 -6 -7 -8 8 -10 -11 12 14 13 -15 16 -17 -18 -19 -20 22 -22 -23 -24 25 -26 -27 -28 -29 -30 -31
leaf_value=-0.050009574547147301 -0.050735015927502958 -0.050012646425217161 0.050020464244605836 -0.050009570314396401 0.050028765258938471 -0.05006257935575973 -0.050032263220298037 0.050011841580032704 0.050019025779508654 0.05001312064651741 0.050010231403507112 -0.050008919569987487 0.050009657620495841 0.050010150297813798 -0.05000957487350649 0.050009823224246443 -0.050009150533149631 -0.050009054233727868 -0.050009365032740817 0.050009594113892719 -0.050009495153047971 -0.050009497326655952 0.050009610166647012 0.05000957463413154 0.050009576453354646 0.050009584156116088 -0.050009562565504276 0.050009574352406432 0.050009587562916048 0.050009577246786785
leaf_weight=0.29680741566698998 0.026040771044790745 0.0024143158370861775 0.016780012228991836 0.0042472482382436274 0.015514685888774693 0.0067418057005852452 0.0069595954846590749 0.021070917777251452 0.015579586732201278 0.015623018145561218 0.012154515949077904 0.0024613826099084682 0.013322652725037187 0.015168528712820262 0.086033123239758424 0.011741407623048872 0.0036370114539749912 0.0022610816668020561 0.0022455165963037862 0.011507312883622944 0.0023845522591727777 0.0022780923827667712 0.012102259148377925 0.022972690756432712 0.031586919561959803 0.011497101164422929 0.0029826085883541955 0.088438768172636628 0.016672325320541859 0.11658644821727648
leaf_count=2584 20 17 16 37 9 9 18 31 14 20 20 24 23 25 749 20 34 21 20 20 21 20 21 40 55 20 26 154 29 203
internal_value=2.52104e-05 0.0275476 0.044293 -0.0454178 0.0204651 -0.0500112 -0.0500101 0.0500106 0.0500102 0.0500099 0.0500098 -0.0500096 0.0500096 0.0500096 -0.0500095 0.0500096 -0.0500096 -0.0500094 -0.0500096 0.0500096 -0.0500096 -0.0500096 0.0500096 0.0500096 0.0500096 0.0500096 -0.0500096 0.0500096 0.0500096 0.0500096
internal_weight=0.895814 0.557915 0.458845 0.337899 0.022023 0.315876 0.309134 0.432804 0.416024 0.400445 0.384822 0.0990694 0.363751 0.351596 0.0966551 0.336428 0.0941937 0.00650833 0.0905567 0.324686 0.302175 0.0883112 0.311364 0.299262 0.0597666 0.239495 0.29979 0.227998 0.0281796 0.139559
internal_count=4320 1595 731 2725 67 2658 2649 711 695 681 661 864 630 610 847 585 823 58 789 565 2631 769 542 521 104 417 2610 397 49 243
is_linear=0
shrinkage=0.05


Tree=158
num_leaves=31
num_cat=0
split_feature=67 6 40 51 5 40 5 1 24 21 14 40 18 22 39 24 8 52 19 14 40 29 74 52 1 14 27 16 73 0
split_gain=0.426292 0.275686 0.0948519 0.0389076 0.0174583 6.25923e-09 1.20577e-09 5.81853e-10 4.31126e-10 5.85378e-11 3.33994e-11 7.84441e-12 1.53805e-12 1.56658e-12 3.32664e-13 2.25597e-13 2.1072e-13 1.35829e-13 3.34455e-14 2.7589e-14 4.996e-15 4.98213e-15 4.38538e-15 5.55112e-16 1.00614e-15 2.498e-16 1.66533e-16 1.56125e-16 8.32667e-17 5.55112e-17
threshold=1.5000000000000002 21.000000000000004 5.8285715579986581 1.5000000000000002 11598.000000000002 1298.497741699219 11619.500000000002 23699.500000000004 997.50000000000011 13850000.000000002 2.5229492187500004 19.145161628723148 31272.000000000004 30050000.000000004 68.500000000000014 707.50000000000011 702.47500610351574 1323.8333129882815 90.500000000000014 2.8556319475173955 997.29165649414074 1546.0000000000002 47700000.000000007 7.4166667461395273 5105459.5000000009 210582.96093750003 2713426.5000000005 526180.37500000012 35700000.000000007 53893.000000000007
decision_type=2 2 2 2 2 2 2 2 2 2 2 2 2 2 2 2 2 2 2 2 2 2 2 2 2 2 2 2 2 2
left_child=3 2 -2 5 17 6 20 -4 9 10 -9 -3 -12 15 -13 19 18 -5 21 -14 26 -16 23 24 27 28 29 -21 -25 -1
right_child=1 11 7 4 -6 -7 -8 8 -10 -11 12 14 13 -15 16 -17 -18 -19 -20 22 -22 -23 -24 25 -26 -27 -28 -29 -30 -31
leaf_value=-0.050009106477153703 -0.050699322870081415 -0.050012030253506791 0.050019467644361687 -0.050009103626880519 0.050027360511437982 -0.050059522900298817 -0.05003068851430871 0.050011264728282351 0.050018097558560862 0.050012481468734507 0.050009732368202033 -0.050008483455390822 0.050009186997349624 0.050009655429274338 -0.050009109489580088 0.050009343608002202 -0.050008704555881911 -0.050008611763908799 -0.050008907171872757 0.050009126624613591 -0.050009031447416689 -0.050009032629405585 0.050009142798251874 0.050009109351496661 0.050009108713143548 0.050009116898885375 -0.05000909550156693 0.050009118900524389 0.050009107269606216 -0.050009106516757156
leaf_weight=0.27687067668011878 0.024787747446680441 0.0022965958269196554 0.015961951634380966 0.004040144238388165 0.014758429722860456 0.0064133854466490439 0.0066203750611748538 0.020043502212502062 0.014820029377005994 0.014861260075122118 0.011561845720279962 0.0023413594608427948 0.012673015880864114 0.014428889902774245 0.081837983379955404 0.011168876604642719 0.0034596624027471981 0.002150825945136603 0.0021360204773372962 0.010946194524876773 0.0022682767739752299 0.0021670081041520453 0.010964711371343583 0.18847749137785286 0.030046681291423738 0.010936483333352953 0.0022915802692295975 0.015859350969549268 0.028950215841177851 0.0060094353539170689
leaf_count=2534 20 17 16 37 9 9 18 31 14 20 20 24 23 25 749 20 34 21 20 20 21 20 20 345 55 20 21 29 53 55
internal_value=2.52351e-05 0.0275465 0.0442909 -0.0454173 0.0204646 -0.0500107 -0.0500096 0.0500101 0.0500097 0.0500094 0.0500093 -0.0500091 0.0500092 0.0500091 -0.0500091 0.0500091 -0.0500091 -0.0500089 -0.0500091 0.0500091 -0.0500091 -0.0500091 0.0500091 0.0500091 0.0500091 0.0500091 -0.0500091 0.0500091 0.0500091 -0.0500091
internal_weight=0.85215 0.530727 0.436488 0.321423 0.0209494 0.300474 0.29406 0.411701 0.395739 0.380919 0.366057 0.0942386 0.346014 0.334452 0.091942 0.320023 0.0896007 0.00619097 0.086141 0.308854 0.28744 0.084005 0.296181 0.285216 0.0568522 0.228364 0.285172 0.0268055 0.217428 0.28288
internal_count=4320 1595 731 2725 67 2658 2649 711 695 681 661 864 630 610 847 585 823 58 789 565 2631 769 542 522 104 418 2610 49 398 2589
is_linear=0
shrinkage=0.05


Tree=159
num_leaves=31
num_cat=0
split_feature=67 6 40 51 5 40 5 1 24 21 14 40 18 22 39 24 8 52 19 14 41 29 17 20 2 35 17 25 14 19
split_gain=0.405493 0.262231 0.0902198 0.0370098 0.0166065 5.38666e-09 1.0378e-09 5.00751e-10 3.70937e-10 5.04017e-11 2.8653e-11 6.75326e-12 1.32588e-12 1.33932e-12 2.84231e-13 1.94456e-13 1.80328e-13 1.16847e-13 2.77001e-14 2.21489e-14 4.44089e-15 4.10783e-15 3.55271e-15 5.55112e-16 5.82867e-16 1.94289e-16 1.42247e-16 1.11022e-16 5.55112e-17 7.28584e-17
threshold=1.5000000000000002 21.000000000000004 5.8285715579986581 1.5000000000000002 11598.000000000002 1298.497741699219 11619.500000000002 23699.500000000004 997.50000000000011 13850000.000000002 2.5229492187500004 19.145161628723148 31272.000000000004 30050000.000000004 68.500000000000014 707.50000000000011 702.47500610351574 1323.8333129882815 90.500000000000014 2.8556319475173955 2501.385375976563 1546.0000000000002 21750000.000000004 4848504.5000000009 4.5000000000000009 106.00000000000001 1082916.1875000002 37350000.000000007 74025.175781250015 16.500000000000004
decision_type=2 2 2 2 2 2 2 2 2 2 2 2 2 2 2 2 2 2 2 2 2 2 2 2 2 2 2 2 2 2
left_child=3 2 -2 5 17 6 20 -4 9 10 -9 -3 -12 15 -13 19 18 -5 21 -14 27 -16 23 24 25 -21 -26 -1 -27 -30
right_child=1 11 7 4 -6 -7 -8 8 -10 -11 12 14 13 -15 16 -17 -18 -19 -20 22 -22 -23 -24 -25 26 28 -28 -29 29 -31
leaf_value=-0.050008663178219559 -0.050665354494759021 -0.050011442254617691 0.050018517759046893 -0.050008659462107655 0.050026027362497338 -0.050056616297173485 -0.050029192194867601 0.050010712419849161 0.050017213541367969 0.050011873442053691 0.050009258494973556 -0.05000807017567465 0.050008737147811969 0.050009183243334698 -0.05000866341122643 0.050008888450681556 -0.050008279459678576 -0.050008191715384315 -0.050008474628261114 0.050008664615747878 -0.050008588880623095 -0.050008591875102752 0.050008695717571799 0.050008663567006242 0.050008679333326193 0.050008668801310531 0.050008671938109386 -0.050008654629658304 0.050008663991190444 0.050008669457029468
leaf_weight=0.26918939786992269 0.023594244004925713 0.0021846145682502529 0.015183759271167219 0.0038431373759522094 0.014039017260074615 0.0061009463388472787 0.0062976791232358656 0.019066174048930407 0.014097490638960153 0.014136635407339782 0.010998069541528821 0.002227187953394604 0.012055050989147276 0.013725310796871781 0.077847371328971349 0.010624258604366332 0.003290959903097245 0.0020459456573007628 0.0020318627211963749 0.049891518312506378 0.0020541798803606062 0.0020613395754480726 0.010950772266369313 0.086779369157738984 0.011973055195994675 0.083667456754483283 0.013525390240829438 0.0021801484035677268 0.014031594386324286 0.010919487685896456
leaf_count=2590 20 17 16 37 9 9 18 31 14 20 20 24 23 25 749 20 34 21 20 96 20 20 21 167 23 161 26 21 27 21
internal_value=2.52585e-05 0.0275455 0.0442889 -0.0454168 0.0204642 -0.0500101 -0.0500091 0.0500096 0.0500093 0.0500089 0.0500088 -0.0500087 0.0500087 0.0500087 -0.0500086 0.0500087 -0.0500086 -0.0500085 -0.0500087 0.0500087 -0.0500087 -0.0500087 0.0500087 0.0500087 0.0500087 0.0500087 0.0500087 -0.0500087 0.0500087 0.0500087
internal_weight=0.810613 0.504863 0.41522 0.30575 0.0199281 0.285822 0.279721 0.391625 0.376442 0.362344 0.348208 0.0896433 0.329141 0.318143 0.0874587 0.304418 0.0852315 0.00588908 0.0819406 0.293794 0.273424 0.0799087 0.281739 0.270788 0.184009 0.15851 0.0254984 0.27137 0.108619 0.0249511
internal_count=4320 1595 731 2725 67 2658 2649 711 695 681 661 864 630 610 847 585 823 58 789 565 2631 769 542 521 354 305 49 2611 209 48
is_linear=0
shrinkage=0.05


Tree=160
num_leaves=31
num_cat=0
split_feature=67 6 40 51 5 40 5 1 24 21 14 40 18 22 39 24 8 52 19 14 41 29 17 52 1 14 25 8 16 1
split_gain=0.385709 0.249433 0.0858142 0.0352046 0.0157963 4.63557e-09 8.92802e-10 4.31059e-10 3.19397e-10 4.34038e-11 2.4749e-11 5.81382e-12 1.14947e-12 1.16251e-12 2.45887e-13 1.70919e-13 1.5643e-13 9.97397e-14 2.45359e-14 2.11497e-14 4.16334e-15 3.63598e-15 3.55271e-15 5.55112e-16 7.70217e-16 2.77556e-16 1.66533e-16 1.38778e-16 6.93889e-17 3.46945e-17
threshold=1.5000000000000002 21.000000000000004 5.8285715579986581 1.5000000000000002 11598.000000000002 1298.497741699219 11619.500000000002 23699.500000000004 997.50000000000011 13850000.000000002 2.5229492187500004 19.145161628723148 31272.000000000004 30050000.000000004 68.500000000000014 707.50000000000011 702.47500610351574 1323.8333129882815 90.500000000000014 2.8556319475173955 2501.385375976563 1546.0000000000002 21750000.000000004 7.4166667461395273 5105459.5000000009 210582.96093750003 10750000.000000002 6.9444444179534921 526180.37500000012 5128397.0000000009
decision_type=2 2 2 2 2 2 2 2 2 2 2 2 2 2 2 2 2 2 2 2 2 2 2 2 2 2 2 2 2 2
left_child=3 2 -2 5 17 6 20 -4 9 10 -9 -3 -12 15 -13 19 18 -5 21 -14 26 -16 23 24 28 27 -1 29 -21 -25
right_child=1 11 7 4 -6 -7 -8 8 -10 -11 12 14 13 -15 16 -17 -18 -19 -20 22 -22 -23 -24 25 -26 -27 -28 -29 -30 -31
leaf_value=-0.050008242488683269 -0.050633028988892007 -0.050010885792124066 0.050017614440613825 -0.050008235801828185 0.050024756434884479 -0.05005385177870228 -0.050027765142491604 0.050010192323681119 0.050016374769522212 0.050011294307509474 0.050008807836008765 -0.050007676547194214 0.050008313230733195 0.050008736253949415 -0.050008242378184048 0.05000845596181358 -0.050007875648914506 -0.050007792709242029 -0.050008060165710147 0.050008257162975855 -0.050008169016857409 -0.050008173482756983 0.050008272287443895 0.050008237275361515 0.05000824157232462 0.050008249201996639 -0.050008231296983258 0.050008241882854167 0.05000825147975662 0.050008239796656057
leaf_weight=0.25556958687957376 0.022457506682258099 0.0020780922059202558 0.01444349269149825 0.0036557354324031613 0.013354656868614256 0.0058037120033986858 0.0059907042304985217 0.018136490252800286 0.013410167419351637 0.013447335222736001 0.010461779427714646 0.0021185829900787203 0.011467214091680944 0.013056033232714981 0.074051319934369531 0.01010619243606925 0.0031304826552513978 0.0019461788615444675 0.0019327831905684425 0.0099046941613778472 0.001954012317582964 0.001960822854016441 0.010416782752145082 0.021750649670138955 0.027187820698600262 0.0098959067836403847 0.0025672216288512564 0.14533230080269277 0.01435037690680474 0.029161768790800124
leaf_count=2585 20 17 16 37 9 9 18 31 14 20 20 24 23 25 749 20 34 21 20 20 20 20 21 44 55 20 26 294 29 59
internal_value=2.5281e-05 0.0275444 0.044287 -0.0454163 0.0204637 -0.0500096 -0.0500087 0.0500091 0.0500088 0.0500085 0.0500084 -0.0500083 0.0500083 0.0500083 -0.0500082 0.0500083 -0.0500082 -0.0500081 -0.0500082 0.0500082 -0.0500082 -0.0500082 0.0500082 0.0500082 0.0500082 0.0500082 -0.0500082 0.0500082 0.0500083 0.0500082
internal_weight=0.7711 0.480259 0.394987 0.290842 0.0189566 0.271885 0.266082 0.372529 0.358086 0.344675 0.331228 0.0852721 0.313092 0.30263 0.083194 0.289574 0.0810754 0.00560191 0.0779449 0.279468 0.260091 0.0760121 0.268 0.257584 0.0514429 0.206141 0.258137 0.196245 0.0242551 0.0509124
internal_count=4320 1595 731 2725 67 2658 2649 711 695 681 661 864 630 610 847 585 823 58 789 565 2631 769 542 521 104 417 2611 397 49 103
is_linear=0
shrinkage=0.05


Tree=161
num_leaves=31
num_cat=0
split_feature=67 6 40 51 5 40 5 1 24 21 14 40 18 22 39 24 8 52 19 14 41 29 17 25 1 2 25 16 14 0
split_gain=0.366891 0.23726 0.081624 0.0334874 0.0150256 3.98991e-09 7.68283e-10 3.71077e-10 2.74988e-10 3.73211e-11 2.12749e-11 4.9966e-12 9.88931e-13 9.98202e-13 2.12219e-13 1.46383e-13 1.35905e-13 8.57231e-14 2.13163e-14 1.80411e-14 3.55271e-15 3.26128e-15 2.94209e-15 3.33067e-16 4.30211e-16 2.498e-16 1.66533e-16 9.71445e-17 9.02056e-17 2.77556e-17
threshold=1.5000000000000002 21.000000000000004 5.8285715579986581 1.5000000000000002 11598.000000000002 1298.497741699219 11619.500000000002 23699.500000000004 997.50000000000011 13850000.000000002 2.5229492187500004 19.145161628723148 31272.000000000004 30050000.000000004 68.500000000000014 707.50000000000011 702.47500610351574 1323.8333129882815 90.500000000000014 2.8556319475173955 2501.385375976563 1546.0000000000002 21750000.000000004 73114.500000000015 5105459.5000000009 4.5000000000000009 10750000.000000002 526180.37500000012 210582.96093750003 57573.000000000007
decision_type=2 2 2 2 2 2 2 2 2 2 2 2 2 2 2 2 2 2 2 2 2 2 2 2 2 2 2 2 2 2
left_child=3 2 -2 5 17 6 20 -4 9 10 -9 -3 -12 15 -13 19 18 -5 21 -14 26 -16 23 24 25 28 29 -27 -21 -1
right_child=1 11 7 4 -6 -7 -8 8 -10 -11 12 14 13 -15 16 -17 -18 -19 -20 22 -22 -23 -24 -25 -26 27 -28 -29 -30 -31
leaf_value=-0.050007841055240268 -0.050602265279355123 -0.050010353379476652 0.050016755672328432 -0.050007834981222535 0.050023546725772298 -0.050051225050611083 -0.050026409395601407 0.050009693837131421 0.050015576836507827 0.050010741783097418 0.050008377893400568 -0.050007301868882859 0.050007907206868318 0.050008309413540147 -0.050007840921348704 0.050008042816448078 -0.050007490413855098 -0.050007413805634227 -0.050007666820386154 0.050007841141244014 -0.050007771615326595 -0.05000777387856075 0.050007868068591976 0.05000783884896997 0.050007839211051501 0.050007853364175625 -0.050007827796220761 0.050007846703934655 0.050007846734070632 -0.050007841088087313
leaf_weight=0.24047394783701748 0.021374900694354437 0.001976762985577806 0.013739305373746902 0.0034774703162838696 0.012703641783446074 0.0055209443089552215 0.0056986846611835054 0.017252130259294063 0.01275634445482865 0.012791638320777565 0.0099516357004176825 0.0020152731667621984 0.010908037860644981 0.012419386359397322 0.070440346265968401 0.0096133850165642798 0.0029778295356663867 0.0018512762908358127 0.0018385343500995069 0.024922095326473936 0.0018587284357636227 0.0018652069193194612 0.0099088283313903958 0.13307007343973964 0.054545102029806003 0.0094217104488052428 0.0024420359259238458 0.013650608365423977 0.0094133515667635947 0.0026332713314332059
leaf_count=2557 20 17 16 37 9 9 18 31 14 20 20 24 23 25 749 20 34 21 20 53 20 20 21 283 116 20 26 29 20 28
internal_value=2.53017e-05 0.0275435 0.0442852 -0.0454159 0.0204633 -0.0500092 -0.0500083 0.0500087 0.0500084 0.0500081 0.050008 -0.0500079 0.0500079 0.0500079 -0.0500078 0.0500079 -0.0500078 -0.0500077 -0.0500078 0.0500078 -0.0500078 -0.0500078 0.0500078 0.0500078 0.0500078 0.0500078 -0.0500078 0.0500078 0.0500078 -0.0500078
internal_weight=0.733512 0.456852 0.375739 0.27666 0.0180324 0.258628 0.253107 0.354364 0.340624 0.327868 0.315076 0.081114 0.297824 0.287873 0.0791372 0.275453 0.0771219 0.00532875 0.0741441 0.26584 0.247408 0.0723056 0.254932 0.245023 0.111953 0.0574078 0.245549 0.0230723 0.0343354 0.243107
internal_count=4320 1595 731 2725 67 2658 2649 711 695 681 661 864 630 610 847 585 823 58 789 565 2631 769 542 521 238 122 2611 49 73 2585
is_linear=0
shrinkage=0.05


Tree=162
num_leaves=31
num_cat=0
split_feature=67 6 40 51 5 40 5 1 24 21 14 40 18 22 39 24 8 52 19 14 41 29 17 25 16 52 26 16 0 25
split_gain=0.348991 0.225682 0.0776387 0.031854 0.0142925 3.43503e-09 6.61603e-10 3.1933e-10 2.36629e-10 3.21136e-11 1.83459e-11 4.30382e-12 8.46045e-13 8.59035e-13 1.82507e-13 1.26954e-13 1.16546e-13 7.46469e-14 1.81244e-14 1.58207e-14 2.69229e-15 2.63678e-15 2.33147e-15 3.60822e-16 4.57967e-16 1.73472e-16 9.36751e-17 5.55112e-17 2.77556e-17 2.77556e-17
threshold=1.5000000000000002 21.000000000000004 5.8285715579986581 1.5000000000000002 11598.000000000002 1298.497741699219 11619.500000000002 23699.500000000004 997.50000000000011 13850000.000000002 2.5229492187500004 19.145161628723148 31272.000000000004 30050000.000000004 68.500000000000014 707.50000000000011 702.47500610351574 1323.8333129882815 90.500000000000014 2.8556319475173955 2501.385375976563 1546.0000000000002 21750000.000000004 61019.500000000007 1267697.7500000002 7.4166667461395273 8338.1665039062518 526180.37500000012 1687.5000000000002 17550000.000000004
decision_type=2 2 2 2 2 2 2 2 2 2 2 2 2 2 2 2 2 2 2 2 2 2 2 2 2 2 2 2 2 2
left_child=3 2 -2 5 17 6 20 -4 9 10 -9 -3 -12 15 -13 19 18 -5 21 -14 28 -16 23 24 25 27 -27 -21 29 -1
right_child=1 11 7 4 -6 -7 -8 8 -10 -11 12 14 13 -15 16 -17 -18 -19 -20 22 -22 -23 -24 -25 -26 26 -28 -29 -30 -31
leaf_value=-0.050007454177202398 -0.050572994517059794 -0.050009849031445092 0.050015937869637074 -0.050007452920287555 0.050022399477841366 -0.050048726750547626 -0.050025121275335295 0.050009222809769577 0.050014816477386592 0.050010217751500642 0.050007968042968115 -0.050006945653216298 0.050007522279283317 0.050007904298820322 -0.050007458115351816 0.05000765150339808 -0.050007125386269197 -0.050007049948815774 -0.050007293511359407 0.050007470251675269 -0.050007392250822104 -0.050007396306236976 0.050007483576852779 0.050007456654151509 0.05000745729333194 0.050007458714702614 0.050007465136903198 0.050007465151613174 -0.050007454111140895 -0.050007448912465696
leaf_weight=0.13928740070696222 0.020343906755442731 0.0018803735947585656 0.013069439621176571 0.0033078967680921769 0.012084348010830581 0.005251940223388373 0.0054208924993872634 0.01641088497126475 0.01213438983540982 0.012167907319962978 0.0094663642812520266 0.0019170004707120816 0.010376124671893194 0.011813779070507735 0.067005430915742181 0.0091446047008503228 0.0028326192586973767 0.0017610009308555163 0.0017488806988694696 0.0089622752275317907 0.001768090223777107 0.0017742528070812105 0.0094256396405398846 0.13239597986103036 0.055463700846303254 0.014312694547697902 0.0089551604178268462 0.012984957022126764 0.092411287958384492 0.0018767385408864348
leaf_count=1557 20 17 16 37 9 9 18 31 14 20 20 24 23 25 749 20 34 21 20 20 20 20 21 296 124 32 20 29 1033 21
internal_value=2.53228e-05 0.0275426 0.0442834 -0.0454154 0.020463 -0.0500087 -0.0500079 0.0500083 0.050008 0.0500077 0.0500076 -0.0500075 0.0500075 0.0500075 -0.0500074 0.0500075 -0.0500074 -0.0500073 -0.0500075 0.0500075 -0.0500075 -0.0500075 0.0500075 0.0500075 0.0500075 0.0500075 0.0500075 0.0500075 -0.0500075 -0.0500075
internal_weight=0.697756 0.434586 0.357428 0.26317 0.0171532 0.246016 0.240764 0.337084 0.324014 0.31188 0.299712 0.0771586 0.283301 0.273835 0.0752782 0.262021 0.0733612 0.0050689 0.0705286 0.252877 0.235344 0.0687797 0.2425 0.233075 0.100679 0.0452151 0.0232679 0.0219472 0.233575 0.141164
internal_count=4320 1595 731 2725 67 2658 2649 711 695 681 661 864 630 610 847 585 823 58 789 565 2631 769 542 521 225 101 52 49 2611 1578
is_linear=0
shrinkage=0.05


Tree=163
num_leaves=31
num_cat=0
split_feature=67 6 40 51 5 40 5 1 24 21 14 40 18 22 39 24 8 52 19 14 40 29 74 52 1 15 25 16 0 1
split_gain=0.331965 0.214668 0.0738481 0.0303003 0.0135952 2.9551e-09 5.6939e-10 2.74905e-10 2.03735e-10 2.76562e-11 1.57794e-11 3.71214e-12 7.29139e-13 7.40186e-13 1.56236e-13 1.06998e-13 9.788e-14 6.32584e-14 1.54043e-14 1.35447e-14 2.35922e-15 2.2482e-15 2.05391e-15 2.498e-16 4.51028e-16 1.66533e-16 1.38778e-16 6.93889e-17 2.77556e-17 2.77556e-17
threshold=1.5000000000000002 21.000000000000004 5.8285715579986581 1.5000000000000002 11598.000000000002 1298.497741699219 11619.500000000002 23699.500000000004 997.50000000000011 13850000.000000002 2.5229492187500004 19.145161628723148 31272.000000000004 30050000.000000004 68.500000000000014 707.50000000000011 702.47500610351574 1323.8333129882815 90.500000000000014 2.8556319475173955 997.29165649414074 1546.0000000000002 47700000.000000007 7.4166667461395273 5105459.5000000009 143.40257263183597 10750000.000000002 526180.37500000012 9009.5000000000018 9916241.5000000019
decision_type=2 2 2 2 2 2 2 2 2 2 2 2 2 2 2 2 2 2 2 2 2 2 2 2 2 2 2 2 2 2
left_child=3 2 -2 5 17 6 20 -4 9 10 -9 -3 -12 15 -13 19 18 -5 21 -14 26 -16 23 24 27 29 28 -21 -1 -25
right_child=1 11 7 4 -6 -7 -8 8 -10 -11 12 14 13 -15 16 -17 -18 -19 -20 22 -22 -23 -24 25 -26 -27 -28 -29 -30 -31
leaf_value=-0.050007092432561399 -0.050545138081933741 -0.050009369504347513 0.050015161249520226 -0.050007089142075078 0.050021305244494642 -0.050046341554706941 -0.050023896796307588 0.05000877235855803 0.050014094848022994 0.050009720023001185 0.050007579647320603 -0.050006606547502302 0.050007155249567371 0.050007518950119567 -0.050007092564240879 0.050007276392168447 -0.050006779872885848 -0.050006708792727075 -0.050006937008915314 0.050007106596518171 -0.05000703438395579 -0.050007034177710713 0.05000711947319976 0.050007093477508549 0.050007092981227408 0.050007100779148966 -0.050007081922714594 0.050007100793507279 -0.050007092381912657 0.050007092501827777
leaf_weight=0.18287376478838269 0.019362118211574852 0.0017886834029923184 0.012432223826181144 0.0031465910215047179 0.01149523223284632 0.0049960318137891582 0.0051566357142291954 0.015610653907060623 0.011542751104570925 0.011574583943001926 0.0090047524718102068 0.0018235192837892092 0.0098701455863192677 0.011237698665354401 0.063737991127709392 0.0086986804672051221 0.0026944889286824028 0.0016751270668464713 0.0016635983120067968 0.0085252404096536338 0.0017666041312622829 0.0016877333328011437 0.008539662987459451 0.14466477441601455 0.023401297774398699 0.0085176744614727795 0.0022096775719546704 0.012351760873571038 0.037017210968770087 0.024674748390680179
leaf_count=2149 20 17 16 37 9 9 18 31 14 20 20 24 23 25 749 20 34 21 20 20 21 20 20 340 55 20 26 29 435 58
internal_value=2.53423e-05 0.0275417 0.0442818 -0.045415 0.0204626 -0.0500083 -0.0500075 0.0500079 0.0500076 0.0500073 0.0500072 -0.0500071 0.0500071 0.0500071 -0.0500071 0.0500071 -0.0500071 -0.050007 -0.0500071 0.0500071 -0.0500071 -0.0500071 0.0500071 0.0500071 0.0500071 0.0500071 -0.0500071 0.0500071 -0.0500071 0.0500071
internal_weight=0.663742 0.413405 0.340009 0.250337 0.016317 0.23402 0.229024 0.320647 0.308214 0.296672 0.285097 0.073396 0.269486 0.260482 0.0716073 0.249244 0.0697838 0.00482172 0.0670893 0.240545 0.223867 0.0654257 0.230675 0.222135 0.0442783 0.177857 0.222101 0.020877 0.219891 0.16934
internal_count=4320 1595 731 2725 67 2658 2649 711 695 681 661 864 630 610 847 585 823 58 789 565 2631 769 542 522 104 418 2610 49 2584 398
is_linear=0
shrinkage=0.05


Tree=164
num_leaves=31
num_cat=0
split_feature=67 6 40 51 5 40 5 1 24 21 14 40 18 22 39 24 8 52 19 14 29 40 74 52 1 15 14 25 10 66
split_gain=0.315769 0.204193 0.0702429 0.0288223 0.0129319 2.54427e-09 4.89936e-10 2.36578e-10 1.75243e-10 2.37978e-11 1.3579e-11 3.18055e-12 6.28109e-13 6.35769e-13 1.3578e-13 9.28424e-14 8.72358e-14 5.4629e-14 1.39333e-14 1.14075e-14 2.24126e-15 1.94289e-15 1.80411e-15 3.05311e-16 4.16334e-16 1.66533e-16 5.55112e-17 5.55112e-17 2.77556e-17 2.77556e-17
threshold=1.5000000000000002 21.000000000000004 5.8285715579986581 1.5000000000000002 11598.000000000002 1298.497741699219 11619.500000000002 23699.500000000004 997.50000000000011 13850000.000000002 2.5229492187500004 19.145161628723148 31272.000000000004 30050000.000000004 68.500000000000014 707.50000000000011 702.47500610351574 1323.8333129882815 90.500000000000014 2.8556319475173955 1546.0000000000002 997.29165649414074 47700000.000000007 7.4166667461395273 5105459.5000000009 143.40257263183597 1236.6773071289065 17550000.000000004 8681.5000000000018 232.00000000000003
decision_type=2 2 2 2 2 2 2 2 2 2 2 2 2 2 2 2 2 2 2 2 2 2 2 2 2 2 2 2 2 2
left_child=3 2 -2 5 17 6 21 -4 9 10 -9 -3 -12 15 -13 19 18 -5 20 -14 29 27 23 24 -21 26 -25 28 -1 -16
right_child=1 11 7 4 -6 -7 -8 8 -10 -11 12 14 13 -15 16 -17 -18 -19 -20 22 -22 -23 -24 25 -26 -27 -28 -29 -30 -31
leaf_value=-0.050006745878549766 -0.050518633433856611 -0.050008910299292678 0.050014421153371458 -0.050006742745914268 0.050020270005475188 -0.050044085805660748 -0.050022728286888751 0.050008344394364503 0.050013405314998483 0.050009245662375662 0.050007210171290617 -0.050006284996890776 0.050006805684418489 0.050007151870744587 -0.050006747421135617 0.050006922207650656 -0.050006447063197935 -0.05000638034271572 -0.050006598125579366 0.050006757471812602 -0.050006690038693603 -0.050006691627308947 0.050006772545665115 0.050006746117824089 0.050006747570702663 0.050006754108714871 0.050006747948312696 -0.050006739428076999 -0.050006750238424283 -0.050006750266395852
leaf_weight=0.20714321032573935 0.018427235670969822 0.0017014635013765647 0.011826067697256804 0.0029931501849205242 0.01093482447322458 0.0047525815316475919 0.0049052550166379652 0.014849436964141205 0.010979951766785234 0.011010186572093517 0.0085656471783295274 0.0017345960914099115 0.009388836711877957 0.010689706192351878 0.0084996255463920534 0.0082744980172719806 0.0025630937343521501 0.0015934403490973637 0.0015824741130927569 0.019858951796777546 0.0016054323859862043 0.0016804570732347193 0.0081232336233370006 0.059897579223616049 0.022260153345996514 0.0081023173697758466 0.10118424403481185 0.0018597910966491318 0.0022671083061140953 0.052130232819763478
leaf_count=2559 20 17 16 37 9 9 18 31 14 20 20 24 23 25 105 20 34 21 20 49 20 21 20 148 55 20 250 23 28 644
internal_value=2.53602e-05 0.0275409 0.0442802 -0.0454146 0.0204622 -0.0500079 -0.0500071 0.0500075 0.0500072 0.050007 0.0500069 -0.0500068 0.0500068 0.0500068 -0.0500067 0.0500068 -0.0500067 -0.0500066 -0.0500067 0.0500068 -0.0500067 -0.0500067 0.0500067 0.0500067 0.0500068 0.0500067 0.0500067 -0.0500067 -0.0500067 -0.0500067
internal_weight=0.631385 0.393255 0.323438 0.23813 0.0155214 0.222608 0.217856 0.305011 0.293185 0.282205 0.271195 0.0698169 0.256345 0.24778 0.0681155 0.23709 0.0663809 0.00458659 0.0638178 0.228815 0.0622353 0.212951 0.219426 0.211303 0.0421191 0.169184 0.161082 0.21127 0.20941 0.0606299
internal_count=4320 1595 731 2725 67 2658 2649 711 695 681 661 864 630 610 847 585 823 58 789 565 769 2631 542 522 104 418 398 2610 2587 749
is_linear=0
shrinkage=0.05


Tree=165
num_leaves=31
num_cat=0
split_feature=67 6 40 51 5 40 5 1 24 21 14 40 18 22 39 24 8 52 19 14 9 29 17 17 52 27 1 16 3 15
split_gain=0.300364 0.194229 0.0668138 0.0274165 0.0123011 2.18871e-09 4.21637e-10 2.03583e-10 1.50788e-10 2.04864e-11 1.16674e-11 2.74032e-12 5.40956e-13 5.46702e-13 1.17503e-13 7.89091e-14 7.47458e-14 4.72573e-14 1.16712e-14 9.74221e-15 1.9984e-15 1.84575e-15 1.41553e-15 2.498e-16 2.77556e-16 8.32667e-17 6.93889e-17 4.85723e-17 4.16334e-17 4.16334e-17
threshold=1.5000000000000002 21.000000000000004 5.8285715579986581 1.5000000000000002 11598.000000000002 1298.497741699219 11619.500000000002 23699.500000000004 997.50000000000011 13850000.000000002 2.5229492187500004 19.145161628723148 31272.000000000004 30050000.000000004 68.500000000000014 707.50000000000011 702.47500610351574 1323.8333129882815 90.500000000000014 2.8556319475173955 204.4507751464844 1546.0000000000002 21750000.000000004 2161773.6250000005 7.4166667461395273 94680.410156250015 59488.000000000007 526180.37500000012 4.5000000000000009 50.28321838378907
decision_type=2 2 2 2 2 2 2 2 2 2 2 2 2 2 2 2 2 2 2 2 2 2 2 2 2 2 2 2 2 2
left_child=3 2 -2 5 17 6 20 -4 9 10 -9 -3 -12 15 -13 19 18 -5 21 -14 25 -16 23 24 27 -1 -26 -21 -28 -30
right_child=1 11 7 4 -6 -7 -8 8 -10 -11 12 14 13 -15 16 -17 -18 -19 -20 22 -22 -23 -24 -25 26 -27 28 -29 29 -31
leaf_value=-0.050006420802793397 -0.050493414026242946 -0.050008476725892183 0.050013717490642907 -0.050006413632190327 0.050019279205498535 -0.050041929350337203 -0.050021622400223356 0.050007936658914467 0.050012751019672758 0.050008795364150552 0.050006859157977236 -0.050005977277847259 0.050006474147156033 0.050006803389566847 -0.050006420525938081 0.050006584138019228 -0.05000613326631325 -0.050006068032000243 -0.050006278046779033 0.050006430222800574 -0.050006373658017939 -0.050006364789571947 0.050006441279733693 0.050006417705980757 0.050006424114694747 -0.050006413293170938 0.050006418045622329 0.050006424792867855 0.050006420930218447 0.050006418892313144
leaf_weight=0.19843027438037097 0.017537063278723508 0.0016184958440135224 0.011249457631492987 0.0028471908008214095 0.010401727049611509 0.0045209853560663751 0.0046661236847285173 0.014125333604170009 0.010444586514495313 0.010473305272171274 0.0081479513610247523 0.0016500087076565242 0.0089309956238139421 0.010168432112550363 0.057673275958222803 0.0078709977678954601 0.0024381051262025713 0.0015157365633058362 0.0015053053648443884 0.0077140582725405684 0.002289326977916061 0.0015271442389348513 0.0081128882593475282 0.067756349715637043 0.0080922063789330423 0.0018465316097717724 0.030029833462322131 0.010405690933112055 0.063525092147756368 0.013090142281726003
leaf_count=2577 20 17 16 37 9 9 18 31 14 20 20 24 23 25 749 20 34 21 20 20 30 20 21 176 21 24 78 27 165 34
internal_value=2.53773e-05 0.0275401 0.0442787 -0.0454142 0.0204619 -0.0500075 -0.0500068 0.0500071 0.0500069 0.0500066 0.0500065 -0.0500064 0.0500065 0.0500064 -0.0500064 0.0500064 -0.0500064 -0.0500063 -0.0500064 0.0500064 -0.0500064 -0.0500064 0.0500064 0.0500064 0.0500064 -0.0500064 0.0500064 0.0500064 0.0500064 0.0500064
internal_weight=0.600605 0.374087 0.307674 0.226518 0.0147647 0.211753 0.207232 0.290137 0.278888 0.268443 0.25797 0.0664123 0.243845 0.235697 0.0647938 0.225528 0.0631438 0.00436293 0.0607057 0.217657 0.202566 0.0592004 0.208726 0.200613 0.132857 0.200277 0.114737 0.0181197 0.106645 0.0766152
internal_count=4320 1595 731 2725 67 2658 2649 711 695 681 661 864 630 610 847 585 823 58 789 565 2631 769 542 521 345 2601 298 47 277 199
is_linear=0
shrinkage=0.05


Tree=166
num_leaves=31
num_cat=0
split_feature=67 6 40 51 5 40 5 1 24 21 14 40 18 22 39 24 8 52 19 14 29 40 17 52 1 1 16 66 6 19
split_gain=0.285711 0.184752 0.0635522 0.0260793 0.0117009 1.88422e-09 3.63068e-10 1.75315e-10 1.29872e-10 1.76489e-11 1.00544e-11 2.3576e-12 4.6807e-13 4.73538e-13 1.011e-13 6.98885e-14 6.5753e-14 4.03488e-14 1.03181e-14 8.74301e-15 1.63758e-15 1.4988e-15 1.38778e-15 3.05311e-16 3.53884e-16 1.38778e-16 3.46945e-17 3.46945e-17 2.77556e-17 2.77556e-17
threshold=1.5000000000000002 21.000000000000004 5.8285715579986581 1.5000000000000002 11598.000000000002 1298.497741699219 11619.500000000002 23699.500000000004 997.50000000000011 13850000.000000002 2.5229492187500004 19.145161628723148 31272.000000000004 30050000.000000004 68.500000000000014 707.50000000000011 702.47500610351574 1323.8333129882815 90.500000000000014 2.8556319475173955 1546.0000000000002 997.29165649414074 21750000.000000004 7.4166667461395273 5105459.5000000009 86021.000000000015 526180.37500000012 232.00000000000003 433.50000000000006 93.500000000000014
decision_type=2 2 2 2 2 2 2 2 2 2 2 2 2 2 2 2 2 2 2 2 2 2 2 2 2 2 2 2 2 2
left_child=3 2 -2 5 17 6 21 -4 9 10 -9 -3 -12 15 -13 19 18 -5 20 -14 27 28 23 24 26 -25 -21 -16 -1 -27
right_child=1 11 7 4 -6 -7 -8 8 -10 -11 12 14 13 -15 16 -17 -18 -19 -20 22 -22 -23 -24 25 -26 29 -28 -29 -30 -31
leaf_value=-0.05000610430013417 -0.050469415266834128 -0.050008063901112315 0.050013049183587954 -0.050006102234029438 0.050018340106037187 -0.050039884011424007 -0.050020567738821575 0.050007549345098636 0.05001213006444627 0.05000836633652337 0.05000652455538146 -0.050005686856296749 0.05000615822263707 0.050006471546875222 -0.050006105385073232 0.050006263963302211 -0.050005832315176892 -0.050005774807802508 -0.050005971328755554 0.050006117334721129 -0.050006054727702226 -0.050006054887366508 0.050006127169608186 0.050006108490175227 0.050006105034824645 0.050006103966427552 0.050006112879157176 -0.050006109123720492 -0.050006101240138073 0.050006105286964635
leaf_weight=0.18919116377946921 0.016689502619556151 0.0015395732480101279 0.010700954764615744 0.0027083480890723885 0.0098946103826165199 0.0043006654595956198 0.0044386452063918105 0.013436534442007542 0.0099353183177299798 0.0099625994917005301 0.0077506217057816676 0.0015695457186666309 0.0084954781050328165 0.0096725743787828833 0.0076908754563191897 0.0074871715041808775 0.0023192109038063782 0.0014418214996112511 0.0014318993125925763 0.007337884046137332 0.0014526733066304578 0.001520559220807626 0.0077172652818262568 0.014289653539890423 0.020142071705777198 0.12634393214830197 0.010631463781464845 0.04716997475043172 0.0019763327509281217 0.012085506634321064
leaf_count=2583 20 17 16 37 9 9 18 31 14 20 20 24 23 25 105 20 34 21 20 20 20 21 21 39 55 345 29 644 27 33
internal_value=2.53939e-05 0.0275393 0.0442773 -0.0454139 0.0204616 -0.0500071 -0.0500064 0.0500068 0.0500065 0.0500063 0.0500062 -0.0500061 0.0500061 0.0500061 -0.0500061 0.0500061 -0.0500061 -0.050006 -0.0500061 0.0500061 -0.0500061 -0.0500061 0.0500061 0.0500061 0.0500061 0.0500061 0.0500061 -0.0500061 -0.0500061 0.0500061
internal_weight=0.571324 0.355852 0.292679 0.215472 0.0140448 0.201427 0.197127 0.275989 0.265288 0.255353 0.24539 0.0631738 0.231954 0.224203 0.0616342 0.21453 0.0600646 0.00415017 0.0577454 0.207043 0.0563135 0.192688 0.198548 0.190831 0.0381114 0.152719 0.0179693 0.0548609 0.191167 0.138429
internal_count=4320 1595 731 2725 67 2658 2649 711 695 681 661 864 630 610 847 585 823 58 789 565 769 2631 542 521 104 417 49 749 2610 378
is_linear=0
shrinkage=0.05


Tree=167
num_leaves=31
num_cat=0
split_feature=67 6 40 51 5 40 5 1 24 21 14 40 18 22 39 24 8 52 19 14 41 17 29 36 52 1 28 1 1 66
split_gain=0.271773 0.175737 0.06045 0.0248072 0.0111301 1.62182e-09 3.12477e-10 1.50868e-10 1.11754e-10 1.52009e-11 8.67414e-12 2.03663e-12 4.01873e-13 4.07924e-13 8.5168e-14 6.00908e-14 5.31103e-14 3.47474e-14 8.32667e-15 7.43849e-15 1.30451e-15 1.22125e-15 1.20737e-15 1.66533e-16 8.32667e-17 2.15106e-16 5.55112e-17 2.77556e-17 2.77556e-17 2.08167e-17
threshold=1.5000000000000002 21.000000000000004 5.8285715579986581 1.5000000000000002 11598.000000000002 1298.497741699219 11619.500000000002 23699.500000000004 997.50000000000011 13850000.000000002 2.5229492187500004 19.145161628723148 31272.000000000004 30050000.000000004 68.500000000000014 707.50000000000011 702.47500610351574 1323.8333129882815 90.500000000000014 2.8556319475173955 2501.385375976563 21750000.000000004 1546.0000000000002 54.510396957397468 7.4166667461395273 5105459.5000000009 5005179.5000000009 80753692.000000015 3440421.5000000005 232.00000000000003
decision_type=2 2 2 2 2 2 2 2 2 2 2 2 2 2 2 2 2 2 2 2 2 2 2 2 2 2 2 2 2 2
left_child=3 2 -2 5 17 6 20 -4 9 10 -9 -3 -12 15 -13 19 18 -5 22 -14 26 23 29 24 25 -21 -1 28 -26 -16
right_child=1 11 7 4 -6 -7 -8 8 -10 -11 12 14 13 -15 16 -17 -18 -19 -20 21 -22 -23 -24 -25 27 -27 -28 -29 -30 -31
leaf_value=-0.050005806316847382 -0.050446578985339198 -0.050007670689882378 0.050012412285379962 -0.050005803480997681 0.050017443358060409 -0.050037938508934912 -0.0500195637792527 0.050007182758437511 0.050011537905875675 0.050007959120925129 0.050006205914772006 -0.050005410161390054 0.050005857719477347 0.050006156127316653 -0.050005808967201408 0.050005958429646294 -0.050005552166417555 -0.050005491939437256 -0.050005680233321741 0.050005814301718368 -0.050005757218106343 0.050005828550570258 -0.050005759335012438 0.050005814334503157 0.05000580683852697 0.050005806459270968 -0.050005799357538773 0.050005805805344861 0.050005807089998168 -0.050005806312251967
leaf_weight=0.17982683264563093 0.015882551553659141 0.0014644986149505703 0.01017918941215612 0.0025762753866729335 0.0094122088048607111 0.0040910746611189088 0.0042222526681143782 0.012781318422639742 0.0094508763286285102 0.0094767930859234184 0.0073726651899050913 0.0014930061624909277 0.0080811961670406163 0.0092008939827792346 0.0073158294253516934 0.0071220602840185157 0.0022061137715354553 0.0013715106033487245 0.0013620724785141638 0.015696682268753648 0.0013770337027381166 0.0073409324977546922 0.0013818335573887444 0.0083702486008405685 0.094407392083667219 0.019159842835506424 0.0020877411225228562 0.0073135475395247332 0.036576938786311075 0.0448697307947441
leaf_count=2581 20 17 16 37 9 9 18 31 14 20 20 24 23 25 105 20 34 21 20 45 20 21 20 24 271 55 30 21 105 644
internal_value=2.54106e-05 0.0275386 0.0442759 -0.0454136 0.0204613 -0.0500068 -0.0500061 0.0500064 0.0500062 0.050006 0.0500059 -0.0500058 0.0500058 0.0500058 -0.0500058 0.0500058 -0.0500058 -0.0500057 -0.0500058 0.0500058 -0.0500058 0.0500058 -0.0500058 0.0500058 0.0500058 0.0500058 -0.0500058 0.0500058 0.0500058 -0.0500058
internal_weight=0.543471 0.338506 0.278413 0.204965 0.01336 0.191605 0.187514 0.262531 0.252351 0.242901 0.233424 0.0600931 0.220642 0.21327 0.0586286 0.204069 0.0571356 0.00394779 0.0549295 0.196947 0.183292 0.188866 0.0535674 0.181525 0.173154 0.0348565 0.181915 0.138298 0.130984 0.0521856
internal_count=4320 1595 731 2725 67 2658 2649 711 695 681 661 864 630 610 847 585 823 58 789 565 2631 542 769 521 497 100 2611 397 376 749
is_linear=0
shrinkage=0.05


Tree=168
num_leaves=31
num_cat=0
split_feature=67 6 40 51 5 40 5 1 24 21 14 40 18 22 39 24 8 52 19 14 41 17 29 52 1 1 28 16 9 0
split_gain=0.258515 0.167162 0.0574994 0.0235973 0.0105872 1.39586e-09 2.68943e-10 1.29782e-10 9.62233e-11 1.30676e-11 7.44441e-12 1.7541e-12 3.44585e-13 3.50608e-13 7.3018e-14 5.15143e-14 4.53179e-14 3.01465e-14 7.14706e-15 6.10623e-15 1.11022e-15 1.02696e-15 9.29812e-16 1.11022e-16 2.01228e-16 5.55112e-17 5.55112e-17 3.46945e-17 1.38778e-17 6.93889e-18
threshold=1.5000000000000002 21.000000000000004 5.8285715579986581 1.5000000000000002 11598.000000000002 1298.497741699219 11619.500000000002 23699.500000000004 997.50000000000011 13850000.000000002 2.5229492187500004 19.145161628723148 31272.000000000004 30050000.000000004 68.500000000000014 707.50000000000011 702.47500610351574 1323.8333129882815 90.500000000000014 2.8556319475173955 2501.385375976563 21750000.000000004 1546.0000000000002 7.4166667461395273 5105459.5000000009 66383.500000000015 5005179.5000000009 526180.37500000012 70.526477813720717 407.00000000000006
decision_type=2 2 2 2 2 2 2 2 2 2 2 2 2 2 2 2 2 2 2 2 2 2 2 2 2 2 2 2 2 2
left_child=3 2 -2 5 17 6 20 -4 9 10 -9 -3 -12 15 -13 19 18 -5 22 -14 26 23 28 24 27 -25 -1 -21 -16 -30
right_child=1 11 7 4 -6 -7 -8 8 -10 -11 12 14 13 -15 16 -17 -18 -19 -20 21 -22 -23 -24 25 -26 -27 -28 -29 29 -31
leaf_value=-0.050005522149358009 -0.050424854472664905 -0.050007296147688486 0.050011805362759378 -0.05000552055857959 0.050016593761769791 -0.050036086154191174 -0.050018608338238284 0.050006830802615254 0.050010976194397982 0.050007569853434575 0.050005902819955553 -0.050005145995078951 0.050005571178490651 0.050005855873168727 -0.050005523879904749 0.050005667829736825 -0.050005281361224563 -0.050005223033664947 -0.050005402283686474 0.05000553438807457 -0.050005475928517035 0.050005544271649077 -0.050005479741039006 0.050005527433667277 0.050005523825301837 0.050005523980230282 -0.05000551559252512 0.05000552935698676 -0.050005522148932148 -0.050005522377096191
leaf_weight=0.1710575244796928 0.015114295441890135 0.0013930843197158529 0.0096828587120398879 0.0024506425106665128 0.00895331846550107 0.003891691187163814 0.0040164057427318758 0.012158049357822165 0.0089900500606745481 0.0090146727161481977 0.0070131375687196842 0.0014201987105479921 0.0076871144119650117 0.0087522123358212411 0.0027175449431524603 0.0067747516150120637 0.0020985314040444783 0.0013046280364505947 0.0012956504288013084 0.0066396674374118439 0.0013098821218591175 0.0069829497660975895 0.0013144479162292546 0.0089534513535909355 0.018225506704766303 0.12923406172194518 0.0019859317544614888 0.009619855583878234 0.024058170660282485 0.022864999795274343
leaf_count=2581 20 17 16 37 9 9 18 31 14 20 20 24 23 25 41 20 34 21 20 20 20 21 20 27 55 390 30 29 363 345
internal_value=2.54254e-05 0.0275379 0.0442746 -0.0454132 0.020461 -0.0500065 -0.0500058 0.0500061 0.0500059 0.0500057 0.0500056 -0.0500055 0.0500056 0.0500055 -0.0500055 0.0500055 -0.0500055 -0.0500054 -0.0500055 0.0500055 -0.0500055 0.0500055 -0.0500055 0.0500055 0.0500055 0.0500055 -0.0500055 0.0500055 -0.0500055 -0.0500055
internal_weight=0.516975 0.322005 0.264843 0.19497 0.0127086 0.182261 0.17837 0.249728 0.240045 0.231055 0.222041 0.0571626 0.209883 0.20287 0.0557695 0.194117 0.0543493 0.00375527 0.0522508 0.187343 0.174353 0.179655 0.0509552 0.172673 0.034485 0.138188 0.173043 0.0162595 0.0496407 0.0469232
internal_count=4320 1595 731 2725 67 2658 2649 711 695 681 661 864 630 610 847 585 823 58 789 565 2631 542 769 521 104 417 2611 49 749 708
is_linear=0
shrinkage=0.05


Tree=169
num_leaves=31
num_cat=0
split_feature=67 6 40 51 5 40 5 1 24 21 14 40 18 22 39 24 8 52 19 14 29 40 17 1 2 4 16 13 15 66
split_gain=0.245904 0.159006 0.0546929 0.0224463 0.0100707 1.20131e-09 2.31555e-10 1.11684e-10 8.27677e-11 1.12419e-11 6.39011e-12 1.5022e-12 2.96652e-13 3.00732e-13 6.44415e-14 4.32432e-14 4.14876e-14 2.60113e-14 6.32133e-15 5.21805e-15 9.71445e-16 8.32667e-16 7.77156e-16 1.38778e-16 1.11022e-16 5.55112e-17 5.20417e-17 2.77556e-17 2.08167e-17 2.08167e-17
threshold=1.5000000000000002 21.000000000000004 5.8285715579986581 1.5000000000000002 11598.000000000002 1298.497741699219 11619.500000000002 23699.500000000004 997.50000000000011 13850000.000000002 2.5229492187500004 19.145161628723148 31272.000000000004 30050000.000000004 68.500000000000014 707.50000000000011 702.47500610351574 1323.8333129882815 90.500000000000014 2.8556319475173955 1546.0000000000002 997.29165649414074 21750000.000000004 5128397.0000000009 4.5000000000000009 77.000000000000014 526180.37500000012 3771.886840820313 0.53105178475379955 128.50000000000003
decision_type=2 2 2 2 2 2 2 2 2 2 2 2 2 2 2 2 2 2 2 2 2 2 2 2 2 2 2 2 2 2
left_child=3 2 -2 5 17 6 21 -4 9 10 -9 -3 -12 15 -13 19 18 -5 20 -14 29 25 23 24 -21 -1 -26 -27 -25 -16
right_child=1 11 7 4 -6 -7 -8 8 -10 -11 12 14 13 -15 16 -17 -18 -19 -20 22 -22 -23 -24 28 26 27 -28 -29 -30 -31
leaf_value=-0.05000525122528035 -0.050404183315214457 -0.050006939094598558 0.050011230004764984 -0.050005252211979101 0.050015783494248171 -0.050034323012005923 -0.050017701266841845 0.050006497117840179 0.050010440255249734 0.050007201218608369 0.050005616035676936 -0.050004893845642523 0.050005300363265275 0.050005570881766839 -0.050005254471328899 0.050005390938067863 -0.05000502013924249 -0.050004968848037838 -0.050005140829890132 0.05000525695966497 -0.050005211917856854 -0.050005211194115551 0.050005273802854681 0.050005253664454824 0.050005264916387751 -0.050005251759007475 0.05000525903729991 -0.050005259103859903 0.050005255358876677 -0.050005256938625967
leaf_weight=0.1424155295608216 0.014382909997948445 0.0013251520140329367 0.0092107234813738614 0.0023311354671022863 0.0085167941870167851 0.0037020181480329475 0.0038205908640520638 0.011565169552341104 0.0085516894469037652 0.0085750836879014969 0.0066711401159409425 0.0013509414311556603 0.00731224805349484 0.0083254080964252353 0.0060523225838551289 0.0064443779410794369 0.0019961949037678997 0.0012410067647579126 0.0012324671261012545 0.096778037463082001 0.001250348061148542 0.0013087788647681 0.006642422260483726 0.024583338788943365 0.0063158802513498804 0.020676125357567798 0.0097811751766130328 0.0014504588834824963 0.026793632132466882 0.041167632880387828
leaf_count=2259 20 17 16 37 9 9 18 31 14 20 20 24 23 25 96 20 34 21 20 307 20 21 21 78 20 328 31 23 85 653
internal_value=2.54407e-05 0.0275373 0.0442734 -0.0454129 0.0204607 -0.0500061 -0.0500055 0.0500058 0.0500056 0.0500054 0.0500054 -0.0500053 0.0500053 0.0500053 -0.0500052 0.0500053 -0.0500052 -0.0500052 -0.0500053 0.0500053 -0.0500053 -0.0500053 0.0500053 0.0500053 0.0500053 -0.0500053 0.0500053 -0.0500053 0.0500053 -0.0500053
internal_weight=0.491771 0.306308 0.251933 0.185462 0.0120889 0.173374 0.169671 0.23755 0.22834 0.219788 0.211213 0.0543751 0.199648 0.192977 0.0530499 0.184651 0.051699 0.00357214 0.0497028 0.178207 0.0484703 0.165851 0.170894 0.164252 0.112875 0.164542 0.0160971 0.0221266 0.051377 0.04722
internal_count=4320 1595 731 2725 67 2658 2649 711 695 681 661 864 630 610 847 585 823 58 789 565 769 2631 542 521 358 2610 51 351 163 749
is_linear=0
shrinkage=0.05


Tree=170
num_leaves=31
num_cat=0
split_feature=67 6 40 51 5 40 5 1 24 21 14 40 18 22 39 24 8 52 19 14 41 29 17 14 25 52 1 1 16 2
split_gain=0.233908 0.151248 0.0520235 0.0213515 0.0095794 1.03377e-09 1.99089e-10 9.61505e-11 7.12665e-11 9.67812e-12 5.5175e-12 1.29882e-12 2.56239e-13 2.58321e-13 5.51781e-14 3.80251e-14 3.48194e-14 2.23142e-14 5.47479e-15 5.19029e-15 8.88178e-16 8.18789e-16 7.21645e-16 8.32667e-17 5.55112e-17 5.55112e-17 1.42247e-16 2.77556e-17 2.60209e-17 1.38778e-17
threshold=1.5000000000000002 21.000000000000004 5.8285715579986581 1.5000000000000002 11598.000000000002 1298.497741699219 11619.500000000002 23699.500000000004 997.50000000000011 13850000.000000002 2.5229492187500004 19.145161628723148 31272.000000000004 30050000.000000004 68.500000000000014 707.50000000000011 702.47500610351574 1323.8333129882815 90.500000000000014 2.8556319475173955 2501.385375976563 1546.0000000000002 21750000.000000004 210582.96093750003 10750000.000000002 7.4166667461395273 5105459.5000000009 67007924.000000007 526180.37500000012 9.5000000000000018
decision_type=2 2 2 2 2 2 2 2 2 2 2 2 2 2 2 2 2 2 2 2 2 2 2 2 2 2 2 2 2 2
left_child=3 2 -2 5 17 6 20 -4 9 10 -9 -3 -12 15 -13 19 18 -5 21 -14 24 29 23 25 -1 26 28 -27 -21 -16
right_child=1 11 7 4 -6 -7 -8 8 -10 -11 12 14 13 -15 16 -17 -18 -19 -20 22 -22 -23 -24 -25 -26 27 -28 -29 -30 -31
leaf_value=-0.050004998708520626 -0.050384513441094805 -0.050006602887174345 0.050010682238530307 -0.050004995901858057 0.05001501147602963 -0.050032648987629172 -0.05001683493289847 0.050006181245298265 0.050009931266406876 0.0500068494689258 0.050005341893318726 -0.050004654550904672 0.050005044045556862 0.050005298059976902 -0.050004998722339135 0.050005128446448402 -0.050004776497617358 -0.050004726802205628 -0.050004888176749696 0.050005007527365725 -0.050004954926836126 -0.050004956526590032 0.050005016536460348 0.05000500300436405 -0.050004990899933356 0.050004998578113108 0.050004998267104361 0.050004997612866954 0.050005003274056027 -0.050004998530992599
leaf_weight=0.15502059407663182 0.013686653735931031 0.0012605318770511067 0.0087616048695053905 0.0022174557125254077 0.0081015468458645046 0.003521583537803962 0.0036343196552479631 0.011001197417499498 0.0081346994847990572 0.0081569277681410313 0.0063458186923526219 0.0012850612074544179 0.0069556603266391894 0.0079194152785930783 0.036281738837715238 0.0061301132664084426 0.0018988484116562168 0.0011804876958194654 0.0011723647403414353 0.0060078811948187658 0.0011852423522213931 0.0011893737682839847 0.0063184992177411905 0.0060025507118552915 0.0015571969343000083 0.10224755021044984 0.016491289250552654 0.016788410750450566 0.0087044945685192943 0.0086354972008848563
leaf_count=2585 20 17 16 37 9 9 18 31 14 20 20 24 23 25 605 20 34 21 20 20 20 20 21 20 26 341 55 56 29 144
internal_value=2.54534e-05 0.0275367 0.0442722 -0.0454126 0.0204605 -0.0500058 -0.0500053 0.0500055 0.0500053 0.0500052 0.0500051 -0.050005 0.050005 0.050005 -0.050005 0.050005 -0.050005 -0.0500049 -0.050005 0.050005 -0.050005 -0.050005 0.050005 0.050005 -0.050005 0.050005 0.050005 0.050005 0.050005 -0.050005
internal_weight=0.467795 0.291376 0.239653 0.176418 0.0114995 0.164919 0.161397 0.225966 0.217205 0.20907 0.200913 0.0517234 0.189912 0.183566 0.0504629 0.175646 0.0491778 0.00339794 0.047279 0.169516 0.157763 0.0461066 0.162561 0.156242 0.156578 0.15024 0.0312037 0.119036 0.0147124 0.0449172
internal_count=4320 1595 731 2725 67 2658 2649 711 695 681 661 864 630 610 847 585 823 58 789 565 2631 769 542 521 2611 501 104 397 49 749
is_linear=0
shrinkage=0.05


Tree=171
num_leaves=31
num_cat=0
split_feature=67 6 40 51 5 40 5 1 24 21 14 40 18 22 39 24 8 52 19 14 41 29 22 36 26 1 52 1 15 1
split_gain=0.222498 0.143869 0.0494845 0.0203101 0.0091121 8.89612e-10 1.71474e-10 8.27846e-11 6.13839e-11 8.32498e-12 4.7487e-12 1.11561e-12 2.19935e-13 2.23127e-13 4.71498e-14 3.23908e-14 2.97401e-14 1.91258e-14 4.66294e-15 4.16334e-15 7.49401e-16 6.66134e-16 6.10623e-16 8.32667e-17 5.55112e-17 2.77556e-17 1.11022e-16 1.38778e-17 1.38778e-17 6.93889e-18
threshold=1.5000000000000002 21.000000000000004 5.8285715579986581 1.5000000000000002 11598.000000000002 1298.497741699219 11619.500000000002 23699.500000000004 997.50000000000011 13850000.000000002 2.5229492187500004 19.145161628723148 31272.000000000004 30050000.000000004 68.500000000000014 707.50000000000011 702.47500610351574 1323.8333129882815 90.500000000000014 2.8556319475173955 2501.385375976563 1546.0000000000002 28400000.000000004 54.510396957397468 3563719.3750000005 5906109.0000000009 7.4166667461395273 1637525.5000000002 0.49777399003505712 99216260.000000015
decision_type=2 2 2 2 2 2 2 2 2 2 2 2 2 2 2 2 2 2 2 2 2 2 2 2 2 2 2 2 2 2
left_child=3 2 -2 5 17 6 20 -4 9 10 -9 -3 -12 15 -13 19 18 -5 21 -14 24 29 23 25 -1 26 -21 -28 -27 -16
right_child=1 11 7 4 -6 -7 -8 8 -10 -11 12 14 13 -15 16 -17 -18 -19 -20 22 -22 -23 -24 -25 -26 28 27 -29 -30 -31
leaf_value=-0.050004754349330376 -0.050365799086506839 -0.050006278902688911 0.05001016195481546 -0.050004752371766749 0.050014282008551028 -0.050031053494173666 -0.050016017041390241 0.05000587960141048 0.05000944835496221 0.050006514749828292 0.050005080812929897 -0.050004428304608661 0.050004796563143342 0.0500050399973202 -0.050004754428999265 0.050004877529870352 -0.050004543927064486 -0.050004496934726084 -0.050004649934870297 0.050004759976036123 -0.050004713156168272 -0.050004715434775172 0.050004771632973545 0.050004760449942655 -0.05000474803182399 0.050004753491866151 0.050004754750402614 0.050004755057759198 0.050004754588555494 -0.050004754367007812
leaf_weight=0.14751773330499418 0.013023863386479206 0.001199062553496332 0.0083343808655627072 0.002109319124429021 0.0077065397053956985 0.0033499378769192836 0.0034571270953165359 0.010464724327903241 0.0077380382863339028 0.007759160245768725 0.0060363601078279308 0.001222393442731117 0.0066164607706014058 0.0075332186825107774 0.035653222079417901 0.0058311725442763409 0.0018062486306007477 0.0011229196643398609 0.0011151930266350965 0.013422069372609258 0.0011274427379248655 0.0011313726572552687 0.0060102934658061704 0.0068531208380591116 0.0014243802070268421 0.018536542047513649 0.066457234643166885 0.016543077304959297 0.026810895593371242 0.0070735779299866399
leaf_count=2586 20 17 16 37 9 9 18 31 14 20 20 24 23 25 625 20 34 21 20 47 20 20 21 24 25 65 233 58 94 124
internal_value=2.54662e-05 0.0275361 0.0442711 -0.0454124 0.0204602 -0.0500056 -0.050005 0.0500053 0.0500051 0.0500049 0.0500048 -0.0500048 0.0500048 0.0500048 -0.0500047 0.0500048 -0.0500047 -0.0500047 -0.0500048 0.0500048 -0.0500048 -0.0500048 0.0500048 0.0500048 -0.0500048 0.0500048 0.0500048 0.0500048 0.0500048 -0.0500048
internal_weight=0.444987 0.277172 0.227971 0.167815 0.0109388 0.156877 0.153527 0.214947 0.206612 0.198874 0.191115 0.0492011 0.18065 0.174614 0.048002 0.167081 0.0467796 0.00323224 0.0449734 0.16125 0.15007 0.0438582 0.154633 0.148623 0.148942 0.14177 0.0964224 0.0830003 0.0453474 0.0427268
internal_count=4320 1595 731 2725 67 2658 2649 711 695 681 661 864 630 610 847 585 823 58 789 565 2631 769 542 521 2611 497 338 291 159 749
is_linear=0
shrinkage=0.05


Tree=172
num_leaves=31
num_cat=0
split_feature=67 6 40 51 5 40 5 1 24 21 14 40 18 22 39 24 8 52 19 14 41 17 29 25 1 25 1 14 20 66
split_gain=0.211644 0.136849 0.0470695 0.0193195 0.0086676 7.6591e-10 1.47596e-10 7.12494e-11 5.2778e-11 7.1656e-12 4.09697e-12 9.61974e-13 1.8982e-13 1.92929e-13 4.0204e-14 2.86715e-14 2.55074e-14 1.63658e-14 3.96905e-15 3.16414e-15 6.38378e-16 5.82867e-16 5.75928e-16 1.38778e-16 1.11022e-16 8.32667e-17 2.77556e-17 2.77556e-17 1.38778e-17 1.38778e-17
threshold=1.5000000000000002 21.000000000000004 5.8285715579986581 1.5000000000000002 11598.000000000002 1298.497741699219 11619.500000000002 23699.500000000004 997.50000000000011 13850000.000000002 2.5229492187500004 19.145161628723148 31272.000000000004 30050000.000000004 68.500000000000014 707.50000000000011 702.47500610351574 1323.8333129882815 90.500000000000014 2.8556319475173955 2501.385375976563 21750000.000000004 1546.0000000000002 144918.00000000003 5931610.0000000009 51494.500000000007 99863124.000000015 14.713787078857424 3164.0000000000005 126.50000000000001
decision_type=2 2 2 2 2 2 2 2 2 2 2 2 2 2 2 2 2 2 2 2 2 2 2 2 2 2 2 2 2 2
left_child=3 2 -2 5 17 6 20 -4 9 10 -9 -3 -12 15 -13 19 18 -5 22 -14 26 23 29 24 25 27 -1 -21 -25 -16
right_child=1 11 7 4 -6 -7 -8 8 -10 -11 12 14 13 -15 16 -17 -18 -19 -20 21 -22 -23 -24 28 -26 -27 -28 -29 -30 -31
leaf_value=-0.050004522061308634 -0.050347994481068484 -0.050005973881963532 0.050009666175922646 -0.050004519153319875 0.050013584829176276 -0.050029541728374344 -0.050015235705320238 0.050005594085371308 0.050008985328961586 0.050006197114007167 0.050004833412667586 -0.050004213558549705 0.050004560391731102 0.050004794756998643 -0.050004524017003532 0.050004641190085845 -0.050004322492251389 -0.050004276884479976 -0.050004423460201376 0.050004526534642893 -0.050004482930902518 0.050004539465755372 -0.050004485106085052 0.050004521471261179 0.050004522380645115 0.050004522918712491 -0.050004521236998202 0.050004529456804704 0.050004522317367628 -0.05000452211191031
leaf_weight=0.13972569538964308 0.012392952528898604 0.0011405903896957162 0.0079279848141595721 0.0020064555428689346 0.0073307868442498147 0.0031866534263826898 0.0032885710388654834 0.0099544090335257351 0.0073607160011306396 0.0073807872249744824 0.0057419911317992947 0.0011627814947132711 0.0062938008923083535 0.0071658536617178461 0.005100870996102457 0.0055468086211476466 0.0017181642797368104 0.0010681588100851513 0.0010608091179165049 0.017915130301844329 0.0010724615094659376 0.005717267660656943 0.0010761997909867196 0.032015060656704009 0.032556284888414666 0.012480832199798897 0.0019530681565811383 0.013037573749898002 0.033370200399076566 0.035542302055546315
leaf_count=2575 20 17 16 37 9 9 18 31 14 20 20 24 23 25 94 20 34 21 20 66 20 21 20 118 120 46 36 48 123 655
internal_value=2.54788e-05 0.0275355 0.0442701 -0.0454121 0.02046 -0.0500053 -0.0500048 0.050005 0.0500048 0.0500047 0.0500046 -0.0500045 0.0500046 0.0500045 -0.0500045 0.0500045 -0.0500045 -0.0500044 -0.0500045 0.0500045 -0.0500045 0.0500045 -0.0500045 0.0500045 0.0500045 0.0500045 -0.0500045 0.0500045 0.0500045 -0.0500045
internal_weight=0.423291 0.263659 0.216858 0.159632 0.0104054 0.149226 0.14604 0.204465 0.196537 0.189176 0.181795 0.0468017 0.171841 0.166099 0.0456611 0.158933 0.0444983 0.00307461 0.0427802 0.153386 0.142751 0.147092 0.0417194 0.141375 0.0759898 0.0434335 0.141679 0.0309527 0.0653853 0.0406432
internal_count=4320 1595 731 2725 67 2658 2649 711 695 681 661 864 630 610 847 585 823 58 789 565 2631 542 769 521 280 160 2611 114 241 749
is_linear=0
shrinkage=0.05


Tree=173
num_leaves=31
num_cat=0
split_feature=67 6 40 51 5 40 5 1 24 21 14 40 18 22 39 24 8 52 19 14 29 22 22 25 21 52 0 40 40 14
split_gain=0.20132 0.130173 0.0447724 0.0183772 0.00824479 6.59321e-10 1.27057e-10 6.13141e-11 4.54391e-11 6.16732e-12 3.52895e-12 8.26013e-13 1.62398e-13 1.66811e-13 3.51316e-14 2.40641e-14 2.23918e-14 1.42286e-14 3.53884e-15 2.88658e-15 5.41234e-16 4.71845e-16 4.16334e-16 5.55112e-17 9.02056e-17 8.67362e-17 2.77556e-17 2.77556e-17 2.77556e-17 1.9082e-17
threshold=1.5000000000000002 21.000000000000004 5.8285715579986581 1.5000000000000002 11598.000000000002 1298.497741699219 11619.500000000002 23699.500000000004 997.50000000000011 13850000.000000002 2.5229492187500004 19.145161628723148 31272.000000000004 30050000.000000004 68.500000000000014 707.50000000000011 702.47500610351574 1323.8333129882815 90.500000000000014 2.8556319475173955 1546.0000000000002 44450000.000000007 28400000.000000004 70234.000000000015 1262517.0000000002 7.4166667461395273 55691.000000000007 920.26922607421886 917.19232177734386 210582.96093750003
decision_type=2 2 2 2 2 2 2 2 2 2 2 2 2 2 2 2 2 2 2 2 2 2 2 2 2 2 2 2 2 2
left_child=3 2 -2 5 17 6 21 -4 9 10 -9 -3 -12 15 -13 19 18 -5 20 -14 -16 26 23 24 25 -21 27 28 -1 -27
right_child=1 11 7 4 -6 -7 -8 8 -10 -11 12 14 13 -15 16 -17 -18 -19 -20 22 -22 -23 -24 -25 -26 29 -28 -29 -30 -31
leaf_value=-0.050004299371562227 -0.050331053699894851 -0.050005681610645461 0.050009194367545695 -0.05000429918676208 0.050012917644842114 -0.050028100295572357 -0.050014491298199487 0.050005321627804133 0.05000854768891231 0.050005894873576942 0.050004596848197337 -0.050004006680486747 0.050004338685913613 0.050004561508890544 -0.050004302737289341 0.050004413581899547 -0.050004110707059804 -0.050004067567203561 -0.050004206970378086 0.050004308956852088 -0.050004265855261 -0.050004267954159833 0.050004317100258301 0.050004301995229684 0.050004302152773121 0.050004302120594528 -0.050004299313683553 -0.050004302720133391 -0.050004299811243137 0.050004305710737253
leaf_weight=0.12976269860882894 0.011792408651672304 0.0010849693026102605 0.0075414018938317886 0.0019086077445535921 0.0069733505370095372 0.0030313236638903609 0.0031282308627851299 0.0094689771358389407 0.0070017893158365032 0.0070208633842412374 0.0054619759903289369 0.0011060764136345816 0.0059868746320717028 0.0068164017575327298 0.038661148126266198 0.0052763108105864367 0.0016343751121894448 0.0010160682213609107 0.0010090770883834912 0.012663231114856899 0.0010237172718916545 0.0011747268727049223 0.0054383865499403319 0.07277758457348682 0.033808155014412478 0.010065299924463034 0.0019098206648777696 0.0018585083198558996 0.0010839960486919145 0.0051665135251823821
leaf_count=2514 20 17 16 37 9 9 18 31 14 20 20 24 23 25 749 20 34 21 20 49 20 23 21 282 131 39 37 36 21 20
internal_value=2.54909e-05 0.027535 0.044269 -0.0454118 0.0204598 -0.050005 -0.0500045 0.0500048 0.0500046 0.0500044 0.0500044 -0.0500043 0.0500043 0.0500043 -0.0500043 0.0500043 -0.0500043 -0.0500042 -0.0500043 0.0500043 -0.0500043 -0.0500043 0.0500043 0.0500043 0.0500043 0.0500043 -0.0500043 -0.0500043 -0.0500043 0.0500043
internal_weight=0.402653 0.250806 0.206286 0.151847 0.00989803 0.141949 0.138918 0.194494 0.186952 0.179951 0.17293 0.0445194 0.163461 0.157999 0.0434344 0.151182 0.0423283 0.00292468 0.0406939 0.145906 0.0396849 0.13579 0.139919 0.134481 0.0617032 0.027895 0.134615 0.132705 0.130847 0.0152318
internal_count=4320 1595 731 2725 67 2658 2649 711 695 681 661 864 630 610 847 585 823 58 789 565 769 2631 542 521 239 108 2608 2571 2535 59
is_linear=0
shrinkage=0.05


Tree=174
num_leaves=31
num_cat=0
split_feature=67 6 40 51 5 40 5 1 24 21 14 40 18 22 39 24 8 40 19 14 22 40 29 52 14 15 0 14 1 1
split_gain=0.191499 0.123822 0.0425875 0.0174809 0.0078426 5.67431e-10 1.09371e-10 5.28088e-11 3.9139e-11 5.31064e-12 3.03157e-12 7.11965e-13 1.39416e-13 1.41887e-13 3.0205e-14 2.1233e-14 1.96926e-14 1.1316e-14 2.95597e-15 2.72005e-15 4.44089e-16 4.16334e-16 3.46945e-16 1.38778e-16 7.97973e-17 4.16334e-17 2.77556e-17 1.73472e-17 1.38778e-17 1.38778e-17
threshold=1.5000000000000002 21.000000000000004 5.8285715579986581 1.5000000000000002 11598.000000000002 1298.497741699219 11619.500000000002 23699.500000000004 997.50000000000011 13850000.000000002 2.5229492187500004 19.145161628723148 31272.000000000004 30050000.000000004 68.500000000000014 707.50000000000011 702.47500610351574 1190.350036621094 88.500000000000014 2.8556319475173955 28400000.000000004 997.29165649414074 1214.0000000000002 7.4166667461395273 3.9132313728332524 143.40257263183597 58013.000000000007 5.8663907051086435 1874361.5000000002 150514.50000000003
decision_type=2 2 2 2 2 2 2 2 2 2 2 2 2 2 2 2 2 2 2 2 2 2 2 2 2 2 2 2 2 2
left_child=3 2 -2 5 17 6 21 -4 9 10 -9 -3 -12 15 -13 19 18 -5 22 -14 23 26 -16 24 -21 28 -1 -26 29 -25
right_child=1 11 7 4 -6 -7 -8 8 -10 -11 12 14 13 -15 16 -17 -18 -19 -20 20 -22 -23 -24 25 27 -27 -28 -29 -30 -31
leaf_value=-0.050004090041526429 -0.050314937689443728 -0.050005405889839941 0.050008746566715084 -0.050004089938693187 0.050012288536083485 -0.050026728828320738 -0.050013785340092258 0.050005060332937605 0.050008131369077918 0.050005606805250881 0.050004371499631009 -0.050003811861836701 0.050004128001934038 0.050004336854263004 -0.050004093371239677 0.050004198713358608 -0.050003908786162815 -0.050003880490457092 -0.050004007663807665 0.05000409090360191 0.050004106635280626 -0.05000405805813616 -0.050004063987545137 0.050004091852020871 0.050004094951831682 0.050004095925262816 -0.050004089981327653 0.050004098223299112 0.050004091374185759 0.050004090597083307
leaf_weight=0.12692094291196554 0.01122078881599009 0.0010320602923457036 0.0071736659738235167 0.0017664030456217006 0.0066333375871181488 0.0028835614502895615 0.0029757061565760514 0.0090072154125664383 0.0066603621526155612 0.0066784891823772332 0.0051956150418845928 0.0010521364383748724 0.0056949147256091228 0.0064839902915991834 0.036628448957344517 0.0050190032488899297 0.0015546718332188894 0.0010156459175050259 0.0010572174141998394 0.0073647018289193502 0.005173174518859013 0.001019300787447718 0.0010237665264867237 0.010801951546454802 0.0061374623619485638 0.0049145584926009169 0.0012274898836039929 0.012045687501085922 0.034612678224220872 0.052045563468709588
leaf_count=2585 20 17 16 36 9 9 18 31 14 20 20 24 23 25 746 20 34 22 22 30 21 21 21 44 25 20 25 49 141 212
internal_value=2.55019e-05 0.0275345 0.0442681 -0.0454116 0.0204596 -0.0500048 -0.0500043 0.0500045 0.0500044 0.0500042 0.0500042 -0.0500041 0.0500041 0.0500041 -0.0500041 0.0500041 -0.0500041 -0.050004 -0.0500041 0.0500041 0.0500041 -0.0500041 -0.0500041 0.0500041 0.0500041 0.0500041 -0.0500041 0.0500041 0.0500041 0.0500041
internal_weight=0.383021 0.238578 0.19623 0.144442 0.00941539 0.135027 0.132143 0.185009 0.177835 0.171175 0.164497 0.0423483 0.155489 0.150294 0.0413162 0.14381 0.0402641 0.00278205 0.0387094 0.138791 0.133096 0.129168 0.0376522 0.127923 0.0255479 0.102375 0.128148 0.0181831 0.0974602 0.0628475
internal_count=4320 1595 731 2725 67 2658 2649 711 695 681 661 864 630 610 847 585 823 58 789 565 542 2631 767 521 104 417 2610 74 397 256
is_linear=0
shrinkage=0.05


Tree=175
num_leaves=31
num_cat=0
split_feature=67 6 40 51 5 40 5 1 24 21 14 8 18 22 39 24 8 52 19 14 52 74 29 25 1 2 21 1 1 0
split_gain=0.182158 0.117781 0.0405093 0.0166283 0.00746004 4.88156e-10 9.41052e-11 4.54441e-11 3.36298e-11 4.57628e-12 2.61205e-12 5.84199e-13 1.21264e-13 1.23207e-13 2.29608e-14 1.82632e-14 1.69656e-14 7.79108e-15 2.63678e-15 2.27596e-15 3.747e-16 3.60822e-16 3.05311e-16 6.93889e-17 4.85723e-17 2.08167e-17 2.60209e-17 1.38778e-17 1.38778e-17 6.93889e-18
threshold=1.5000000000000002 21.000000000000004 5.8285715579986581 1.5000000000000002 11598.000000000002 1298.497741699219 11619.500000000002 23699.500000000004 997.50000000000011 13850000.000000002 2.5229492187500004 19.202381134033207 31272.000000000004 30050000.000000004 68.500000000000014 707.50000000000011 702.47500610351574 1322.527770996094 88.500000000000014 2.8556319475173955 1087.8181762695315 47700000.000000007 1189.5000000000002 84085.000000000015 6174136.0000000009 4.5000000000000009 528267.62500000012 5105459.5000000009 59488.000000000007 66.000000000000014
decision_type=2 2 2 2 2 2 2 2 2 2 2 2 2 2 2 2 2 2 2 2 2 2 2 2 2 2 2 2 2 2
left_child=3 2 -2 5 17 6 20 -4 9 10 -9 -3 -12 15 -13 19 18 -5 22 -14 27 23 29 24 25 28 -27 -1 -21 -16
right_child=1 11 7 4 -6 -7 -8 8 -10 -11 12 14 13 -15 16 -17 -18 -19 -20 21 -22 -23 -24 -25 -26 26 -28 -29 -30 -31
leaf_value=-0.050003890730694306 -0.050299603949427889 -0.050005084868290056 0.050008319969341922 -0.050003890467678884 0.050011693838123955 -0.050025419978709976 -0.050013111607748933 0.050004814479568241 0.050007732134239494 0.050005334640754164 0.050004159988866204 -0.050003656943823208 0.050003926218701512 0.050004126723602688 -0.050003894433635412 0.050003994410509248 -0.050003718654173093 -0.050003716528491698 -0.050003811401292224 0.050003896045162005 -0.050003860922794734 0.050003907037605426 -0.05000386683542693 0.050003891902933341 0.05000389233962859 0.05000389966744509 0.050003895357055822 -0.050003890843291481 0.050003893352862663 -0.050003894392630865
leaf_weight=0.083368731520749861 0.010676716272428166 0.0010290702666679854 0.0068238589446991673 0.001540063982247375 0.0063098993268795311 0.0027429982437752179 0.0028306164167588568 0.008567969489376992 0.0063355815946124485 0.006352809286909177 0.0049422424053773275 0.0011404795932321568 0.0054171916708583004 0.0061677876510657361 0.0013078544034215147 0.0047742426104377947 0.0014788550797675262 0.0011063129495596513 0.0010056601568066972 0.0049084131605923167 0.0010163176266360088 0.0046869602811057112 0.0010205496291746377 0.063284275733167306 0.023818643981940113 0.004912809672532604 0.0088807110441848636 0.038483577354782028 0.016113299745484255 0.033300637933280086
leaf_count=1785 20 18 16 33 9 9 18 31 14 20 20 27 23 25 28 20 34 25 22 21 22 20 22 271 102 21 38 824 69 713
internal_value=2.55129e-05 0.027534 0.0442672 -0.0454114 0.0204594 -0.0500046 -0.0500041 0.0500043 0.0500042 0.050004 0.050004 -0.0500039 0.0500039 0.0500039 -0.0500039 0.0500039 -0.0500039 -0.0500038 -0.0500039 0.0500039 -0.0500039 0.0500039 -0.0500039 0.0500039 0.0500039 0.0500039 0.0500039 -0.0500039 0.0500039 -0.0500039
internal_weight=0.364345 0.226947 0.186664 0.137399 0.00895628 0.128442 0.125699 0.175987 0.169163 0.162827 0.156475 0.0402831 0.147907 0.142964 0.039254 0.136797 0.0381136 0.00264638 0.0366347 0.132022 0.122869 0.126605 0.035629 0.121918 0.0586339 0.0348152 0.0137935 0.121852 0.0210217 0.0346085
internal_count=4320 1595 731 2725 67 2658 2649 711 695 681 661 864 630 610 846 585 819 58 785 565 2631 542 763 522 251 149 59 2609 90 741
is_linear=0
shrinkage=0.05


Tree=176
num_leaves=31
num_cat=0
split_feature=67 6 40 51 5 40 5 1 24 21 14 52 18 22 39 24 8 52 14 19 13 17 29 1 22 34 0 1 1 6
split_gain=0.173273 0.112035 0.0385325 0.0158172 0.00709615 4.20268e-10 8.10211e-11 3.91042e-11 2.89693e-11 3.92492e-12 2.24701e-12 4.39919e-13 1.03834e-13 1.04972e-13 1.9991e-14 1.51823e-14 1.41068e-14 6.46792e-15 1.91513e-15 1.72085e-15 2.91434e-16 2.63678e-16 1.38778e-16 5.55112e-17 4.16334e-17 2.08167e-17 1.38778e-17 1.38778e-17 1.38778e-17 6.93889e-18
threshold=1.5000000000000002 21.000000000000004 5.8285715579986581 1.5000000000000002 11598.000000000002 1298.497741699219 11619.500000000002 23699.500000000004 997.50000000000011 13850000.000000002 2.5229492187500004 33.875000000000007 31272.000000000004 30050000.000000004 94.500000000000014 707.50000000000011 702.47500610351574 1322.527770996094 2.8556319475173955 84.500000000000014 3771.886840820313 21750000.000000004 1007.5000000000001 5444531.0000000009 24250.923828125004 98.000000000000014 56742.500000000007 9679844.5000000019 5647523.5000000009 58.500000000000007
decision_type=2 2 2 2 2 2 2 2 2 2 2 2 2 2 2 2 2 2 2 2 2 2 2 2 2 2 2 2 2 2
left_child=3 2 -2 5 17 6 20 -4 9 10 -9 -3 -12 15 -13 18 19 -5 -14 22 26 23 29 24 -20 -26 27 28 -1 -16
right_child=1 11 7 4 -6 -7 -8 8 -10 -11 12 14 13 -15 16 -17 -18 -19 21 -21 -22 -23 -24 -25 25 -27 -28 -29 -30 -31
leaf_value=-0.050003701250647674 -0.050285015426101087 -0.050004696683269262 0.05000791430928634 -0.050003698796516609 0.050011119353156032 -0.050024182888875383 -0.050012473653067685 0.050004580113221508 0.050007357044923019 0.050005072813919332 0.05000395724436664 -0.050003470500322215 0.05000373539751584 0.050003925070643253 -0.050003704973671584 0.050003798658939669 -0.050003537481152938 -0.050003536305370959 0.050003703881078304 -0.05000363587594208 -0.050003674829273752 0.050003716335952714 -0.050003683144211976 0.050003702531956587 0.050003704455130575 0.050003707460210517 -0.050003701236483844 -0.050003701490307195 -0.050003701366384767 -0.050003701434660111
leaf_weight=0.092675779938872438 0.010158878685615491 0.0011099023467977523 0.0064911067311186335 0.0014649596050730906 0.0060022289981134236 0.0026092835760209701 0.0026925991696771226 0.0081501419481355697 0.0060266358195804051 0.0060430098674260071 0.0047012249560793853 0.0010407626778032855 0.0051530113560147575 0.0058670041617006055 0.0010219307150691739 0.0045414173073368138 0.0014067354695725945 0.0010523611454118509 0.0570923672785284 0.0010465549275977528 0.0010996116034220895 0.0046809780469629905 0.0010604347189655519 0.035983696827315725 0.011330165318213403 0.011343746868078597 0.0015549620911770026 0.011683579134114552 0.0098627529114310164 0.031632300047931494
leaf_count=2086 20 21 16 33 9 9 18 31 14 20 20 26 23 25 23 20 34 25 257 24 25 21 24 162 51 51 35 263 222 712
internal_value=2.55231e-05 0.0275336 0.0442663 -0.0454112 0.0204592 -0.0500043 -0.0500039 0.0500041 0.050004 0.0500038 0.0500038 -0.0500037 0.0500037 0.0500037 -0.0500037 0.0500037 -0.0500037 -0.0500036 0.0500037 -0.0500037 -0.0500037 0.0500037 -0.0500037 0.0500037 0.0500037 0.0500037 -0.0500037 -0.0500037 -0.0500037 -0.0500037
internal_weight=0.34658 0.215882 0.177563 0.130698 0.00851955 0.122179 0.119569 0.167405 0.160913 0.154887 0.148844 0.0383186 0.140694 0.135992 0.0372087 0.130125 0.036168 0.00251732 0.125584 0.0347612 0.116877 0.120431 0.0337147 0.11575 0.0797663 0.0226739 0.115777 0.114222 0.102539 0.0326542
internal_count=4320 1595 731 2725 67 2658 2649 711 695 681 661 864 630 610 843 585 817 58 565 783 2631 542 759 521 359 102 2606 2571 2308 735
is_linear=0
shrinkage=0.05


Tree=177
num_leaves=31
num_cat=0
split_feature=67 6 40 51 5 40 5 1 24 21 14 52 18 22 39 24 8 52 14 19 74 52 29 25 21 0 0 52 52 4
split_gain=0.164821 0.106569 0.0366523 0.0150458 0.00675 3.61617e-10 6.96364e-11 3.36522e-11 2.49408e-11 3.38396e-12 1.93134e-12 3.7919e-13 9.03722e-14 9.02334e-14 1.65631e-14 1.30868e-14 1.19835e-14 5.69033e-15 1.69309e-15 1.39472e-15 2.77556e-16 2.63678e-16 1.249e-16 2.77556e-17 5.55112e-17 1.38778e-17 1.38778e-17 1.38778e-17 1.04083e-17 6.93889e-18
threshold=1.5000000000000002 21.000000000000004 5.8285715579986581 1.5000000000000002 11598.000000000002 1298.497741699219 11619.500000000002 23699.500000000004 997.50000000000011 13850000.000000002 2.5229492187500004 33.875000000000007 31272.000000000004 30050000.000000004 99.500000000000014 707.50000000000011 702.47500610351574 1322.527770996094 2.8556319475173955 83.500000000000014 47700000.000000007 1087.0454101562502 896.50000000000011 59287.000000000007 1072898.6875000002 55691.000000000007 35686.500000000007 7.4166667461395273 1291.1111450195315 671.50000000000011
decision_type=2 2 2 2 2 2 2 2 2 2 2 2 2 2 2 2 2 2 2 2 2 2 2 2 2 2 2 2 2 2
left_child=3 2 -2 5 17 6 21 -4 9 10 -9 -3 -12 15 -13 18 19 -5 -14 22 23 25 29 24 27 26 -1 -20 -29 -16
right_child=1 11 7 4 -6 -7 -8 8 -10 -11 12 14 13 -15 16 -17 -18 -19 20 -21 -22 -23 -24 -25 -26 -27 -28 28 -30 -31
leaf_value=-0.050003520863003192 -0.050271137682081336 -0.050004468321634923 0.050007527683796786 -0.050003519540151531 0.050010579120111233 -0.050023000271719714 -0.050011859426068131 0.050004355801681714 0.050006998317597764 0.050004826068717451 0.050003765081167842 -0.050003309365890161 0.050003553285485419 0.050003733093645711 -0.050003520944942183 0.050003613097598647 -0.050003366020131251 -0.050003363268853941 0.050003527131798446 -0.050003461487999168 0.050003535582976912 -0.050003495902275957 -0.050003502726743213 0.050003522262947409 0.050003522044326398 -0.050003520828769424 -0.050003520859807998 0.050003522545394079 0.050003525802528294 -0.050003521227423312
leaf_weight=0.096818328584049596 0.0096660248746047728 0.0010557764981058418 0.0061745782149955622 0.0013935175811639056 0.0057095570373348892 0.0024820845283102235 0.0025613101024646303 0.0077526886889245352 0.0057327535760123274 0.0057483166456222526 0.0044719602883560574 0.0010322681482648468 0.0049017134588211766 0.0055808878532843656 0.022778742681111908 0.0043199453648412591 0.0013381326716626054 0.0010010402329498902 0.0097333698649890721 0.0010377970756962887 0.0042409677553223437 0.0010041663990705265 0.0010087012851727186 0.062544808577513322 0.028526063659228384 0.0015636526622984084 0.011790785767516354 0.0050713132368400693 0.0044413479772629216 0.0081985096403514035
leaf_count=2291 20 21 16 33 9 9 18 31 14 20 20 27 23 25 539 20 34 25 46 25 20 24 24 296 135 37 279 24 21 194
internal_value=2.55328e-05 0.0275331 0.0442655 -0.045411 0.020459 -0.0500041 -0.0500037 0.0500039 0.0500038 0.0500036 0.0500036 -0.0500035 0.0500035 0.0500035 -0.0500035 0.0500035 -0.0500035 -0.0500035 0.0500035 -0.0500035 0.0500035 -0.0500035 -0.0500035 0.0500035 0.0500035 -0.0500035 -0.0500035 0.0500035 0.0500035 -0.0500035
internal_weight=0.329681 0.205357 0.168907 0.124324 0.00810411 0.11622 0.113738 0.159241 0.153066 0.147333 0.141585 0.0364499 0.133832 0.12936 0.0353942 0.12378 0.0343619 0.00239456 0.11946 0.0330238 0.114558 0.111177 0.031986 0.110317 0.0477721 0.110173 0.108609 0.019246 0.00951266 0.0309773
internal_count=4320 1595 731 2725 67 2658 2649 711 695 681 661 864 630 610 843 585 816 58 565 782 542 2631 757 522 226 2607 2570 91 45 733
is_linear=0
shrinkage=0.05


Tree=178
num_leaves=31
num_cat=0
split_feature=67 6 40 51 5 40 5 1 24 21 14 52 18 22 10 24 6 40 14 19 9 17 25 29 21 25 66 0 13 25
split_gain=0.156781 0.101371 0.0348638 0.014312 0.00642075 3.11266e-10 5.99934e-11 2.89603e-11 2.14439e-11 2.91908e-12 1.6637e-12 3.26197e-13 7.75491e-14 7.85066e-14 1.35447e-14 1.1352e-14 9.17322e-15 3.86713e-15 1.45717e-15 7.04298e-16 3.19189e-16 2.35922e-16 8.32667e-17 3.46945e-17 2.77556e-17 3.46945e-17 2.08167e-17 1.38778e-17 1.38778e-17 1.38778e-17
threshold=1.5000000000000002 21.000000000000004 5.8285715579986581 1.5000000000000002 11598.000000000002 1298.497741699219 11619.500000000002 23699.500000000004 997.50000000000011 13850000.000000002 2.5229492187500004 33.875000000000007 31272.000000000004 30050000.000000004 66.500000000000014 707.50000000000011 2159.5000000000005 1176.3000488281252 2.8556319475173955 80.500000000000014 204.4507751464844 21750000.000000004 194153.00000000003 824.00000000000011 1262517.0000000002 51494.500000000007 181.00000000000003 46897.000000000007 4111.9427490234384 8048350.0000000009
decision_type=2 2 2 2 2 2 2 2 2 2 2 2 2 2 2 2 2 2 2 2 2 2 2 2 2 2 2 2 2 2
left_child=3 2 -2 5 17 6 20 -4 9 10 -9 -3 -12 15 -13 18 19 -5 -14 23 27 22 24 26 25 -20 -16 29 -24 -1
right_child=1 11 7 4 -6 -7 -8 8 -10 -11 12 14 13 -15 16 -17 -18 -19 21 -21 -22 -23 28 -25 -26 -27 -28 -29 -30 -31
leaf_value=-0.05000335285635589 -0.050257931658170621 -0.050004249845162531 0.050007159905342102 -0.050003346749950155 0.050010060392245773 -0.050021882571168186 -0.05001128832869333 0.050004143318565612 0.050006654995238431 0.050004591656830494 0.050003580785908698 -0.050003191683275085 0.050003379510467766 0.050003551685515228 -0.050003351871738447 0.050003436771564019 -0.050003193837065356 -0.050003216230276787 0.050003354099759562 -0.050003306474741188 -0.050003327193005612 0.050003362822632971 0.050003348810047338 -0.050003339287504937 0.050003350579626661 0.050003350543220242 -0.050003348431010765 -0.050003352919396032 0.050003349809249809 -0.050003348189197508
leaf_weight=0.091455793804925634 0.0091969623026670888 0.0010042899266409213 0.0058734826452564439 0.0012049598917656104 0.0054311531712301075 0.0023610833741258821 0.0024364208802580825 0.0073746161360759279 0.0054532001959159962 0.0054679928871337316 0.0042538754350971422 0.0015636483312846386 0.0046626697876490644 0.0053087235428392878 0.00402005527212168 0.0041092733154073349 0.0010069593718071692 0.0010728214874689002 0.018910853163106367 0.0010311077676306004 0.0011952040586038484 0.0042355533223599187 0.034169174527050927 0.0010017470667662556 0.028339838288957253 0.011457232394604944 0.02504455330199562 0.011698178728693165 0.011858531390316784 0.0014059428394830311
leaf_count=2275 20 21 16 30 9 9 18 31 14 20 20 42 23 25 100 20 27 28 94 26 30 21 170 25 141 57 623 291 59 35
internal_value=2.55414e-05 0.0275327 0.0442647 -0.0454108 0.0204588 -0.0500039 -0.0500035 0.0500037 0.0500036 0.0500035 0.0500034 -0.0500034 0.0500034 0.0500034 -0.0500033 0.0500034 -0.0500033 -0.0500033 0.0500034 -0.0500033 -0.0500034 0.0500034 0.0500034 -0.0500033 0.0500034 0.0500034 -0.0500033 -0.0500034 0.0500033 -0.0500034
internal_weight=0.313606 0.195344 0.160672 0.118262 0.00770893 0.110553 0.108192 0.151475 0.145602 0.140148 0.13468 0.0346724 0.127306 0.123052 0.0336681 0.117743 0.0321044 0.00227778 0.113634 0.0310975 0.105755 0.108971 0.104736 0.0300664 0.0587079 0.0303681 0.0290646 0.10456 0.0460277 0.0928617
internal_count=4320 1595 731 2725 67 2658 2649 711 695 681 661 864 630 610 843 585 801 58 565 774 2631 542 521 748 292 151 723 2601 229 2310
is_linear=0
shrinkage=0.05


Tree=179
num_leaves=31
num_cat=0
split_feature=67 6 40 51 5 40 5 1 24 21 14 52 18 22 10 24 6 40 14 19 9 17 15 29 0 0 10 52 22 6
split_gain=0.149133 0.0964253 0.0331627 0.0136139 0.00610756 2.68046e-10 5.16419e-11 2.49219e-11 1.84736e-11 2.50802e-12 1.42197e-12 2.48357e-13 6.61138e-14 6.63636e-14 1.28786e-14 9.90874e-15 7.5287e-15 3.33067e-15 1.11022e-15 5.82867e-16 2.08167e-16 1.94289e-16 4.16334e-17 3.1225e-17 1.38778e-17 2.77556e-17 1.38778e-17 1.38778e-17 1.04083e-17 6.93889e-18
threshold=1.5000000000000002 21.000000000000004 5.8285715579986581 1.5000000000000002 11598.000000000002 1298.497741699219 11619.500000000002 23699.500000000004 997.50000000000011 13850000.000000002 2.5229492187500004 36.416666030883796 31272.000000000004 30050000.000000004 66.500000000000014 707.50000000000011 1983.5000000000002 1176.3000488281252 2.8556319475173955 79.500000000000014 204.4507751464844 21750000.000000004 0.75138011574745189 801.00000000000011 56942.500000000007 50654.000000000007 10183.500000000002 7.4166667461395273 3877469.8750000005 298.50000000000006
decision_type=2 2 2 2 2 2 2 2 2 2 2 2 2 2 2 2 2 2 2 2 2 2 2 2 2 2 2 2 2 2
left_child=3 2 -2 5 17 6 20 -4 9 10 -9 -3 -12 15 -13 18 19 -5 -14 23 24 22 28 29 25 -1 27 -24 -20 -16
right_child=1 11 7 4 -6 -7 -8 8 -10 -11 12 14 13 -15 16 -17 -18 -19 21 -21 -22 -23 26 -25 -26 -27 -28 -29 -30 -31
leaf_value=-0.050003186959508339 -0.05024536873643029 -0.050003948555766065 0.050006811084163029 -0.050003184112757039 0.050009572230786538 -0.050020817341277883 -0.050010735837220321 0.050003939504259236 0.050006332423930433 0.050004367388768747 0.050003405998592411 -0.050003024154687964 0.050003214012758951 0.050003377742153604 -0.050003187030438059 0.050003270656429358 -0.05000304811765649 -0.050003059923034159 0.05000318857063131 -0.050003148980749437 -0.05000316514495376 0.050003199329846107 0.050003190689390957 -0.050003178133224073 -0.050003187080240964 -0.050003187080362235 0.050003186381031385 0.050003188416813484 0.050003186246701525 -0.050003187082206468
leaf_weight=0.089442049629724352 0.0087505531628266908 0.0010695423588913391 0.0055870673386380068 0.0011461969370429861 0.0051663222257047892 0.0022459786268882445 0.0023176201066235072 0.0070149796374607823 0.0051872771873604498 0.005201338470214977 0.0040464252961101002 0.0013731644830841097 0.0044352829863782963 0.0050498311029514289 0.011433668922109064 0.003908874365151859 0.0010343312460463485 0.0010205024846072774 0.0053535348852165035 0.0010573193103482472 0.0011369168678356792 0.0040289957833010695 0.01167573084239848 0.0010675955491024061 0.0012619028129847712 0.0087568404924240895 0.0047804129717405877 0.056215170567156747 0.021603079803753644 0.01594585316706798
leaf_count=2339 20 24 16 30 9 9 18 31 14 20 20 39 23 25 299 20 29 28 28 28 30 21 61 28 33 229 25 294 113 417
internal_value=2.55498e-05 0.0275323 0.0442639 -0.0454106 0.0204587 -0.0500037 -0.0500034 0.0500035 0.0500034 0.0500033 0.0500032 -0.0500032 0.0500032 0.0500032 -0.0500032 0.0500032 -0.0500032 -0.0500031 0.0500032 -0.0500032 -0.0500032 0.0500032 0.0500032 -0.0500032 -0.0500032 -0.0500032 0.0500032 0.0500032 0.0500032 -0.0500032
internal_weight=0.298314 0.18582 0.152839 0.112494 0.00733302 0.105161 0.102915 0.144088 0.138501 0.133314 0.128112 0.0329815 0.121097 0.117051 0.0319119 0.112001 0.0305388 0.0021667 0.108092 0.0295044 0.100598 0.103657 0.0996279 0.0284471 0.0994608 0.0981989 0.0726713 0.0678909 0.0269566 0.0273795
internal_count=4320 1595 731 2725 67 2658 2649 711 695 681 661 864 630 610 840 585 801 58 565 772 2631 542 521 744 2601 2568 380 355 141 716
is_linear=0
shrinkage=0.05


Tree=180
num_leaves=31
num_cat=0
split_feature=67 6 40 51 5 40 5 1 24 21 14 52 18 22 10 24 9 14 14 19 9 17 29 0 1 34 14 21 0 0
split_gain=0.141859 0.0917214 0.0315446 0.0129499 0.00580964 2.30601e-10 4.44332e-11 2.1461e-11 1.58884e-11 2.1646e-12 1.22624e-12 2.15064e-13 5.66214e-14 5.74402e-14 1.096e-14 8.25728e-15 6.21725e-15 2.86359e-15 1.08247e-15 4.61436e-16 1.66533e-16 1.38778e-16 3.46945e-17 2.77556e-17 2.77556e-17 2.77556e-17 1.38778e-17 6.93889e-18 3.46945e-18 3.46945e-18
threshold=1.5000000000000002 21.000000000000004 5.8285715579986581 1.5000000000000002 11598.000000000002 1298.497741699219 11619.500000000002 23699.500000000004 997.50000000000011 13850000.000000002 2.5229492187500004 36.416666030883796 31272.000000000004 30050000.000000004 66.500000000000014 707.50000000000011 919.80029296875011 74025.175781250015 2.8556319475173955 78.500000000000014 204.4507751464844 21750000.000000004 767.50000000000011 3285.0000000000005 5952327.5000000009 98.000000000000014 200130.99218750003 514594.25000000006 443.50000000000006 66.000000000000014
decision_type=2 2 2 2 2 2 2 2 2 2 2 2 2 2 2 2 2 2 2 2 2 2 2 2 2 2 2 2 2 2
left_child=3 2 -2 5 17 6 20 -4 9 10 -9 -3 -12 15 -13 18 19 -5 -14 22 23 24 28 -1 25 26 -20 -27 29 -16
right_child=1 11 7 4 -6 -7 -8 8 -10 -11 12 14 13 -15 16 -17 -18 -19 21 -21 -22 -23 -24 -25 -26 27 -28 -29 -30 -31
leaf_value=-0.050003030503700453 -0.050233416555713985 -0.050003757289575505 0.050006479559546485 -0.05000302938216581 0.05000910352939833 -0.050019796957185204 -0.050010209920578565 0.050003747845251356 0.050006022402833 0.050004155705570735 0.050003239227093821 -0.050002876589026891 0.050003058534696214 0.050003213284640795 -0.050003033343709313 0.050003109785005752 -0.050002903366556106 -0.050002911475693128 0.050003032137478587 -0.05000299571425583 -0.050003011291635757 0.050003042698938661 -0.050003022012688525 -0.050003030418747423 0.050003031629364841 0.050003034303513244 0.050003034297622664 0.050003036595233821 -0.050003030452807622 -0.050003030507798418
leaf_weight=0.062782638196949847 0.0083257141886861064 0.0010173839691560707 0.0053146173740969962 0.0010545685108809258 0.0049144025542773306 0.0021364833373809225 0.0022046109224902457 0.0066728799574775613 0.0049343205464538178 0.0049476865533506489 0.0038490913284476838 0.0013061982008366604 0.0042189845989923916 0.0048035633808467528 0.0010549902399361591 0.0037182479718467212 0.0010203035290032849 0.0010064658745250199 0.052561371063347906 0.0010057614781544535 0.001081472013538586 0.0038325110217556349 0.0010154877854802171 0.031827675815293333 0.028370103784254752 0.0040078507154248655 0.0038227402255870393 0.0060072389896959066 0.0081115405555465259 0.0168413796054665
leaf_count=1726 20 24 16 29 9 9 18 31 14 20 20 39 23 25 29 20 30 29 289 28 30 21 28 875 156 22 21 33 223 463
internal_value=2.55595e-05 0.0275319 0.0442632 -0.0454104 0.0204585 -0.0500035 -0.0500032 0.0500034 0.0500032 0.0500031 0.0500031 -0.050003 0.0500031 0.050003 -0.050003 0.050003 -0.050003 -0.050003 0.050003 -0.050003 -0.050003 0.050003 -0.050003 -0.050003 0.050003 0.050003 0.050003 0.050003 -0.050003 -0.050003
internal_weight=0.283768 0.17676 0.145387 0.107008 0.00697544 0.100033 0.0978964 0.137061 0.131747 0.126812 0.121865 0.031373 0.115192 0.111343 0.0303557 0.106539 0.0290495 0.00206103 0.102821 0.0280292 0.0956918 0.0986018 0.0270234 0.0946103 0.0947693 0.0663992 0.0563841 0.0100151 0.0260079 0.0178964
internal_count=4320 1595 731 2725 67 2658 2649 711 695 681 661 864 630 610 840 585 801 58 565 771 2631 542 743 2601 521 365 310 55 715 492
is_linear=0
shrinkage=0.05


Tree=181
num_leaves=31
num_cat=0
split_feature=67 6 40 51 5 40 5 1 24 21 14 6 18 22 7 24 6 14 19 9 17 29 25 36 0 14 23 52 66 29
split_gain=0.13494 0.087247 0.0300055 0.0123183 0.00552626 1.98447e-10 3.82278e-11 1.84864e-11 1.36829e-11 1.86047e-12 1.06175e-12 1.76897e-13 4.9058e-14 5.03764e-14 9.35363e-15 7.49401e-15 4.82947e-15 1.06859e-15 5.82867e-16 2.08167e-16 1.80411e-16 6.245e-17 5.55112e-17 2.08167e-17 1.38778e-17 6.93889e-18 6.93889e-18 6.93889e-18 6.93889e-18 3.46945e-18
threshold=1.5000000000000002 21.000000000000004 5.8285715579986581 1.5000000000000002 11598.000000000002 1298.497741699219 11619.500000000002 23699.500000000004 997.50000000000011 13850000.000000002 2.5229492187500004 37.500000000000007 31272.000000000004 30050000.000000004 4.0000000000000009 707.50000000000011 3082.5000000000005 2.8556319475173955 79.500000000000014 204.4507751464844 21750000.000000004 832.00000000000011 243857.50000000003 49.152601242065437 57363.000000000007 164.15662384033206 852.00000000000011 7.4166667461395273 232.00000000000003 184.50000000000003
decision_type=2 2 2 2 2 2 2 2 2 2 2 2 2 2 2 2 2 2 2 2 2 2 2 2 2 2 2 2 2 2
left_child=3 2 -2 5 -5 6 19 -4 9 10 -9 -3 -12 15 16 17 18 -14 21 24 22 28 23 27 -1 -24 -27 -19 -13 -28
right_child=1 11 7 4 -6 -7 -8 8 -10 -11 12 14 13 -15 -16 -17 -18 20 -20 -21 -22 -23 25 -25 -26 26 29 -29 -30 -31
leaf_value=-0.050002886012185256 -0.050222047073536051 -0.050003533419341141 0.050006163790346496 -0.050002827218568392 0.050008662483412361 -0.050018833204800453 -0.050009713773251099 0.050003565956755584 0.050005728441716482 0.050003951343956965 0.050003080782789359 -0.050002883728911152 0.050002909850828704 0.050003057004080344 -0.050002727085433567 0.050002958794042068 -0.050002767642552293 0.050002884873349432 -0.05000284296244966 -0.050002863137823587 0.050002894530040989 -0.050002869003363141 0.050002883297807416 0.050002887171142596 -0.050002886140295889 0.050002881160425262 0.05000288160126061 0.050002883323127967 -0.050002881016151669 0.050002883280259258
leaf_weight=0.088958353731868556 0.0079214120924007148 0.0010397330443083766 0.0050554515764815724 0.0019605220913945223 0.0046747644664719701 0.0020323240460129446 0.0020971111589460625 0.0063474624184891573 0.0046936977014411232 0.0047064037498785174 0.0036613801785279057 0.0027330298653396303 0.0040132338763214639 0.004569304786855354 0.0011075010406784705 0.0035369172837818033 0.0010052725883724625 0.017310225230176002 0.0010573055369604836 0.0010287309669365632 0.0036456077941693357 0.00103236560607911 0.0048430716269649557 0.0046757919917581594 0.0010380214371252796 0.016089299679151736 0.013148277852451429 0.02923683580593206 0.021867842497158563 0.004844110502745024
leaf_count=2571 20 26 16 58 9 9 18 31 14 20 20 79 23 25 35 20 31 100 31 30 21 30 28 27 30 93 76 169 632 28
internal_value=2.5566e-05 0.0275316 0.0442625 -0.0454102 0.0204584 -0.0500034 -0.050003 0.0500032 0.0500031 0.050003 0.0500029 -0.0500029 0.0500029 0.0500029 -0.0500029 0.0500029 -0.0500029 0.0500029 -0.0500029 -0.0500029 0.0500029 -0.0500029 0.0500029 0.0500029 -0.0500029 0.0500029 0.0500029 0.0500029 -0.0500029 0.0500029
internal_weight=0.269931 0.168142 0.138298 0.10179 0.00663529 0.0951545 0.0931222 0.130377 0.125322 0.120628 0.115922 0.0298431 0.109574 0.105913 0.0288033 0.101343 0.0276958 0.0978065 0.0266905 0.0910251 0.0937932 0.0256332 0.0901476 0.0512229 0.0899964 0.0389248 0.0340817 0.0465471 0.0246009 0.0179924
internal_count=4320 1595 731 2725 67 2658 2649 711 695 681 661 864 630 610 838 585 803 565 772 2631 542 741 521 296 2601 225 197 269 711 104
is_linear=0
shrinkage=0.05


Tree=182
num_leaves=31
num_cat=0
split_feature=67 6 40 51 5 40 5 1 24 21 14 6 18 22 10 24 6 14 19 10 22 1 29 25 12 0 14 24 66 1
split_gain=0.128358 0.0829909 0.0285415 0.0117175 0.00525671 1.70713e-10 3.28853e-11 1.58991e-11 1.17697e-11 1.59556e-12 9.15226e-13 1.37026e-13 4.19664e-14 4.23411e-14 7.37257e-15 5.91194e-15 4.39579e-15 7.49401e-16 4.61436e-16 1.94289e-16 1.11022e-16 4.16334e-17 3.1225e-17 2.77556e-17 2.08167e-17 1.38778e-17 1.38778e-17 1.38778e-17 1.38778e-17 6.93889e-18
threshold=1.5000000000000002 21.000000000000004 5.8285715579986581 1.5000000000000002 11598.000000000002 1298.497741699219 11619.500000000002 23699.500000000004 997.50000000000011 13850000.000000002 2.5229492187500004 38.500000000000007 31272.000000000004 30050000.000000004 66.500000000000014 707.50000000000011 1839.0000000000002 2.8556319475173955 74.500000000000014 8681.5000000000018 28400000.000000004 5952327.5000000009 740.50000000000011 6155865.0000000009 2899.5000000000005 53727.500000000007 6.9543063640594491 319.50000000000006 232.00000000000003 7919610.5000000009
decision_type=2 2 2 2 2 2 2 2 2 2 2 2 2 2 2 2 2 2 2 2 2 2 2 2 2 2 2 2 2 2
left_child=3 2 -2 5 -5 6 19 -4 9 10 -9 -3 -12 15 -13 17 18 -14 22 23 21 24 28 25 26 -1 -19 -28 -16 -23
right_child=1 11 7 4 -6 -7 -8 8 -10 -11 12 14 13 -15 16 -17 -18 20 -20 -21 -22 29 -24 -25 -26 -27 27 -29 -30 -31
leaf_value=-0.050002746652256305 -0.050211233592723219 -0.050003306448220756 0.050005863224310956 -0.050002689257389259 0.050008240655886063 -0.050017911753695389 -0.050009239509250215 0.050003393768358662 0.050005449462569129 0.050003758175263362 0.050002931213216674 -0.050002622911280971 0.050002767043627286 0.050002907390082313 -0.050002743514452691 0.050002812910343621 -0.050002638633165279 0.050002742681686807 -0.050002712395332896 -0.050002724585756934 0.050002753629916713 0.050002742073268908 -0.050002736895188485 -0.050002740455431127 0.050002742661987891 -0.050002746559333316 0.050002745599064202 0.050002742214746265 -0.050002746723513403 0.050002743203912695
leaf_weight=0.081658460971084423 0.0075366623277659519 0.0010878898610826573 0.0048089224292198187 0.001864911333541385 0.0044468102278187871 0.0019332410447532302 0.0019948522458435028 0.0060379133792594067 0.0044648076582234344 0.0044768865627702317 0.0034828227508114642 0.001410926064636441 0.00381751668464858 0.0043464697810122735 0.0027976552592008366 0.0033644293143879614 0.0010219536488875738 0.0044438100885599843 0.0010732619084592434 0.0010121127143065669 0.0034677741787163532 0.0082283521624049172 0.0010175963761867015 0.0017102296187658786 0.0092166413523955271 0.0022051913801988112 0.043128666846314445 0.0032917017088038838 0.019978381555119995 0.017442168478737585
leaf_count=2481 20 29 16 58 9 9 18 31 14 20 20 46 23 25 85 20 33 27 33 31 21 50 31 52 56 67 262 20 607 106
internal_value=2.55735e-05 0.0275312 0.0442619 -0.0454101 0.0204582 -0.0500032 -0.0500029 0.050003 0.0500029 0.0500028 0.0500028 -0.0500028 0.0500028 0.0500028 -0.0500027 0.0500027 -0.0500027 0.0500027 -0.0500027 -0.0500027 0.0500027 0.0500027 -0.0500027 -0.0500027 0.0500027 -0.0500027 0.0500027 0.0500027 -0.0500027 0.0500027
internal_weight=0.256769 0.159943 0.131556 0.0968258 0.00631172 0.0905141 0.0885808 0.124019 0.11921 0.114745 0.110268 0.0283877 0.10423 0.100748 0.0272998 0.0964011 0.0258888 0.0930366 0.0248669 0.086586 0.0892191 0.0857513 0.0237936 0.0855739 0.0600808 0.0838637 0.0508642 0.0464204 0.022776 0.0256705
internal_count=4320 1595 731 2725 67 2658 2649 711 695 681 661 864 630 610 835 585 789 565 756 2631 542 521 723 2600 365 2548 309 282 692 156
is_linear=0
shrinkage=0.05


Tree=183
num_leaves=31
num_cat=0
split_feature=67 6 40 51 5 40 5 1 24 21 14 6 18 22 10 24 6 14 19 4 17 36 0 29 14 14 0 14 14 1
split_gain=0.122097 0.0789425 0.027149 0.011146 0.0050003 1.47023e-10 2.83557e-11 1.3683e-11 1.0131e-11 1.37376e-12 7.86288e-13 1.18495e-13 3.61378e-14 3.67206e-14 5.87377e-15 5.52336e-15 3.39659e-15 5.27356e-16 3.36536e-16 1.11022e-16 8.32667e-17 5.55112e-17 1.38778e-17 1.04083e-17 6.93889e-18 6.93889e-18 3.46945e-18 3.46945e-18 3.46945e-18 1.73472e-18
threshold=1.5000000000000002 21.000000000000004 5.8285715579986581 1.5000000000000002 11598.000000000002 1298.497741699219 11619.500000000002 23699.500000000004 997.50000000000011 13850000.000000002 2.5229492187500004 38.500000000000007 31272.000000000004 30050000.000000004 66.500000000000014 707.50000000000011 1792.5000000000002 2.8556319475173955 74.500000000000014 415.50000000000006 21750000.000000004 1.2313995957374575 51804.000000000007 698.50000000000011 81143.773437500015 123.91339111328126 407.00000000000006 141.09117126464847 210582.96093750003 100522152.00000001
decision_type=2 2 2 2 2 2 2 2 2 2 2 2 2 2 2 2 2 2 2 2 2 2 2 2 2 2 2 2 2 2
left_child=3 2 -2 5 -5 6 19 -4 9 10 -9 -3 -12 15 -13 17 18 -14 23 22 21 27 -1 26 25 -23 29 -19 -26 -16
right_child=1 11 7 4 -6 -7 -8 8 -10 -11 12 14 13 -15 16 -17 -18 20 -20 -21 -22 24 -24 -25 28 -27 -28 -29 -30 -31
leaf_value=-0.050002608712923571 -0.050200938680407384 -0.050003143394989007 0.050005576880957928 -0.050002558327559357 0.050007836416966558 -0.050017038679591598 -0.050008790602113697 0.050003227489938865 0.050005183531596012 0.050003574795400386 0.050002788078536142 -0.05000249594407731 0.050002629796198052 0.050002765901243452 -0.050002608763379502 0.050002678166793303 -0.050002513243920216 0.050002608380423731 -0.050002578942211967 -0.050002593397719265 0.050002618612373241 0.050002610782819396 -0.050002608666727524 -0.050002603022947227 0.050002609133678266 0.050002611393085317 -0.050002608708205713 0.050002609023240711 0.050002610868149881 -0.050002608659698702
leaf_weight=0.075265081326506333 0.0071705279406160108 0.0010348361283831755 0.0045744140370516098 0.0017739630311552892 0.004229969868902117 0.001838987067458219 0.0018975788188981815 0.0057434593181824303 0.0042470783664612091 0.0042585615010466418 0.0033129727235063902 0.0013421177445707136 0.0036313438758952534 0.0041345013887621454 0.010081350592372473 0.0032003525848267591 0.0010034230417659265 0.020193695454508997 0.0010209209613094563 0.001149722373156691 0.0032987000740831709 0.0094007283914834261 0.005948555401118937 0.0010618946907925411 0.0062616320938104764 0.033344558803946711 0.0099872223800048232 0.0092350015183910728 0.0031337523832917213 0.0014714887074660518
leaf_count=2404 20 29 16 58 9 9 18 31 14 20 20 46 23 25 322 20 34 129 33 37 21 60 190 34 40 213 319 59 20 47
internal_value=2.55823e-05 0.0275309 0.0442613 -0.0454099 0.0204581 -0.0500031 -0.0500027 0.0500029 0.0500028 0.0500027 0.0500027 -0.0500026 0.0500026 0.0500026 -0.0500026 0.0500026 -0.0500026 0.0500026 -0.0500026 -0.0500026 0.0500026 0.0500026 -0.0500026 -0.0500026 0.0500026 0.0500026 -0.0500026 0.0500026 0.0500026 -0.0500026
internal_weight=0.244248 0.152145 0.125141 0.0921039 0.00600393 0.0860999 0.0842609 0.117971 0.113396 0.109149 0.104891 0.0270033 0.0991472 0.0958343 0.0259684 0.0916998 0.0246263 0.0884994 0.0236229 0.0823634 0.0848681 0.0815694 0.0812136 0.022602 0.0521407 0.0427453 0.0215401 0.0294287 0.00939538 0.0115528
internal_count=4320 1595 731 2725 67 2658 2649 711 695 681 661 864 630 610 835 585 789 565 755 2631 542 521 2594 722 333 273 688 188 60 369
is_linear=0
shrinkage=0.05


Tree=184
num_leaves=31
num_cat=0
split_feature=67 6 40 51 5 40 5 1 24 21 14 6 18 22 13 24 6 14 19 4 17 1 2 0 1 29 16 1 1 13
split_gain=0.116141 0.0750917 0.0258244 0.0106024 0.00475641 1.26473e-10 2.43768e-11 1.17811e-11 8.72998e-12 1.18569e-12 6.76001e-13 9.67559e-14 3.17801e-14 3.18912e-14 5.22846e-15 4.85723e-15 2.52229e-15 5.41234e-16 3.95517e-16 9.71445e-17 8.32667e-17 2.77556e-17 2.77556e-17 1.38778e-17 1.38778e-17 1.04083e-17 5.20417e-18 3.46945e-18 1.73472e-18 1.73472e-18
threshold=1.5000000000000002 21.000000000000004 5.8285715579986581 1.5000000000000002 11598.000000000002 1298.497741699219 11619.500000000002 23699.500000000004 997.50000000000011 13850000.000000002 2.5229492187500004 39.500000000000007 31272.000000000004 30050000.000000004 2.7303709983825688 707.50000000000011 2000.5000000000002 2.8556319475173955 77.500000000000014 415.50000000000006 21750000.000000004 6000246.0000000009 4.5000000000000009 55691.000000000007 1372485.0000000002 740.50000000000011 526180.37500000012 85035688.000000015 82298360.000000015 607.96490478515636
decision_type=2 2 2 2 2 2 2 2 2 2 2 2 2 2 2 2 2 2 2 2 2 2 2 2 2 2 2 2 2 2
left_child=3 2 -2 5 -5 6 19 -4 9 10 -9 -3 -12 15 -13 17 18 -14 25 23 21 22 24 -1 -19 27 -24 28 29 -16
right_child=1 11 7 4 -6 -7 -8 8 -10 -11 12 14 13 -15 16 -17 -18 20 -20 -21 -22 -23 26 -25 -26 -27 -28 -29 -30 -31
leaf_value=-0.050002482811091022 -0.050191150734977867 -0.050002961417292893 0.050005305131108596 -0.05000243423029968 0.050007450452525262 -0.050016205007959016 -0.050008359672077278 0.050003069468937067 0.050004931844202266 0.050003401352699733 0.050002653501172181 -0.05000236200780931 0.050002503009642429 0.050002631308770723 -0.050002479817812674 0.050002547787174015 -0.050002397745414685 0.050002482306540308 -0.050002447985572664 -0.050002468141768723 0.050002490841665637 0.050002481418971928 0.050002486958910068 -0.050002482826763839 0.05000248213829514 -0.050002475150462827 0.050002484203601164 -0.050002479977439424 -0.050002479773620767 -0.050002480915051987
leaf_weight=0.076151085586388945 0.0068221137480577445 0.0010439441775815786 0.0043513402779353774 0.0016874499597179229 0.0040237019711639732 0.0017493270279373965 0.0018050478902296154 0.0054633643158012992 0.0040399658755632109 0.0040508827223675317 0.0031514054426224894 0.0010721374364948124 0.0034542497305665157 0.0039328696730080983 0.0083384052195469849 0.0030442773422691962 0.0010142435548914355 0.036187117104418576 0.001027422966217272 0.0010936524431599528 0.0031378283601952708 0.022929910963284783 0.0029835722234565765 0.0011019097273674552 0.010423503670608625 0.0010394065539003341 0.005067271544248797 0.007981475366250379 0.0013103787350701177 0.0028589392150024659
leaf_count=2557 20 31 16 58 9 9 18 31 14 20 20 39 23 25 280 20 36 243 35 37 21 154 20 37 70 35 34 268 44 96
internal_value=2.55881e-05 0.0275306 0.0442607 -0.0454098 0.020458 -0.0500029 -0.0500026 0.0500028 0.0500027 0.0500026 0.0500025 -0.0500025 0.0500025 0.0500025 -0.0500025 0.0500025 -0.0500025 0.0500025 -0.0500025 -0.0500025 0.0500025 0.0500025 0.0500025 -0.0500025 0.0500025 -0.0500025 0.0500025 -0.0500025 -0.0500025 -0.0500025
internal_weight=0.232338 0.144726 0.11904 0.0876122 0.00571115 0.081901 0.0801517 0.112218 0.107866 0.103826 0.0997754 0.0256864 0.094312 0.0911606 0.0246424 0.0872277 0.0235703 0.0841835 0.022556 0.0783466 0.0807292 0.0775914 0.0546615 0.077253 0.0466106 0.0215286 0.00805084 0.0204892 0.0125077 0.0111973
internal_count=4320 1595 731 2725 67 2658 2649 711 695 681 661 864 630 610 833 585 794 565 758 2631 542 521 367 2594 313 723 54 688 420 376
is_linear=0
shrinkage=0.05


Tree=185
num_leaves=27
num_cat=0
split_feature=67 6 40 51 5 40 5 1 24 21 14 6 18 22 13 24 8 14 19 4 22 0 1 29 1 9
split_gain=0.110476 0.0714287 0.0245645 0.0100853 0.00452441 1.089e-10 2.09716e-11 1.01365e-11 7.50004e-12 1.02016e-12 5.81923e-13 8.00922e-14 2.69507e-14 2.70201e-14 4.76355e-15 3.78864e-15 2.25167e-15 5.13478e-16 2.39392e-16 9.71445e-17 5.55112e-17 1.38778e-17 1.38778e-17 1.38778e-17 3.46945e-18 6.93889e-18
threshold=1.5000000000000002 21.000000000000004 5.8285715579986581 1.5000000000000002 11598.000000000002 1298.497741699219 11619.500000000002 23699.500000000004 997.50000000000011 13850000.000000002 2.5229492187500004 40.500000000000007 31272.000000000004 30050000.000000004 3.4820507764816289 707.50000000000011 403.36904907226568 2.8556319475173955 69.500000000000014 415.50000000000006 28400000.000000004 53715.000000000007 78448376.000000015 663.00000000000011 101375772.00000001 84.731826782226577
decision_type=2 2 2 2 2 2 2 2 2 2 2 2 2 2 2 2 2 2 2 2 2 2 2 2 2 2
left_child=3 2 -2 5 -5 6 19 -4 9 10 -9 -3 -12 15 -13 17 18 -14 23 21 22 -1 -19 24 25 -16
right_child=1 11 7 4 -6 -7 -8 8 -10 -11 12 14 13 -15 16 -17 -18 20 -20 -21 -22 -23 -24 -25 -26 -27
leaf_value=-0.050002362814883065 -0.050181836348198117 -0.050002804510905489 0.050005046410582323 -0.05000231476514775 0.050007089869835812 -0.050015418216131952 -0.050007951723259982 0.050002920363627079 0.050004689765841361 0.050003235851712062 0.050002523524623727 -0.050002253332516157 0.050002382440306171 0.050002502485318082 -0.050002359705966372 0.050002421371672094 -0.050002285846291641 0.050002362164966375 -0.050002337883512216 -0.050002347355293901 0.050002368713159606 -0.050002362820925385 0.050002359538632579 -0.050002355857069331 -0.050002362473466483 -0.050002362603164208
leaf_weight=0.071474139385827584 0.0064905694307526565 0.001021373640469391 0.0041391437989659599 0.0016051557795435647 0.0038274907856248319 0.0016640369722153983 0.0017170283681480205 0.0051969281485071397 0.0038429524138336993 0.0038533312472281969 0.0029977171652717507 0.0011579109304875592 0.0032857917685760176 0.0037410707445815197 0.0011044414241041514 0.0028958133043488479 0.0010497690855117972 0.069559087831294164 0.0010654222405719329 0.00104031683258654 0.0029847632395103565 0.0020113557966396902 0.0042483249126235014 0.0010458279193699118 0.0014731477094755965 0.016515779556357302
leaf_count=2523 20 32 16 58 9 9 18 31 14 20 20 44 23 25 39 20 39 491 38 37 21 71 30 37 52 583
internal_value=2.55946e-05 0.0275303 0.0442601 -0.0454097 0.0204578 -0.0500028 -0.0500025 0.0500026 0.0500025 0.0500024 0.0500024 -0.0500024 0.0500024 0.0500024 -0.0500024 0.0500024 -0.0500024 0.0500024 -0.0500024 -0.0500024 0.0500024 -0.0500024 0.0500024 -0.0500024 -0.0500024 -0.0500024
internal_weight=0.221009 0.137669 0.113235 0.0833395 0.00543265 0.0779069 0.0762428 0.106745 0.102606 0.0987628 0.0949095 0.0244337 0.0897126 0.0867149 0.0234123 0.0829738 0.0222544 0.080078 0.0212046 0.0745258 0.0767922 0.0734855 0.0738074 0.0201392 0.0190934 0.0176202
internal_count=4320 1595 731 2725 67 2658 2649 711 695 681 661 864 630 610 832 585 788 565 749 2631 542 2594 521 711 674 622
is_linear=0
shrinkage=0.05


Tree=186
num_leaves=30
num_cat=0
split_feature=67 6 40 51 5 40 5 1 24 21 14 6 18 22 13 24 9 14 19 1 4 1 15 15 29 21 15 66 21
split_gain=0.105088 0.0679444 0.0233661 0.00959342 0.00430372 9.37641e-11 1.80776e-11 8.72773e-12 6.45581e-12 8.78048e-13 4.98893e-13 6.5295e-14 2.32592e-14 2.34951e-14 4.36109e-15 3.48332e-15 1.90473e-15 4.44089e-16 2.11636e-16 6.93889e-17 4.16334e-17 1.38778e-17 1.38778e-17 1.38778e-17 1.38778e-17 6.93889e-18 3.46945e-18 3.46945e-18 1.73472e-18
threshold=1.5000000000000002 21.000000000000004 5.8285715579986581 1.5000000000000002 11598.000000000002 1298.497741699219 11619.500000000002 23699.500000000004 997.50000000000011 13850000.000000002 2.5229492187500004 41.500000000000007 31272.000000000004 30050000.000000004 3.4820507764816289 707.50000000000011 825.63333129882824 2.8556319475173955 69.500000000000014 82298360.000000015 414.50000000000006 5754868.0000000009 0.14234238862991336 1.0391108989715578 659.50000000000011 9058.0000000000018 0.72126206755638134 177.50000000000003 18519.250000000004
decision_type=2 2 2 2 2 2 2 2 2 2 2 2 2 2 2 2 2 2 2 2 2 2 2 2 2 2 2 2 2
left_child=3 2 -2 5 -5 6 20 -4 9 10 -9 -3 -12 15 -13 17 18 -14 24 21 22 23 -1 -19 27 -25 -23 -16 -27
right_child=1 11 7 4 -6 -7 -8 8 -10 -11 12 14 13 -15 16 -17 -18 19 -20 -21 -22 26 -24 25 -26 28 -28 -29 -30
leaf_value=-0.050002245388376942 -0.050172976336773159 -0.050002645752927066 0.050004800073036385 -0.050002202325162837 0.050006744683880382 -0.050014665413421394 -0.050007564847538703 0.050002776308556568 0.050004460461434988 0.050003077392874219 0.050002400038236118 -0.050002138024533384 0.050002265975475552 0.050002380525454852 -0.050002245635723898 0.050002304352952699 -0.050002176180143791 0.05000224309105037 -0.050002223608922702 0.050002252513215023 -0.050002234072700304 0.050002245371806475 -0.050002244441252314 0.050002246321670565 -0.05000224171975777 0.050002246216136387 0.050002244718032052 -0.050002247724585475 0.050002247556771122
leaf_weight=0.0040425211136607677 0.0061750834793201639 0.0010254599237669018 0.003937294226489029 0.0015268747629306736 0.0036408462328836322 0.0015829040785320094 0.0016333002495230167 0.0049434846732765427 0.0036555457772919899 0.0036654133873525998 0.0028515236044768235 0.0010475446342752539 0.0031255488720489657 0.0035586250014603129 0.0019132457127852822 0.00275458903342951 0.0010255208217131431 0.0026948819286189965 0.0010134632484550812 0.0032430714927613727 0.0010973832086165194 0.017784097231924534 0.065751400623412337 0.031530249063507654 0.0010756666815723284 0.0035035255859838807 0.0033684297959553069 0.016141179476107936 0.010922886955086142
leaf_count=150 20 34 16 58 9 9 18 31 14 20 20 42 23 25 71 20 40 20 38 24 41 132 2440 234 40 26 25 599 81
internal_value=2.56015e-05 0.02753 0.0442596 -0.0454095 0.0204577 -0.0500026 -0.0500024 0.0500025 0.0500024 0.0500023 0.0500023 -0.0500023 0.0500023 0.0500023 -0.0500022 0.0500022 -0.0500022 0.0500022 -0.0500022 0.0500022 -0.0500022 0.0500022 -0.0500022 0.0500022 -0.0500022 0.0500022 0.0500022 -0.0500022 0.0500022
internal_weight=0.210232 0.130956 0.107714 0.0792752 0.00516772 0.0741075 0.0725246 0.101539 0.0976019 0.0939463 0.0902809 0.0232421 0.0853374 0.0824859 0.0222166 0.0789273 0.0211691 0.0761727 0.0201436 0.0730471 0.0708913 0.0698041 0.0697939 0.0486515 0.0191301 0.0459567 0.0211525 0.0180544 0.0144264
internal_count=4320 1595 731 2725 67 2658 2649 711 695 681 661 864 630 610 830 585 788 565 748 542 2631 518 2590 361 710 341 157 670 107
is_linear=0
shrinkage=0.05


Tree=187
num_leaves=31
num_cat=0
split_feature=67 6 40 51 5 40 5 1 24 21 14 6 18 22 10 24 6 14 19 17 4 25 0 13 29 76 1 13 76 22
split_gain=0.0999621 0.0646301 0.0222262 0.00912552 0.00409381 8.06515e-11 1.55379e-11 7.5126e-12 5.56742e-12 7.5806e-13 4.32709e-13 5.52891e-14 2.00395e-14 2.01367e-14 3.33761e-15 3.05311e-15 1.51962e-15 4.30211e-16 1.42247e-16 8.32667e-17 5.55112e-17 4.16334e-17 1.38778e-17 6.93889e-18 6.93889e-18 6.93889e-18 3.46945e-18 3.46945e-18 3.46945e-18 1.73472e-18
threshold=1.5000000000000002 21.000000000000004 5.8285715579986581 1.5000000000000002 11598.000000000002 1298.497741699219 11619.500000000002 23699.500000000004 997.50000000000011 13850000.000000002 2.5229492187500004 42.500000000000007 31272.000000000004 30050000.000000004 66.500000000000014 707.50000000000011 1496.0000000000002 2.8556319475173955 66.500000000000014 21750000.000000004 414.50000000000006 111913.00000000001 53992.500000000007 4111.9427490234384 659.50000000000011 6660067.0000000009 34794112.000000007 3523.101928710938 5480674.5000000009 6569.7290039062509
decision_type=2 2 2 2 2 2 2 2 2 2 2 2 2 2 2 2 2 2 2 2 2 2 2 2 2 2 2 2 2 2
left_child=3 2 -2 5 -5 6 20 -4 9 10 -9 -3 -12 15 -13 17 18 -14 24 21 22 25 -1 27 26 28 -16 -23 -19 -25
right_child=1 11 7 4 -6 -7 -8 8 -10 -11 12 14 13 -15 16 -17 -18 19 -20 -21 -22 23 -24 29 -26 -27 -28 -29 -30 -31
leaf_value=-0.05000213595886363 -0.050164550204682912 -0.050002507235001187 0.05000456592031325 -0.050002094689579585 0.050006417325994347 -0.05001394715663865 -0.050007193279814732 0.050002642454735569 0.050004244702343485 0.050002928196589941 0.05000228274017067 -0.050002041018408154 0.050002155779113613 0.050002263771115246 -0.050002135994573864 0.050002192018626129 -0.0500020715602775 0.050002137428200366 -0.05000211714642569 0.050002145524416723 -0.050002125128818846 0.05000213479369281 -0.050002135962678065 0.050002135224316492 -0.050002132033733153 0.050002135849046794 -0.050002135972534029 0.050002134920641872 0.05000213829178083 0.050002137012178427
leaf_weight=0.065082880360932904 0.0058748829760588697 0.0010011121521529267 0.0037452872493304304 0.0014524112339131525 0.0034633023315109313 0.0015057260025059796 0.0015536544015048994 0.0047024004597915328 0.0034772774088196448 0.0034866592322941861 0.0027124593325424931 0.0010731806760304599 0.0029731204704148686 0.0033850765466922885 0.0082282228522672085 0.0026202518638456232 0.0010009638353949404 0.019235725078033283 0.0010665740301192264 0.0027007721510017282 0.001043865415340405 0.021787719699204899 0.0013072937144897869 0.0055110866378527135 0.0010232079857814816 0.011790882170316763 0.0087153365075209877 0.0025632089382270342 0.0033322605013381681 0.002563083588029258
leaf_count=2539 20 35 16 58 9 9 18 31 14 20 20 45 23 25 321 20 41 150 42 21 41 170 51 43 40 92 340 20 26 20
internal_value=2.5607e-05 0.0275298 0.0442591 -0.0454094 0.0204576 -0.0500025 -0.0500022 0.0500024 0.0500023 0.0500022 0.0500022 -0.0500021 0.0500021 0.0500021 -0.0500021 0.0500021 -0.0500021 0.0500021 -0.0500021 0.0500021 -0.0500021 0.0500021 -0.0500021 0.0500021 -0.0500021 0.0500021 -0.0500021 0.0500021 0.0500021 0.0500021
internal_weight=0.19998 0.124571 0.102462 0.0754091 0.00491571 0.0704934 0.0689877 0.0965873 0.092842 0.0893647 0.085878 0.0221086 0.0811756 0.0784632 0.0211075 0.0750781 0.0200343 0.0724579 0.0190333 0.0694847 0.067434 0.066784 0.0663902 0.0324251 0.0179668 0.0343589 0.0169436 0.0243509 0.022568 0.00807417
internal_count=4320 1595 731 2725 67 2658 2649 711 695 681 661 864 630 610 829 585 784 565 743 542 2631 521 2590 253 701 268 661 190 176 63
is_linear=0
shrinkage=0.05


Tree=188
num_leaves=23
num_cat=0
split_feature=67 6 40 51 5 40 5 1 24 21 14 6 18 22 10 24 6 14 19 1 4 29
split_gain=0.0950864 0.0614775 0.0211418 0.00868045 0.00389413 6.9414e-11 1.33737e-11 6.46941e-12 4.78584e-12 6.50494e-13 3.70412e-13 4.36907e-14 1.7264e-14 1.74166e-14 2.90393e-15 2.42861e-15 1.249e-15 3.19189e-16 1.249e-16 5.55112e-17 5.55112e-17 6.93889e-18
threshold=1.5000000000000002 21.000000000000004 5.8285715579986581 1.5000000000000002 11598.000000000002 1298.497741699219 11619.500000000002 23699.500000000004 997.50000000000011 13850000.000000002 2.5229492187500004 43.500000000000007 31272.000000000004 30050000.000000004 112.50000000000001 707.50000000000011 1410.5000000000002 2.8556319475173955 65.500000000000014 82298360.000000015 411.50000000000006 655.00000000000011
decision_type=2 2 2 2 2 2 2 2 2 2 2 2 2 2 2 2 2 2 2 2 2 2
left_child=3 2 -2 5 -5 6 20 -4 9 10 -9 -3 -12 15 -13 17 18 -14 21 -19 -1 -16
right_child=1 11 7 4 -6 -7 -8 8 -10 -11 12 14 13 -15 16 -17 -18 19 -20 -21 -22 -23
leaf_value=-0.050002032831383075 -0.050156531278596594 -0.050002358727543765 0.050004343955414282 -0.050001992018413301 0.050006102288331022 -0.050013267622449224 -0.050006843494294718 0.050002512628709334 0.050004036672531366 0.05000278457194083 0.050002171780949206 -0.050001941870089196 0.050002049681124809 0.05000215398299554 -0.050002032800222709 0.050002083710897108 -0.050001974207847334 0.050002032378363252 -0.05000201474433718 0.050002038631535156 -0.05000202222288385 -0.050002028240404853
leaf_weight=0.063054954562176135 0.0055892324489832381 0.0010251216044707681 0.0035626428725663564 0.0013815790553053367 0.0032944151025731117 0.0014323098293971262 0.0014778919066884546 0.0044730730151059097 0.0033077019907068453 0.0033166221401188514 0.0025801767478696993 0.0010211891794824615 0.0028281254635658106 0.0032199913184740572 0.015922150803817203 0.0024924659664975471 0.001000914679025299 0.063161597892758437 0.0010389417493570354 0.0029344647118705316 0.0010904188020504071 0.0010220737240160807
leaf_count=2586 20 38 16 58 9 9 18 31 14 20 20 45 23 25 653 20 43 518 43 24 45 42
internal_value=2.56123e-05 0.0275295 0.0442586 -0.0454093 0.0204575 -0.0500024 -0.0500021 0.0500023 0.0500022 0.0500021 0.0500021 -0.050002 0.050002 0.050002 -0.050002 0.050002 -0.050002 0.050002 -0.050002 0.050002 -0.050002 -0.050002
internal_weight=0.190228 0.118496 0.0974661 0.0717316 0.00467599 0.0670556 0.0656233 0.0918769 0.0883142 0.0850065 0.0816899 0.0210304 0.0772168 0.0746366 0.0200053 0.0714167 0.0189841 0.0689242 0.0179832 0.0660961 0.0641454 0.0169442
internal_count=4320 1595 731 2725 67 2658 2649 711 695 681 661 864 630 610 826 585 781 565 738 542 2631 695
is_linear=0
shrinkage=0.05


Tree=189
num_leaves=31
num_cat=0
split_feature=67 6 40 51 5 40 5 1 24 21 14 6 18 22 66 10 24 14 19 74 4 25 10 12 14 18 29 4 4 12
split_gain=0.0904486 0.0584787 0.0201104 0.00825709 0.00370419 5.97585e-11 1.15128e-11 5.56287e-12 4.12623e-12 5.58872e-13 3.18703e-13 3.37889e-14 1.47521e-14 1.51545e-14 2.50841e-15 4.80692e-15 2.1233e-15 2.77556e-16 6.59195e-17 5.55112e-17 4.16334e-17 1.38778e-17 6.93889e-18 6.93889e-18 3.46945e-18 3.46945e-18 3.46945e-18 3.46945e-18 1.73472e-18 1.73472e-18
threshold=1.5000000000000002 21.000000000000004 5.8285715579986581 1.5000000000000002 11598.000000000002 1298.497741699219 11619.500000000002 23699.500000000004 997.50000000000011 13850000.000000002 2.5229492187500004 45.500000000000007 31272.000000000004 30050000.000000004 232.00000000000003 1158.0000000000002 707.50000000000011 2.8556319475173955 61.500000000000007 47700000.000000007 406.00000000000006 168296.50000000003 52.500000000000007 4.9000000953674325 1631.9129638671877 2849.5000000000005 617.50000000000011 414.50000000000006 381.50000000000006 2317.099975585938
decision_type=2 2 2 2 2 2 2 2 2 2 2 2 2 2 2 2 2 2 2 2 2 2 2 2 2 2 2 2 2 2
left_child=3 2 -2 5 -5 6 20 -4 9 10 -9 -3 -12 16 15 -13 17 -14 26 21 22 -19 23 25 -23 -1 27 28 -16 -24
right_child=1 11 7 4 -6 -7 -8 8 -10 -11 12 14 13 -15 18 -17 -18 19 -20 -21 -22 24 29 -25 -26 -27 -28 -29 -30 -31
leaf_value=-0.050001933177605873 -0.050148902584563886 -0.050002210932670599 0.050004131030830304 -0.050001896220721626 0.05000580495402962 -0.050012621171136876 -0.050006509591064785 0.050002389905647829 0.050003841250531582 0.050002648044478952 0.050002065381742677 -0.050001794286513385 0.050001949891768052 0.050002049435547868 -0.050001933199942353 -0.05000193294439767 0.050001982319663678 0.050001933504666876 -0.050001920400434087 0.050001940461723154 -0.050001923938714048 0.050001932648831696 -0.050001933112398249 -0.05000193318023749 0.050001932648484695 -0.050001933184740978 -0.050001931318294314 -0.050001933013008149 -0.050001933178327879 -0.050001933434527447
leaf_weight=0.0041981109225162063 0.0053174306449363931 0.0010911800382018546 0.0033889047481352455 0.0013142011393938438 0.0031337628315668553 0.0013624724670080459 0.001405823430104646 0.0042549287754809475 0.0031463954364880911 0.0031548769475193686 0.0024543451290810472 0.0010162512307942953 0.0026902014142251565 0.0030629567190771914 0.008118035508232424 0.0016235394159593852 0.0023709116430836721 0.033524641679832712 0.0011057528117817119 0.0023275649218703611 0.0010836284127435638 0.0041743650581338434 0.009555725837344653 0.029038827335170936 0.022846069259685464 0.015934207580357906 0.0016452500858576977 0.0043610283046291451 0.0010437288256071051 0.0012065853934473134
leaf_count=181 20 43 16 58 9 9 18 31 14 20 20 49 23 25 350 70 20 289 48 20 47 36 412 1252 197 687 71 188 45 52
internal_value=2.56175e-05 0.0275293 0.0442582 -0.0454092 0.0204574 -0.0500023 -0.050002 0.0500021 0.0500021 0.050002 0.050002 -0.0500019 0.0500019 0.0500019 -0.0500019 -0.0500019 0.0500019 0.0500019 -0.0500019 0.0500019 -0.0500019 0.0500019 -0.0500019 -0.0500019 0.0500019 -0.0500019 -0.0500019 -0.0500019 -0.0500019 -0.0500019
internal_weight=0.180952 0.112718 0.0927136 0.0682333 0.00444796 0.0637854 0.0624229 0.0873962 0.0840073 0.0808609 0.077706 0.0200048 0.0734511 0.0709967 0.0189136 0.00263979 0.0679338 0.0655628 0.0162738 0.0628726 0.0610171 0.0605451 0.0599335 0.0491711 0.0270204 0.0201323 0.015168 0.0135228 0.00916176 0.0107623
internal_count=4320 1595 731 2725 67 2658 2649 711 695 681 661 864 630 610 821 119 585 565 702 542 2631 522 2584 2120 233 868 654 583 395 464
is_linear=0
shrinkage=0.05


Tree=190
num_leaves=29
num_cat=0
split_feature=67 6 40 51 5 40 5 1 24 21 14 6 18 22 66 10 24 14 19 6 17 1 29 20 0 0 1 15
split_gain=0.0860369 0.0556263 0.0191294 0.00785437 0.00352352 5.14311e-11 9.9214e-12 4.78162e-12 3.54643e-12 4.81698e-13 2.75918e-13 2.92856e-14 1.25178e-14 1.2601e-14 2.14065e-15 3.81856e-15 1.81799e-15 2.498e-16 5.0307e-17 4.16334e-17 2.77556e-17 1.38778e-17 5.20417e-18 3.46945e-18 1.73472e-18 1.73472e-18 8.67362e-19 8.67362e-19
threshold=1.5000000000000002 21.000000000000004 5.8285715579986581 1.5000000000000002 11598.000000000002 1298.497741699219 11619.500000000002 23699.500000000004 997.50000000000011 13850000.000000002 2.5229492187500004 45.500000000000007 31272.000000000004 30050000.000000004 232.00000000000003 1439.0000000000002 707.50000000000011 2.8556319475173955 61.500000000000007 401.50000000000006 21750000.000000004 5952327.5000000009 638.50000000000011 9119957.5000000019 443.50000000000006 407.00000000000006 99539780.000000015 99.878719329833999
decision_type=2 2 2 2 2 2 2 2 2 2 2 2 2 2 2 2 2 2 2 2 2 2 2 2 2 2 2 2
left_child=3 2 -2 5 -5 6 19 -4 9 10 -9 -3 -12 16 15 -13 17 -14 22 -1 21 -19 24 -23 25 26 -16 -26
right_child=1 11 7 4 -6 -7 -8 8 -10 -11 12 14 13 -15 18 -17 -18 20 -20 -21 -22 23 -24 -25 27 -27 -28 -29
leaf_value=-0.050001838569685743 -0.050141644649425381 -0.050002103825555699 0.050003928645011089 -0.050001803552529644 0.050005522606864562 -0.050012004964438674 -0.050006194474435911 0.05000227495999951 0.050003653105995673 0.050002519778095861 0.050001964179826747 -0.050001712742449661 0.050001855238713193 0.050001948109852673 -0.050001838554282044 -0.050001838468429496 0.050001885863911522 0.050001839842731224 -0.050001827157964078 -0.050001830223296989 0.050001845132904559 0.050001838592144743 -0.050001836107223113 0.050001837771913249 -0.050001838657932285 -0.050001838790462286 -0.050001838542921895 -0.050001838373729526
leaf_weight=0.056988504398759687 0.0050588102494657497 0.0010379647319496135 0.0032236386177828527 0.0012501090368459691 0.0029809439729433507 0.0012960394669789812 0.0013372688481467767 0.0040474225097568697 0.0029929548909422002 0.0030010193004272869 0.0023346499001490875 0.0010108166525242259 0.0025590034638298667 0.0029135802978998973 0.0059128518951183651 0.0015002344007370993 0.0022552852024091399 0.04027408823458245 0.0010518265207792874 0.0010528476923354893 0.0023245897100423454 0.0092663392206304707 0.0010355052254453776 0.007941398725961335 0.0029786422473989669 0.001103289838283672 0.0017429637046006974 0.001655062556892517
leaf_count=2583 20 43 16 58 9 9 18 31 14 20 20 51 23 25 268 68 20 365 48 48 21 84 47 72 135 50 79 75
internal_value=2.56232e-05 0.027529 0.0442577 -0.0454091 0.0204573 -0.0500022 -0.0500019 0.050002 0.050002 0.0500019 0.0500019 -0.0500018 0.0500019 0.0500018 -0.0500018 -0.0500018 0.0500018 0.0500018 -0.0500018 -0.0500018 0.0500018 0.0500018 -0.0500018 0.0500018 -0.0500018 -0.0500018 -0.0500018 -0.0500018
internal_weight=0.172128 0.107222 0.0881928 0.0649057 0.00423105 0.0606747 0.0593786 0.083134 0.0799103 0.0769174 0.0739164 0.0190292 0.0698689 0.0675343 0.0179912 0.00251105 0.0646207 0.0623654 0.0154801 0.0580414 0.0598064 0.0574818 0.0144283 0.0172077 0.0133928 0.00875911 0.00765582 0.0046337
internal_count=4320 1595 731 2725 67 2658 2649 711 695 681 661 864 630 610 821 119 585 565 702 2631 542 521 654 156 607 397 347 210
is_linear=0
shrinkage=0.05


Tree=191
num_leaves=31
num_cat=0
split_feature=67 6 40 51 5 40 5 1 24 21 14 52 18 22 24 66 12 14 6 17 19 26 6 2 17 17 24 17 17 34
split_gain=0.0818405 0.0529129 0.0181962 0.0074713 0.00335166 4.42561e-11 8.5224e-12 4.12524e-12 3.05307e-12 4.15737e-13 2.35645e-13 2.08306e-14 1.10051e-14 1.13243e-14 1.63064e-15 1.13104e-15 2.60555e-15 2.15106e-16 4.16334e-17 4.16334e-17 2.42861e-17 2.08167e-17 5.20417e-18 3.46945e-18 1.04083e-17 3.46945e-18 3.46945e-18 1.73472e-18 1.73472e-18 1.73472e-18
threshold=1.5000000000000002 21.000000000000004 5.8285715579986581 1.5000000000000002 11598.000000000002 1298.497741699219 11619.500000000002 23699.500000000004 997.50000000000011 13850000.000000002 2.5229492187500004 39.722223281860359 31272.000000000004 30050000.000000004 707.50000000000011 232.00000000000003 127.25000000000001 2.8556319475173955 401.50000000000006 21750000.000000004 59.500000000000007 40419.500000000007 625.00000000000011 4.5000000000000009 2958700.5000000005 31216.322265625004 260.50000000000006 1580465.0000000002 3842295.6250000005 454.00000000000006
decision_type=2 2 2 2 2 2 2 2 2 2 2 2 2 2 2 2 2 2 2 2 2 2 2 2 2 2 2 2 2 2
left_child=3 2 -2 5 -5 6 18 -4 9 10 -9 -3 -12 14 17 16 -13 -14 -1 21 22 23 29 25 27 -19 -23 -25 -27 -17
right_child=1 11 7 4 -6 -7 -8 8 -10 -11 12 15 13 -15 -16 20 -18 19 -20 -21 -22 26 -24 24 -26 28 -28 -29 -30 -31
leaf_value=-0.05000175071894726 -0.050134743705664564 -0.050001966599413167 0.050003738547425527 -0.050001714754102811 0.050005251480789104 -0.050011419910163918 -0.050005890001399725 0.050002161789672664 0.050003474420765075 0.050002397015075396 0.050001868959510615 -0.050001648303042524 0.050001764436432339 0.050001854504022163 0.050001794148176161 -0.050001746506608782 -0.050001748062034494 0.050001750213057895 -0.050001740705804557 0.050001755300704269 -0.050001738853760247 0.050001747669946306 -0.050001749545742075 0.050001752015279226 0.050001749187326264 0.050001748417934082 0.050001749232759886 0.050001750816595983 0.050001749395985257 -0.050001745908663721
leaf_weight=0.054209235344387707 0.0048127348600246469 0.0010822508957062374 0.0030664312798762685 0.0011891425529029212 0.0028355763643048704 0.001232844893820583 0.0012720569648081428 0.0038500359078170723 0.0028469966637203461 0.0028546646863105698 0.0022207918082131064 0.0010342496343582743 0.002434203721350058 0.0027714884126908137 0.0021452974615385747 0.011164324150740867 0.0017830249908001861 0.0040944104330264955 0.001001501454084063 0.0022112220030976451 0.0010223914650850938 0.022350317623931915 0.0010078777795570213 0.0033630245670792655 0.0082892941572936252 0.0086046346332295798 0.0026234052565996526 0.0023103896746761166 0.0030430242113652648 0.0010070080952573343
leaf_count=2583 20 48 16 58 9 9 18 31 14 20 20 54 23 25 20 532 85 39 48 21 49 213 48 32 79 82 25 22 29 48
internal_value=2.56278e-05 0.0275288 0.0442573 -0.045409 0.0204572 -0.050002 -0.0500018 0.0500019 0.0500019 0.0500018 0.0500018 -0.0500018 0.0500018 0.0500018 0.0500018 -0.0500017 -0.0500017 0.0500017 -0.0500018 0.0500017 -0.0500017 0.0500017 -0.0500017 0.0500017 0.0500018 0.0500017 0.0500017 0.0500018 0.0500017 -0.0500017
internal_weight=0.163734 0.101993 0.0838924 0.0617404 0.00402472 0.0577156 0.0564828 0.0790796 0.0760132 0.0731662 0.0703115 0.0181011 0.0664615 0.0642407 0.0614692 0.0170189 0.00281727 0.0593239 0.0552107 0.0568897 0.0142016 0.0546785 0.0131792 0.0297048 0.0139627 0.0157421 0.0249737 0.00567341 0.0116477 0.0121713
internal_count=4320 1595 731 2725 67 2658 2649 711 695 681 661 864 630 610 585 816 139 565 2631 542 677 521 628 283 133 150 238 54 111 580
is_linear=0
shrinkage=0.05


Tree=192
num_leaves=30
num_cat=0
split_feature=67 6 40 51 5 40 5 1 24 21 14 52 18 22 24 66 12 14 29 6 1 0 1 19 23 4 23 23 16
split_gain=0.0778488 0.050332 0.0173085 0.00710691 0.00318819 3.81386e-11 7.33829e-12 3.54289e-12 2.62483e-12 3.56437e-13 2.03088e-13 1.73681e-14 9.28424e-15 9.4022e-15 1.38778e-15 1.28716e-15 2.09858e-15 1.73472e-16 5.72459e-17 2.08167e-17 1.38778e-17 6.93889e-18 6.93889e-18 6.93889e-18 6.93889e-18 3.46945e-18 1.73472e-18 1.73472e-18 8.67362e-19
threshold=1.5000000000000002 21.000000000000004 5.8285715579986581 1.5000000000000002 11598.000000000002 1298.497741699219 11619.500000000002 23699.500000000004 997.50000000000011 13850000.000000002 2.5229492187500004 39.722223281860359 31272.000000000004 30050000.000000004 707.50000000000011 232.00000000000003 128.50000000000003 2.8556319475173955 663.00000000000011 395.50000000000006 82298360.000000015 51775.500000000007 70151004.000000015 52.500000000000007 3458759.5000000005 1745.0000000000002 8622788.0000000019 7287855.0000000009 6516249.2500000009
decision_type=2 2 2 2 2 2 2 2 2 2 2 2 2 2 2 2 2 2 2 2 2 2 2 2 2 2 2 2 2
left_child=3 2 -2 5 -5 6 19 -4 9 10 -9 -3 -12 14 17 16 -13 -14 23 21 22 -1 24 25 -19 -17 27 -26 -24
right_child=1 11 7 4 -6 -7 -8 8 -10 -11 12 15 13 -15 -16 18 -18 20 -20 -21 -22 -23 28 -25 26 -27 -28 -29 -30
leaf_value=-0.050001662924913641 -0.050128175869589911 -0.05000187156252394 0.050003555051580731 -0.050001631808965566 0.050004996308345651 -0.050010866184513891 -0.050005601169822111 0.050002057459322374 0.050003304889236488 0.050002279826477924 0.050001777583932462 -0.050001571811088746 0.050001678615046209 0.050001763290764639 0.050001707324680539 -0.050001667385263654 -0.0500016628722234 0.050001665015541125 -0.05000165478859471 -0.050001656650393293 0.050001668511538033 -0.050001662875046739 0.05000166316310032 -0.050001663668279475 0.050001663502730158 -0.050001666437187002 0.05000166291400996 0.050001664871093469 0.050001664349980261
leaf_weight=0.047473008833549102 0.0045785997790517277 0.0010294708172295932 0.0029168900946388012 0.001131149225329863 0.0026972972264047712 0.0011727310629794365 0.0012100248131901017 0.0036622749103116794 0.0027081559383077538 0.0027154472263646303 0.0021124862832948557 0.0010237384522042694 0.0023154900918598278 0.0026363259894424109 0.0020406735129654399 0.0099417474739311729 0.0016561404227104504 0.03274696600419702 0.0010125535336555922 0.0010325244948035097 0.002402553836873266 0.0040126333260559468 0.0029940932072349815 0.0010170440309593696 0.0078869763674447313 0.0015376579103758567 0.002096047915983946 0.0037929684694972829 0.0021956617929390632
leaf_count=2378 20 48 16 58 9 9 18 31 14 20 20 56 23 25 20 498 83 328 51 52 24 201 30 51 79 77 21 38 22
internal_value=2.56326e-05 0.0275286 0.0442569 -0.0454089 0.0204571 -0.0500019 -0.0500018 0.0500018 0.0500018 0.0500017 0.0500017 -0.0500017 0.0500017 0.0500017 0.0500017 -0.0500017 -0.0500016 0.0500017 -0.0500017 -0.0500017 0.0500017 -0.0500017 0.0500017 -0.0500017 0.0500017 -0.0500017 0.0500017 0.0500017 0.0500017
internal_weight=0.155749 0.09702 0.0798016 0.0587294 0.00382845 0.0549009 0.0537282 0.075223 0.0723061 0.069598 0.0668825 0.0172184 0.0632202 0.0611078 0.0584714 0.0161889 0.00267988 0.0564308 0.013509 0.0525182 0.0541153 0.0514856 0.0517127 0.0124964 0.046523 0.0114794 0.013776 0.0116799 0.00518976
internal_count=4320 1595 731 2725 67 2658 2649 711 695 681 661 864 630 610 585 816 139 565 677 2631 542 2579 518 626 466 575 138 117 52
is_linear=0
shrinkage=0.05


Tree=193
num_leaves=24
num_cat=0
split_feature=67 6 40 51 5 40 5 1 24 21 14 52 18 22 24 66 12 14 15 19 4 6 4
split_gain=0.0740518 0.0478769 0.0164642 0.00676029 0.00303268 3.27981e-11 6.32635e-12 3.05379e-12 2.25778e-12 3.07573e-13 1.76054e-13 1.34857e-14 8.13238e-15 8.20177e-15 1.22125e-15 8.43076e-16 1.75511e-15 1.31839e-16 2.77556e-17 2.25514e-17 1.38778e-17 5.20417e-18 1.73472e-18
threshold=1.5000000000000002 21.000000000000004 5.8285715579986581 1.5000000000000002 11598.000000000002 1298.497741699219 11619.500000000002 23699.500000000004 997.50000000000011 13850000.000000002 2.5229492187500004 39.833333969116218 31272.000000000004 30050000.000000004 707.50000000000011 232.00000000000003 153.57499694824222 2.8556319475173955 0.1609923988580704 58.500000000000007 383.50000000000006 420.50000000000006 651.00000000000011
decision_type=2 2 2 2 2 2 2 2 2 2 2 2 2 2 2 2 2 2 2 2 2 2 2
left_child=3 2 -2 5 -5 6 20 -4 9 10 -9 -3 -12 14 17 16 -13 -14 -19 21 -1 22 -17
right_child=1 11 7 4 -6 -7 -8 8 -10 -11 12 15 13 -15 -16 19 -18 18 -20 -21 -22 -23 -24
leaf_value=-0.050001580574136721 -0.050121929222116446 -0.05000175385130598 0.050003382381292663 -0.050001551911611535 0.05000475732097176 -0.050010331351038821 -0.050005329827127777 0.050001957843806955 0.050003142736213924 0.050002168827943519 0.050001691116880388 -0.050001497458847494 0.050001595377351639 0.050001677289431584 0.050001623749702434 -0.050001580529658862 -0.050001582270492395 0.050001586970465264 0.050001582686061065 -0.050001573307369943 -0.050001577906241851 -0.050001582171785498 -0.050001580270958607
leaf_weight=0.048784837337734643 0.0043558278812270137 0.0011311826783639836 0.0027746410196414209 0.0010759841024992048 0.0025657605438027531 0.0011155478860018766 0.0011510173717397256 0.0034836704508052199 0.0025760857533896333 0.002583018875156994 0.0020094624997000201 0.0010110093062394307 0.002202565854531712 0.0025077550526475525 0.0019411518806009545 0.0083361781744315522 0.0015381742778117768 0.0027602846603258504 0.048715831580921076 0.0010197299234278043 0.0011720670736394814 0.0019944053146900851 0.0013479507924785148
leaf_count=2569 20 56 16 58 9 9 18 31 14 20 20 58 23 25 20 439 81 29 513 54 62 105 71
internal_value=2.56373e-05 0.0275284 0.0442565 -0.0454088 0.0204571 -0.0500019 -0.0500017 0.0500018 0.0500017 0.0500016 0.0500016 -0.0500016 0.0500016 0.0500016 0.0500016 -0.0500016 -0.0500015 0.0500016 0.0500016 -0.0500016 -0.0500016 -0.0500016 -0.0500016
internal_weight=0.148154 0.0922889 0.0759103 0.0558652 0.00364174 0.0522235 0.0511079 0.0715545 0.0687798 0.0662037 0.0636207 0.0163786 0.0601371 0.0581276 0.0556198 0.0152474 0.00254918 0.0536787 0.0514761 0.0126983 0.0499569 0.0116785 0.00968413
internal_count=4320 1595 731 2725 67 2658 2649 711 695 681 661 864 630 610 585 808 139 565 542 669 2631 615 510
is_linear=0
shrinkage=0.05


Tree=194
num_leaves=29
num_cat=0
split_feature=67 6 40 51 5 40 5 1 24 21 14 52 18 22 24 66 12 14 4 16 19 15 1 1 1 20 23 75
split_gain=0.07044 0.0455416 0.015661 0.00643058 0.00288477 2.82367e-11 5.44201e-12 2.62737e-12 1.94818e-12 2.64538e-13 1.50518e-13 1.14613e-14 6.81399e-15 7.18869e-15 9.64506e-16 7.99708e-16 1.38821e-15 1.249e-16 2.08167e-17 2.08167e-17 1.9082e-17 1.38778e-17 3.46945e-18 1.73472e-18 1.73472e-18 1.73472e-18 8.67362e-19 8.67362e-19
threshold=1.5000000000000002 21.000000000000004 5.8285715579986581 1.5000000000000002 11598.000000000002 1298.497741699219 11619.500000000002 23699.500000000004 997.50000000000011 13850000.000000002 2.5229492187500004 39.833333969116218 31272.000000000004 30050000.000000004 707.50000000000011 232.00000000000003 180.50000000000003 2.8556319475173955 393.50000000000006 6693502.7500000009 57.500000000000007 0.98463371396064769 99216260.000000015 9679844.5000000019 8114282.5000000009 6537375.0000000009 69950000.000000015 7230820.5000000009
decision_type=2 2 2 2 2 2 2 2 2 2 2 2 2 2 2 2 2 2 2 2 2 2 2 2 2 2 2 2
left_child=3 2 -2 5 -5 6 18 -4 9 10 -9 -3 -12 14 17 16 -13 -14 -1 21 22 23 -17 24 25 -19 -25 -27
right_child=1 11 7 4 -6 -7 -8 8 -10 -11 12 15 13 -15 -16 20 -18 19 -20 -21 -22 -23 -24 26 -26 27 -28 -29
leaf_value=-0.050001505456280765 -0.050115986759484032 -0.050001668635846902 0.050003217397718458 -0.05000147614938702 0.050004518261537061 -0.05000983038902404 -0.050005070768828867 0.050001861488769409 0.05000299149538532 0.050002063109129337 0.050001607669471308 -0.050001428781881851 0.050001518639883225 0.050001596593217235 0.050001543470234722 -0.050001505407776883 -0.050001505457528975 0.05000150557219344 -0.050001500328074711 0.050001508999673983 -0.050001498461256837 0.050001506266555522 -0.050001505209588161 0.050001505974528508 0.05000150573112784 0.050001502824077282 0.050001504508122234 0.050001504540412495
leaf_weight=0.046477888188746874 0.0041438705484324592 0.0010760160275822281 0.0026393286825623355 0.0010235092477159915 0.0024406381126027554 0.0010611523466650388 0.0010948871058644718 0.0033137760037789113 0.0024504558095941311 0.0024570487075834526 0.0019114629612886338 0.0010159059529542 0.002095148593070916 0.0023854541796026743 0.0018464836466591797 0.0090680756638903404 0.0014089560499996878 0.0028901878104079515 0.0010426591779832952 0.0026256617129547513 0.0010422586801723819 0.032431937754154205 0.0019686458690557638 0.002889898809371517 0.001896628993563354 0.0018063722673105076 0.0019864296482410282 0.0024385530268773437
leaf_count=2573 20 56 16 58 9 9 18 31 14 20 20 61 23 25 20 502 78 32 58 29 58 359 109 32 21 20 22 27
internal_value=2.56414e-05 0.0275282 0.0442562 -0.0454087 0.020457 -0.0500018 -0.0500016 0.0500017 0.0500016 0.0500016 0.0500015 -0.0500015 0.0500015 0.0500015 0.0500015 -0.0500015 -0.0500015 0.0500015 -0.0500015 0.0500015 -0.0500015 0.0500015 -0.0500015 0.0500015 0.0500015 0.0500015 0.0500015 0.0500015
internal_weight=0.140929 0.0877886 0.0722087 0.0531407 0.00346415 0.0496766 0.0486154 0.0680648 0.0654255 0.062975 0.060518 0.0155799 0.0572042 0.0552928 0.0529073 0.0145038 0.00242486 0.0510608 0.0475205 0.0489657 0.012079 0.04634 0.0110367 0.0139081 0.00903174 0.00713511 0.00487633 0.00424493
internal_count=4320 1595 731 2725 67 2658 2649 711 695 681 661 864 630 610 585 808 139 565 2631 542 669 513 611 154 100 79 54 47
is_linear=0
shrinkage=0.05


Tree=195
num_leaves=31
num_cat=0
split_feature=67 6 40 51 12 40 5 1 24 21 14 52 18 22 24 66 12 14 19 4 1 1 1 25 4 29 1 1 2 10
split_gain=0.0670043 0.0433203 0.0148971 0.00611695 0.00139503 2.42935e-11 4.67212e-12 2.25937e-12 1.67254e-12 2.28033e-13 1.30139e-13 9.46986e-15 6.03684e-15 6.16174e-15 8.88178e-16 7.91034e-16 1.14448e-15 1.04083e-16 2.60209e-17 2.08167e-17 1.38778e-17 6.93889e-18 6.93889e-18 6.93889e-18 3.46945e-18 3.46945e-18 1.73472e-18 1.73472e-18 1.73472e-18 1.73472e-18
threshold=1.5000000000000002 21.000000000000004 5.8285715579986581 1.5000000000000002 1934.0000000000002 1298.497741699219 11619.500000000002 23699.500000000004 997.50000000000011 13850000.000000002 2.5229492187500004 39.833333969116218 31272.000000000004 30050000.000000004 707.50000000000011 232.00000000000003 198.00000000000003 2.8556319475173955 56.500000000000007 383.50000000000006 82298360.000000015 5234448.5000000009 7919610.5000000009 154727.00000000003 357.50000000000006 617.50000000000011 98620364.000000015 84903656.000000015 14.500000000000002 5821.5000000000009
decision_type=2 2 2 2 2 2 2 2 2 2 2 2 2 2 2 2 2 2 2 2 2 2 2 2 2 2 2 2 2 2
left_child=3 2 -2 5 -5 6 19 -4 9 10 -9 -3 -12 14 17 16 -13 -14 25 21 22 -1 23 -19 26 28 27 -23 -17 -24
right_child=1 11 7 4 -6 -7 -8 8 -10 -11 12 15 13 -15 -16 18 -18 20 -20 -21 -22 24 29 -25 -26 -27 -28 -29 -30 -31
leaf_value=-0.050001434414209116 -0.050110330360361381 -0.050001585622614364 0.05000305921114552 -0.015362843223598252 0.05000429860087361 -0.050009351477724021 -0.050004821441768314 0.050001770881750132 0.050002843331281334 0.050001962329930455 0.050001530028153135 -0.050001361067454869 0.050001443530864637 0.050001517963712806 0.050001468710714071 -0.050001434378494761 -0.050001432138915759 0.050001432171080377 -0.05000142582408456 -0.050001427445938045 0.050001435377591955 -0.050001434389832712 0.050001432078287368 0.05000143143853069 -0.050001433773244564 -0.050001432471501656 -0.050001433641200577 -0.050001434585531426 -0.050001433829326397 0.050001431362041174
leaf_weight=0.032114469833686599 0.0039422052213922134 0.0010235397476208172 0.0025106148095801464 0.0014895082804287077 0.0018057018460240215 0.0010094087629113338 0.0010414938806206911 0.0031521667842753223 0.0023309523530770085 0.0023372215655399478 0.0018182425847044206 0.0010007286637119259 0.0019929699192289254 0.0022691176709486163 0.0017564321533427565 0.0081275577049382264 0.001305874649915495 0.018220997539174277 0.0010429861249576797 0.0010605332508930579 0.0020679066437878637 0.0085568180766131263 0.0047250493153114803 0.017440428899135441 0.0013059085176792004 0.0010647489762050108 0.0010481472600076822 0.0011171314145030928 0.001254605054782588 0.0041232705625589006
leaf_count=1869 20 56 16 60 7 9 18 31 14 20 20 63 23 25 20 473 76 212 61 62 24 498 55 203 76 62 61 65 73 48
internal_value=2.5644e-05 0.0275281 0.0442558 -0.0454086 0.0204569 -0.0500017 -0.0500015 0.0500016 0.0500015 0.0500015 0.0500015 -0.0500014 0.0500014 0.0500014 0.0500014 -0.0500014 -0.0500014 0.0500014 -0.0500014 -0.0500014 0.0500014 -0.0500014 0.0500014 0.0500014 -0.0500014 -0.0500014 -0.0500014 -0.0500014 -0.0500014 0.0500014
internal_weight=0.134057 0.0835076 0.0686876 0.0505491 0.00329521 0.0472539 0.0462445 0.0647454 0.0622348 0.0599038 0.0575666 0.01482 0.0544144 0.0525962 0.0503271 0.0137965 0.0023066 0.0485706 0.0114899 0.045203 0.0465777 0.0441425 0.0445097 0.0356614 0.012028 0.0104469 0.0107221 0.00967395 0.00938216 0.00884832
internal_count=4320 1595 731 2725 67 2658 2649 711 695 681 661 864 630 610 585 808 139 565 669 2631 542 2569 518 415 700 608 624 563 546 103
is_linear=0
shrinkage=0.05


Tree=196
num_leaves=24
num_cat=0
split_feature=67 6 40 51 12 40 27 1 24 21 14 12 52 18 22 24 66 10 14 1 8 8 14
split_gain=0.0636812 0.0412073 0.0141704 0.00586335 0.00133113 1.99334e-11 2.55167e-12 1.94809e-12 1.44188e-12 1.95226e-13 1.12015e-13 5.02168e-14 7.50268e-15 5.1556e-15 5.14866e-15 7.56339e-16 3.92048e-16 7.32053e-16 9.02056e-17 2.08167e-17 6.93889e-18 5.20417e-18 6.93889e-18
threshold=1.5000000000000002 21.000000000000004 5.8285715579986581 1.5000000000000002 1934.0000000000002 1092.7272949218752 2713426.5000000005 23699.500000000004 997.50000000000011 13850000.000000002 2.5229492187500004 1936.5833129882815 40.716665267944343 31272.000000000004 30050000.000000004 707.50000000000011 232.00000000000003 1081.0000000000002 2.8556319475173955 82298360.000000015 58.083333969116218 216.39655303955081 120.0685386657715
decision_type=2 2 2 2 2 2 2 2 2 2 2 2 2 2 2 2 2 2 2 2 2 2 2
left_child=3 2 -2 5 -5 6 11 -4 9 10 -9 20 -3 -12 15 18 17 -14 -15 -20 -1 22 -18
right_child=1 12 7 4 -6 -7 -8 8 -10 -11 13 -13 16 14 -16 -17 21 -19 19 -21 -22 -23 -24
leaf_value=-0.050001357783583604 -0.050104952599568597 -0.050001492117896541 0.050002911537577403 -0.014663982390360809 0.050004091986402571 -0.050008551719326361 -0.050003682493398427 0.050001684775798 0.050002705911865314 0.050001865593966327 0.050001455344320968 -0.050001714757165888 -0.050001303503086562 0.050001373999523029 0.050001443086806534 0.050001397034884557 -0.050001355028136962 -0.050001361755109157 0.050001362253821215 0.050001366191129319 -0.05000136053130852 -0.050001360968601263 -0.05000135805727346
leaf_weight=0.040093473458910012 0.003750333948119077 0.0010652803266566488 0.0023881776069174512 0.0014826519773123428 0.0017176437831949443 0.0010052415827885844 0.0012231583259563186 0.0029984389184392049 0.0022172764292918137 0.0022232381015783167 0.0017295683574047862 0.0010094433782796832 0.0010073841895064115 0.0018957741485792204 0.0021584546338999635 0.0016707722752471446 0.0012224562760820854 0.0011604487353906734 0.04233903774729697 0.0019670563196996218 0.001618067781237186 0.0010628168220137022 0.0085788922951905988
leaf_count=2453 20 62 16 60 7 12 37 31 14 20 20 57 66 23 25 20 75 71 518 24 99 65 525
internal_value=2.58359e-05 0.0275279 0.0442555 -0.045346 0.0200443 -0.0500016 -0.0500014 0.0500015 0.0500015 0.0500014 0.0500014 -0.0500014 -0.0500014 0.0500014 0.0500014 0.0500014 -0.0500014 -0.0500013 0.0500014 0.0500014 -0.0500014 -0.0500014 -0.0500014
internal_weight=0.127585 0.0794354 0.0653381 0.0481497 0.0032003 0.0449494 0.0439441 0.0615878 0.0591996 0.0569823 0.0547591 0.042721 0.0140973 0.0517607 0.0500311 0.0478726 0.013032 0.00216783 0.0462019 0.0443061 0.0417115 0.0108642 0.00980135
internal_count=4320 1595 731 2725 67 2658 2646 711 695 681 661 2609 864 630 610 585 802 137 565 542 2552 665 600
is_linear=0
shrinkage=0.05


Tree=197
num_leaves=29
num_cat=0
split_feature=67 6 40 40 27 1 24 21 27 14 52 18 22 24 66 10 14 9 19 1 0 36 1 2 29 13 13 29
split_gain=0.06052 0.0391974 0.0134792 0.00568374 2.1074e-12 1.67458e-12 1.24107e-12 1.68893e-13 9.94274e-14 9.66796e-14 6.02469e-15 4.33681e-15 4.58661e-15 6.93889e-16 5.15213e-16 5.68122e-16 1.17961e-16 1.11022e-16 2.25514e-17 1.38778e-17 6.93889e-18 1.30104e-17 6.93889e-18 3.46945e-18 1.73472e-18 8.67362e-19 8.67362e-19 8.67362e-19
threshold=1.5000000000000002 21.000000000000004 5.8285715579986581 1202.0363769531252 2990619.3750000005 23699.500000000004 997.50000000000011 13850000.000000002 70554.250000000015 2.5229492187500004 40.716665267944343 31272.000000000004 30050000.000000004 707.50000000000011 232.00000000000003 1439.0000000000002 2.8556319475173955 155.91837310791018 54.500000000000007 82298360.000000015 34671.000000000007 16001.023925781252 215203.50000000003 18.500000000000004 610.50000000000011 2487.882202148438 4270.7607421875009 562.00000000000011
decision_type=2 2 2 2 2 2 2 2 2 2 2 2 2 2 2 2 2 2 2 2 2 2 2 2 2 2 2 2
left_child=3 2 -2 4 8 -4 7 9 17 -7 -3 -11 13 16 15 -12 -13 20 23 22 -1 -22 25 24 27 -18 -27 -16
right_child=1 10 5 -5 -6 6 -8 -9 -10 11 14 12 -14 -15 18 -17 19 -19 -20 -21 21 -23 -24 -25 -26 26 -28 -29
leaf_value=-0.050001293018919146 -0.050099840499582299 -0.05000141976235542 0.050002768866741466 0.020334806541747651 -0.050003548851060467 0.050001603170472857 0.050002574181456289 0.050001775972083884 -0.050001795350247007 0.050001383574976466 -0.050001243234777219 0.050001308876155275 0.05000137408364215 0.050001330172367291 -0.050001298558527467 -0.050001295752803487 0.050001295546084748 -0.050001310060076513 -0.050001290626073794 0.050001300136186824 -0.050001299314637863 -0.050001293095138725 0.050001295793205204 -0.05000129811540293 -0.050001296848997547 0.050001295852039919 0.05000129639789043 -0.050001298644739879
leaf_weight=0.034736702791633434 0.003567783016478642 0.0010133274336112672 0.0022717110987287006 0.0030788849617238148 0.0010740893685579058 0.0028522079155663951 0.0021091440576128653 0.0021148132364032781 0.0010119003909494486 0.0016452186027890994 0.0010049005786640927 0.0018033185115200459 0.0020531883419607757 0.0015892898445599704 0.00559729007545684 0.0010572084938758053 0.0023329411269514813 0.0010017867334681787 0.0010370256577516565 0.0018711242737481362 0.0010306510139344019 0.0039335388919425895 0.033897560424520634 0.0010419023747090259 0.0012899216162622906 0.0024884819140424952 0.001555207563797012 0.0013681869604624808
leaf_count=2234 20 62 16 18 33 31 14 20 57 20 69 23 25 20 360 68 30 64 67 24 66 253 436 67 83 32 20 88
internal_value=2.60266e-05 0.0275277 0.0442552 -0.04528 -0.0500014 0.0500014 0.0500014 0.0500013 -0.0500013 0.0500013 -0.0500013 0.0500013 0.0500013 0.0500013 -0.0500013 -0.0500013 0.0500013 -0.0500013 -0.0500013 0.0500013 -0.0500013 -0.0500013 0.0500013 -0.0500013 -0.0500013 0.0500013 0.0500013 -0.0500013
internal_weight=0.121429 0.0755618 0.062152 0.0458676 0.0427887 0.0585842 0.0563125 0.0542034 0.0417146 0.0520885 0.0134098 0.0492363 0.0475911 0.0455379 0.0123964 0.00206211 0.0439486 0.0407027 0.0103343 0.0421453 0.0397009 0.00496419 0.0402742 0.0092973 0.0082554 0.00637663 0.00404369 0.00696548
internal_count=4320 1595 731 2725 2707 711 695 681 2674 661 864 630 610 585 802 137 565 2617 665 542 2553 319 518 598 531 82 52 448
is_linear=0
shrinkage=0.05


Tree=198
num_leaves=31
num_cat=0
split_feature=67 6 40 5 40 1 24 21 14 40 18 22 24 8 66 27 14 19 0 0 0 1 1 25 0 1 1 25 25 25
split_gain=0.0574681 0.0372855 0.0128217 0.00555579 1.83469e-11 1.438e-12 1.06684e-12 1.45009e-13 8.23647e-14 4.65079e-15 3.71925e-15 3.75394e-15 5.41234e-16 5.34295e-16 3.36536e-16 1.31839e-16 6.245e-17 1.04083e-17 6.93889e-18 6.93889e-18 6.93889e-18 6.93889e-18 6.93889e-18 6.93889e-18 4.77049e-18 1.73472e-18 1.73472e-18 1.73472e-18 1.73472e-18 1.73472e-18
threshold=1.5000000000000002 21.000000000000004 5.8285715579986581 11598.000000000002 1196.6499633789065 23699.500000000004 997.50000000000011 13850000.000000002 2.5229492187500004 42.45000076293946 31272.000000000004 30050000.000000004 707.50000000000011 97.187500000000014 232.00000000000003 62948.134765625007 2.8556319475173955 53.500000000000007 53138.000000000007 52171.500000000007 30668.500000000004 82298360.000000015 8114282.5000000009 144918.00000000003 51376.000000000007 34794112.000000007 67007924.000000007 1238904.0000000002 924364.00000000012 784356.00000000012
decision_type=2 2 2 2 2 2 2 2 2 2 2 2 2 2 2 2 2 2 2 2 2 2 2 2 2 2 2 2 2 2
left_child=3 2 -2 4 13 -4 7 8 -7 -3 -10 12 16 15 -11 18 -12 25 19 20 -1 22 23 -18 -22 -16 -24 28 29 -25
right_child=1 9 5 -5 -6 6 -8 -9 10 14 11 -13 -14 -15 17 -17 21 -19 -20 -21 24 -23 26 27 -26 -27 -28 -29 -30 -31
leaf_value=-0.050001233141936913 -0.050094973219967226 -0.050001340829131519 0.050002632702848306 0.020302202460959776 -0.050008067348946431 0.050001524055231998 0.050002448305984708 0.050001689256143539 0.050001316428441238 -0.050001209601253364 0.050001243219177198 0.050001305946798781 0.050001264332441335 -0.050001270542500934 -0.050001232972085245 -0.050001250706621175 0.050001233074838281 -0.050001227756370961 -0.050001233007748495 -0.050001233007745609 -0.050001237355472475 0.050001236389462633 0.05000123161598722 0.050001234271936514 -0.050001233007737469 -0.050001232952134947 0.050001232792431898 0.050001234432912982 0.050001234680571362 0.050001233623208269
leaf_weight=0.03258433670453087 0.0033941015281015998 0.0010022334799941754 0.0021609241666737935 0.0030183699600456739 0.0010073906323668771 0.002713108144234865 0.0020062847397639407 0.0020116759478696613 0.0015649824053980401 0.0019377494973014118 0.0017153718072222537 0.0019530557401594697 0.0015117811999516553 0.0010191296678385689 0.0040377905206696596 0.0010496910545043639 0.016644291776174214 0.0010456078680363143 0.0013901977636123766 0.0012866723982369868 0.0013353308822843237 0.0017798706612666129 0.0026619875716278321 0.0068770356447203085 0.0010648323295754381 0.0047323959861387266 0.0039186418434837833 0.0043628646963043147 0.0020705012429971257 0.0017747198508004658
leaf_count=2203 20 65 16 27 15 31 14 20 20 135 23 25 20 67 273 70 225 71 94 87 90 24 36 93 72 320 53 59 28 24
internal_value=2.54455e-05 0.0275276 0.0442549 -0.0451517 -0.0500014 0.0500014 0.0500013 0.0500013 0.0500013 -0.0500012 0.0500012 0.0500012 0.0500012 -0.0500012 -0.0500012 -0.0500012 0.0500012 -0.0500012 -0.0500012 -0.0500012 -0.0500012 0.0500012 0.0500012 0.0500012 -0.0500012 -0.0500012 0.0500012 0.0500012 0.0500012 0.0500012
internal_weight=0.115633 0.071877 0.0591212 0.043756 0.0407376 0.0557271 0.0535662 0.0515599 0.0495482 0.0127558 0.0468351 0.0452701 0.0433171 0.0397302 0.0117535 0.0387111 0.0418053 0.00981579 0.0376614 0.0362712 0.0349845 0.0400899 0.03831 0.0317294 0.00240016 0.00877019 0.00658063 0.0150851 0.0107223 0.00865176
internal_count=4320 1595 731 2725 2698 711 695 681 661 864 630 610 585 2683 799 2616 565 664 2546 2452 2365 542 518 429 162 593 89 204 145 117
is_linear=0
shrinkage=0.05


Tree=199
num_leaves=24
num_cat=0
split_feature=67 6 40 51 12 40 27 1 24 21 14 27 8 18 22 24 66 14 19 0 1 1 1
split_gain=0.0545675 0.0354669 0.0121962 0.00548024 0.00114488 1.42521e-11 2.1565e-12 1.24126e-12 9.18529e-13 1.24442e-13 7.12555e-14 3.85525e-14 3.70017e-15 3.17801e-15 3.35842e-15 4.30211e-16 3.41741e-16 5.55112e-17 1.04083e-17 6.93889e-18 6.93889e-18 6.93889e-18 1.73472e-18
threshold=1.5000000000000002 21.000000000000004 5.8285715579986581 1.5000000000000002 1934.0000000000002 1085.5000000000002 2713426.5000000005 23699.500000000004 997.50000000000011 13850000.000000002 2.5229492187500004 60489.474609375007 37.187500000000007 31272.000000000004 30050000.000000004 707.50000000000011 232.00000000000003 2.8556319475173955 53.500000000000007 53522.000000000007 82298360.000000015 77349.000000000015 99636796.000000015
decision_type=2 2 2 2 2 2 2 2 2 2 2 2 2 2 2 2 2 2 2 2 2 2 2
left_child=3 2 -2 5 -5 6 11 -4 9 10 -9 19 -3 -12 15 17 -14 -15 22 -1 21 -19 -18
right_child=1 12 7 4 -6 -7 -8 8 -10 -11 13 -13 16 14 -16 -17 18 20 -20 -21 -22 -23 -24
leaf_value=-0.050001170281381374 -0.050090343410720543 -0.050001267382177875 0.05000250609500765 -0.012611880036826143 0.050003736708195037 -0.050007183307493368 -0.050003417823039978 0.050001450375043346 0.050002329063975386 0.050001606280780132 0.050001251956481467 -0.05000148471065953 -0.050001146783563072 0.050001182550288972 0.050001243464616679 0.050001201652858797 -0.050001172898792502 0.050001172542715078 -0.050001167477414878 -0.050001170157262013 0.050001175796078684 0.050001173293201417 -0.050001171413608797
leaf_weight=0.034494901377001952 0.0032288601360050953 0.0010380326148151662 0.0020555397641146547 0.0013653586565851574 0.0015688244020566344 0.0010380115072621257 0.0011079751629949888 0.0025807920246734275 0.001908441547129768 0.001913568463351111 0.0014886591670801854 0.0010022317965194807 0.0015337236013692754 0.0016317140398314214 0.0018578063754830501 0.0014380524880834846 0.0073576948261688813 0.0023930667666718355 0.0010086822021548878 0.0011676497551889034 0.0016930673518800168 0.034048615452775266 0.0011955515592489974
leaf_count=2452 20 71 16 60 7 20 37 31 14 20 20 66 113 23 25 20 523 34 72 83 24 484 85
internal_value=2.48493e-05 0.0275274 0.0442546 -0.0450202 0.0208669 -0.0500014 -0.0500012 0.0500013 0.0500013 0.0500012 0.0500012 -0.0500012 -0.0500012 0.0500012 0.0500012 0.0500012 -0.0500012 0.0500012 -0.0500012 -0.0500012 0.0500012 0.0500012 -0.0500012
internal_weight=0.110117 0.0683719 0.0562382 0.041745 0.00293418 0.0388108 0.0377728 0.0530093 0.0509538 0.0490453 0.0471318 0.0366648 0.0121337 0.044551 0.0430623 0.0412045 0.0110957 0.0397665 0.00956193 0.0356626 0.0381347 0.0364417 0.00855325
internal_count=4320 1595 731 2725 67 2658 2638 711 695 681 661 2601 864 630 610 585 793 565 680 2535 542 518 608
is_linear=0
shrinkage=0.05


Tree=200
num_leaves=30
num_cat=0
split_feature=67 6 40 40 27 1 24 21 14 27 8 18 22 24 8 66 14 0 36 19 1 14 19 66 37 3 0 4 7
split_gain=0.0518549 0.033737 0.0116013 0.005255 1.66062e-12 1.0698e-12 7.91894e-13 1.07428e-13 6.06737e-14 3.54716e-14 3.11036e-15 2.82413e-15 3.01148e-15 3.95517e-16 3.1225e-16 2.84495e-16 4.16334e-17 1.38778e-17 3.1225e-17 1.04083e-17 6.93889e-18 6.93889e-18 5.20417e-18 3.46945e-18 3.03577e-18 1.73472e-18 1.30104e-18 8.67362e-19 8.67362e-19
threshold=1.5000000000000002 21.000000000000004 5.8285715579986581 1202.0363769531252 2713426.5000000005 23699.500000000004 997.50000000000011 13850000.000000002 2.5229492187500004 63828.714843750007 37.777778625488288 31272.000000000004 30050000.000000004 707.50000000000011 63.733333587646491 232.00000000000003 2.8556319475173955 34206.000000000007 17021.584960937504 15.500000000000002 82298360.000000015 6224.6391601562509 52.500000000000007 126.50000000000001 0.070323210209608092 3.5000000000000004 51733.500000000007 1623.0000000000002 35.500000000000007
decision_type=2 2 2 2 2 2 2 2 2 2 2 2 2 2 2 2 2 2 2 2 2 2 2 2 2 2 2 2 2
left_child=3 2 -2 4 9 -4 7 8 -7 14 -3 -10 13 16 17 -12 -13 19 -19 23 21 -18 25 28 -25 -17 -20 -27 -1
right_child=1 10 5 -5 -6 6 -8 -9 11 -11 15 12 -14 -15 -16 22 20 18 26 -21 -22 -23 -24 24 -26 27 -28 -29 -30
leaf_value=-0.050001114698028731 -0.050085939927975755 -0.05000120272341483 0.050002383959067802 0.020434127214829255 -0.050003025351579744 0.05000137758173695 0.050002215608848037 0.050001527745095101 0.050001191286390717 -0.050001412640501876 -0.050001090546076078 0.050001123877409959 0.050001183288596464 0.050001143052176712 -0.050001143520697955 -0.050001114581696204 0.050001115476388705 -0.050001125112397404 -0.050001116416000649 -0.050001114768809342 0.050001118615411483 0.050001114866779009 -0.050001111041683859 -0.050001116577808626 -0.050001120093200971 -0.050001114680634541 -0.050001114611997355 -0.050001115484260922 -0.050001116291127627
leaf_weight=0.0021143524609215083 0.0030716500150447237 0.0010141722978005427 0.0019552945595933116 0.0028527010072139083 0.0011876319658767889 0.0024549287772970265 0.0018153697674279093 0.001820245379349216 0.0014160580831230609 0.0010398433578302493 0.0014589246079594895 0.0015521361783612511 0.0017672021640464655 0.0013679193943971759 0.0010116006324096807 0.0023280378127310541 0.017333517687802669 0.001023099489430023 0.0010839401484190603 0.023460039319616044 0.0016104972601169712 0.017330922004475724 0.0010397810783615577 0.0016059017252700869 0.0010334491189496475 0.0046703082362000714 0.0022214082855498418 0.0010307072161594988 0.0011374680598237319
leaf_count=158 20 73 16 18 46 31 14 20 20 71 113 23 25 20 74 174 259 76 81 1753 24 259 78 120 77 349 166 77 85
internal_value=2.50259e-05 0.0275273 0.0442544 -0.044949 -0.0500012 0.0500012 0.0500012 0.0500012 0.0500011 -0.0500011 -0.0500011 0.0500011 0.0500011 0.0500011 -0.0500011 -0.0500011 0.0500011 -0.0500011 -0.0500011 -0.0500011 0.0500011 0.0500011 -0.0500011 -0.0500011 -0.0500011 -0.0500011 -0.0500011 -0.0500011 -0.0500011
internal_weight=0.104809 0.0650377 0.0534957 0.0397714 0.0369187 0.0504241 0.0484688 0.0466534 0.0448332 0.0357311 0.0115419 0.0423783 0.0409622 0.039195 0.0346913 0.0105278 0.0378271 0.0336797 0.00432845 0.0293512 0.0362749 0.0346644 0.00906883 0.00589117 0.00263935 0.00802905 0.00330535 0.00570102 0.00325182
internal_count=4320 1595 731 2725 2707 711 695 681 661 2661 864 630 610 585 2590 791 565 2516 323 2193 542 518 678 440 197 600 247 426 243
is_linear=0
shrinkage=0.05


Tree=201
num_leaves=31
num_cat=0
split_feature=67 6 40 51 12 40 27 1 24 21 14 13 8 18 22 24 66 14 20 0 20 22 19 0 20 20 20 20 20 14
split_gain=0.0492345 0.0320914 0.0110354 0.00518511 0.00103915 1.31141e-11 1.59974e-12 9.18765e-13 6.81129e-13 9.29673e-14 5.20972e-14 2.49453e-14 2.57259e-15 2.47719e-15 2.49106e-15 3.60822e-16 2.61943e-16 4.85723e-17 1.38778e-17 6.93889e-18 6.93889e-18 6.93889e-18 5.20417e-18 3.46945e-18 3.46945e-18 1.73472e-18 1.73472e-18 1.73472e-18 3.46945e-18 8.67362e-19
threshold=1.5000000000000002 21.000000000000004 5.8285715579986581 1.5000000000000002 1934.0000000000002 1083.5908813476565 2713426.5000000005 23699.500000000004 997.50000000000011 13850000.000000002 2.5229492187500004 2538.997192382813 38.611112594604499 31272.000000000004 30050000.000000004 707.50000000000011 232.00000000000003 2.8556319475173955 80150000.000000015 53313.000000000007 2589.5000000000005 2052024.8125000002 50.500000000000007 5094.0000000000009 6537375.0000000009 995.00000000000011 893.50000000000011 1363901.5000000002 134087.00000000003 121.25636672973634
decision_type=2 2 2 2 2 2 2 2 2 2 2 2 2 2 2 2 2 2 2 2 2 2 2 2 2 2 2 2 2 2
left_child=3 2 -2 5 -5 6 11 -4 9 10 -9 19 -3 -12 15 17 -14 -15 20 23 25 27 29 -1 -23 26 -19 28 -22 -18
right_child=1 12 7 4 -6 -7 -8 8 -10 -11 13 -13 16 14 -16 -17 22 18 -20 -21 21 24 -24 -25 -26 -27 -28 -29 -30 -31
leaf_value=-0.050001060982634654 -0.050081749259412014 -0.050001141372140484 0.050002266379881366 -0.011320598532020686 0.050003483375035775 -0.050006872835037346 -0.050003096001951401 0.05000131002555213 0.050002107151264609 0.050001454163232373 0.050001133798165391 -0.050001311960722897 -0.050001036875326435 0.050001069878356175 0.050001124277962529 0.050001088144865563 -0.050001060693119936 0.05000105931072072 0.050001063695323915 -0.050001060975247147 0.050001061302294286 0.050001058799646197 -0.050001057263897988 -0.050001061002476338 0.050001060651008733 0.050001059075737313 0.050001061063529487 0.050001062332680118 0.050001063454019903 -0.050001061102948864
leaf_weight=0.022607185158449283 0.0029220821998023885 0.0010029467302956627 0.0018599379691295317 0.0013094981668473329 0.0014621366426581517 0.0010232424820060251 0.0010025439396486027 0.0023352035568677812 0.0017268368028453543 0.0017314734868705264 0.0013469976402120656 0.0010215483735009903 0.0013495383559529736 0.001476439203543122 0.0016810166198411016 0.0013012066192459306 0.0015525475755566731 0.0066831257063313387 0.0024228217225754625 0.0012092875203961731 0.0075117775122635067 0.0027370748357498096 0.0010909061193160596 0.0083122563755750889 0.0078281724272528663 0.0013365781633183369 0.0015912203816697001 0.0031211068780976356 0.0012739462472382002 0.0059830973495991202
leaf_count=1776 20 76 16 60 7 22 37 31 14 20 20 75 110 23 25 20 122 105 38 95 118 43 86 653 123 21 25 49 20 470
internal_value=2.44016e-05 0.0275272 0.0442541 -0.0448133 0.0210301 -0.0500013 -0.0500011 0.0500012 0.0500011 0.0500011 0.0500011 -0.0500011 -0.0500011 0.0500011 0.0500011 0.0500011 -0.0500011 0.0500011 0.0500011 -0.0500011 0.0500011 0.0500011 -0.0500011 -0.0500011 0.0500011 0.0500011 0.0500011 0.0500011 0.0500011 -0.0500011
internal_weight=0.0998138 0.0618661 0.050887 0.0379477 0.00277163 0.0351761 0.0341528 0.0479649 0.046105 0.0443782 0.0426467 0.0331503 0.010979 0.0403115 0.0389645 0.0372835 0.00997609 0.0359823 0.0345058 0.0321287 0.032083 0.0224721 0.00862655 0.0309194 0.0105652 0.00961092 0.00827435 0.0119068 0.00878572 0.00753564
internal_count=4320 1595 731 2725 67 2658 2636 711 695 681 661 2599 864 630 610 585 788 565 542 2524 504 353 678 2429 166 151 130 187 138 592
is_linear=0
shrinkage=0.05


Tree=202
num_leaves=31
num_cat=0
split_feature=67 6 40 5 40 1 24 21 14 8 18 22 8 27 24 66 14 1 26 20 8 0 27 0 4 14 14 16 16 14
split_gain=0.046784 0.0305262 0.0104971 0.00498423 1.12122e-11 7.91651e-13 5.86829e-13 7.92907e-14 4.59216e-14 2.20136e-15 2.13024e-15 2.10942e-15 9.64506e-16 3.1225e-16 2.98372e-16 1.82146e-16 4.16334e-17 1.38778e-17 1.04083e-17 7.97973e-17 6.93889e-18 3.46945e-18 3.46945e-18 1.73472e-18 1.73472e-18 1.73472e-18 1.73472e-18 1.73472e-18 1.73472e-18 8.67362e-19
threshold=1.5000000000000002 21.000000000000004 5.8285715579986581 11598.000000000002 1194.4500122070315 23699.500000000004 997.50000000000011 13850000.000000002 2.5229492187500004 39.049999237060554 31272.000000000004 30050000.000000004 86.012985229492202 59260.416015625007 707.50000000000011 232.00000000000003 2.8556319475173955 82298360.000000015 2.5000000000000004 3.5000000000000004 6.9444444179534921 3674.0000000000005 36910.707031250007 443.50000000000006 310.50000000000006 126.88491058349611 17.565885543823246 2383290.8750000005 878940.18750000012 121.77117156982423
decision_type=2 2 2 2 2 2 2 2 2 2 2 2 2 2 2 2 2 2 2 2 2 2 2 2 2 2 2 2 2 2
left_child=3 2 -2 4 12 -4 7 8 -7 -3 -10 14 13 18 16 -11 -12 20 21 -20 25 -1 -22 29 -21 26 27 28 -18 -17
right_child=1 9 5 -5 -6 6 -8 -9 10 15 11 -13 -14 -15 -16 23 17 -19 19 24 22 -23 -24 -25 -26 -27 -28 -29 -30 -31
leaf_value=-0.050001010245760404 -0.050077763589641847 -0.050001081874456267 0.050002156592898417 0.020735349411039425 -0.050006377555279619 0.050001248953884442 0.050002005003997201 0.050001381831770608 0.050001078498878818 -0.050000986186060019 0.050001018267581868 0.050001069074204256 -0.050001061133744654 -0.050001038699656081 0.050001034743031483 -0.05000100547875537 0.05000101043448818 0.050001011824767488 -0.050001025340490696 -0.050001010192393607 0.050001009656538177 -0.050001010254338119 0.050001008469402079 -0.050001007281868404 -0.050001009400518208 0.050001008776046518 0.050001010002189386 0.05000100902549183 0.050001009544951007 -0.050001006612413051
leaf_weight=0.015898511198429333 0.0027797862094303119 0.0010024727343989079 0.0017692315159365526 0.0026904944024863644 0.0010042003614216801 0.0022213170741451896 0.0016426212459919034 0.0016470308037241912 0.0012813051798730149 0.0012473911324377704 0.0014044338095118283 0.0015990341780707231 0.00101368874493346 0.0010434631221869486 0.0012377472958178251 0.0020196093000777182 0.0016966933362709824 0.0014572412219422395 0.0010062323190140878 0.0039230919410329079 0.0033309638783975961 0.0078463330210070126 0.015741003586299485 0.0033895155793288723 0.001731589033624914 0.0012715917291643572 0.0012120565988880125 0.0016950966055446779 0.0064183412505371962 0.002784604193038831
leaf_count=1313 20 80 16 27 24 31 14 20 20 107 23 25 80 84 20 167 28 24 82 324 55 648 260 280 143 21 20 28 106 230
internal_value=2.45712e-05 0.027527 0.0442539 -0.0447377 -0.0500012 0.0500011 0.0500011 0.050001 0.050001 -0.050001 0.050001 0.050001 -0.050001 -0.050001 0.050001 -0.050001 0.050001 0.050001 -0.050001 -0.050001 0.050001 -0.050001 0.050001 -0.050001 -0.050001 0.050001 0.050001 0.050001 0.050001 -0.050001
internal_weight=0.0950067 0.0588491 0.0484055 0.0361576 0.0334671 0.0456257 0.0438565 0.0422139 0.0405668 0.0104436 0.0383455 0.0370642 0.0324629 0.0314492 0.0354652 0.00944112 0.0342274 0.032823 0.0304058 0.00666091 0.0313657 0.0237448 0.019072 0.00819373 0.00565468 0.0122938 0.0110222 0.00981013 0.00811503 0.00480421
internal_count=4320 1595 731 2725 2698 711 695 681 661 864 630 610 2674 2594 585 784 565 542 2510 549 518 1961 315 677 467 203 182 162 134 397
is_linear=0
shrinkage=0.05


Tree=203
num_leaves=22
num_cat=0
split_feature=67 6 40 51 12 40 28 1 24 21 14 18 22 8 24 66 14 0 75 8 19
split_gain=0.0444175 0.0290373 0.00998512 0.0049039 0.000944107 8.76101e-12 1.49675e-12 6.81261e-13 5.04319e-13 6.83273e-14 3.92533e-14 1.84575e-15 1.83187e-15 1.68268e-15 2.63678e-16 1.92554e-16 2.77556e-17 6.93889e-18 6.93889e-18 3.46945e-18 2.60209e-18
threshold=1.5000000000000002 21.000000000000004 5.8285715579986581 1.5000000000000002 1934.0000000000002 997.29165649414074 5004535.0000000009 23699.500000000004 997.50000000000011 13850000.000000002 2.5229492187500004 31272.000000000004 30050000.000000004 39.354166030883796 707.50000000000011 232.00000000000003 2.8556319475173955 5993.0000000000009 75750000.000000015 6.9444444179534921 49.500000000000007
decision_type=2 2 2 2 2 2 2 2 2 2 2 2 2 2 2 2 2 2 2 2 2
left_child=3 2 -2 5 -5 6 17 -4 9 10 -9 -12 14 -3 16 -15 -13 -1 19 -18 -17
right_child=1 13 7 4 -6 -7 -8 8 -10 -11 11 12 -14 15 -16 20 18 -19 -20 -21 -22
leaf_value=-0.050000959432246153 -0.050073973459480531 -0.050001024068329958 0.050002051640694704 -0.010082367845281971 0.050003245168886302 -0.050005745597322564 -0.050002716233306314 0.050001187645982742 0.050001906867478491 0.050001314979973267 0.050001026488356297 0.050000968355743206 0.050001017572175149 -0.050000937482963637 0.050000984901167111 -0.050000959503059134 0.050000960435308363 -0.050000959398503145 0.050000962671935802 0.050000960035587218 -0.050000956998856788
leaf_weight=0.021366008428230998 0.0026444095310580442 0.0010226913632322985 0.0016829485030029892 0.0012569918799272264 0.0013622932892758399 0.0010180453609791576 0.0012641593466469194 0.0021129846500116392 0.0015625126688973969 0.0015667062543798229 0.0012188164182589381 0.0013359400436456772 0.0015210498786473172 0.001163519472356711 0.0011773828009609124 0.0067033668574367766 0.011751784946682164 0.0082353764073559432 0.0014437833924603174 0.018026653557171812 0.0010446846345075755
leaf_count=1855 20 86 16 60 7 30 58 31 14 20 20 23 25 105 20 582 204 715 25 313 91
internal_value=2.39173e-05 0.0275269 0.0442537 -0.0445984 0.0211682 -0.0500012 -0.050001 0.0500011 0.050001 0.050001 0.050001 0.050001 0.050001 -0.050001 0.050001 -0.050001 0.050001 -0.050001 0.050001 0.050001 -0.050001
internal_weight=0.0904821 0.0559792 0.046045 0.0345029 0.00261929 0.0318836 0.0308655 0.0434006 0.0417176 0.0401551 0.0385884 0.0364754 0.0352566 0.00993426 0.0337355 0.00891157 0.0325582 0.0296014 0.0312222 0.0297784 0.00774805
internal_count=4320 1595 731 2725 67 2658 2628 711 695 681 661 630 610 864 585 778 565 2570 542 517 673
is_linear=0
shrinkage=0.05


Tree=204
num_leaves=29
num_cat=0
split_feature=67 6 40 40 27 1 24 21 14 27 18 22 8 8 24 66 14 25 34 1 15 15 19 15 0 4 4 15
split_gain=0.0422039 0.027621 0.00949808 0.00471513 1.2109e-12 5.8599e-13 4.33001e-13 5.89112e-14 3.33622e-14 2.51812e-14 1.56819e-15 1.57513e-15 1.40166e-15 8.56953e-16 2.15106e-16 1.71738e-16 3.1225e-17 1.73472e-17 8.84709e-17 3.46945e-18 3.46945e-18 3.46945e-18 2.60209e-18 1.73472e-18 8.67362e-19 8.67362e-19 4.33681e-19 4.33681e-19
threshold=1.5000000000000002 21.000000000000004 5.8285715579986581 1202.0363769531252 2713426.5000000005 23699.500000000004 997.50000000000011 13850000.000000002 2.5229492187500004 60742.296875000007 31272.000000000004 30050000.000000004 39.944444656372077 59.549999237060554 707.50000000000011 232.00000000000003 2.8556319475173955 2.5000000000000004 48.000000000000007 82298360.000000015 0.77125996351242077 17778.128906250004 48.500000000000007 0.68412882089614879 8062.5000000000009 1173.5000000000002 323.50000000000006 202.59265899658206
decision_type=2 2 2 2 2 2 2 2 2 2 2 2 2 2 2 2 2 2 2 2 2 2 2 2 2 2 2 2
left_child=3 2 -2 4 9 -4 7 8 -7 13 -10 14 -3 17 16 -14 -12 20 -19 -18 23 27 25 -1 26 -17 -20 -22
right_child=1 12 5 -5 -6 6 -8 -9 10 -11 11 -13 15 -15 -16 22 19 18 24 -21 21 -23 -24 -25 -26 -27 -28 -29
leaf_value=-0.05000091312393528 -0.050070366458437446 -0.050000972361860678 0.050001950938134844 0.020870828930069488 -0.050002670306811325 0.050001128171635281 0.050001812489976274 0.050001250823077173 0.050000975723365454 -0.050001169026224902 0.050000920812187558 0.050000967659316532 -0.050000891559959695 -0.050000960700948921 0.050000936323858873 -0.050000913095204713 0.050000913175034904 -0.050000928960352936 -0.050000913152888876 0.050000915586020413 -0.050000913123956506 -0.050000913112663317 -0.050000910282577943 -0.050000913123961981 -0.050000913123950587 -0.05000091355725457 -0.050000913060509425 -0.050000913123946111
leaf_weight=0.0012709284519587518 0.0025156167957902644 0.0010056838846139735 0.0016008732927730298 0.0025436419964535153 0.0010277130895701694 0.0020099354296689844 0.0014863107062410555 0.0014902989278198211 0.0011593751878535832 0.0010139976711798218 0.0012707866480923249 0.0014468688204942728 0.0011067749464928056 0.0010078084505948928 0.0011199622131243805 0.0052259614358263207 0.028380954452586593 0.0010893841717916066 0.0014680949452667846 0.0013185688621888394 0.0026295071393178651 0.012062863983373973 0.0010921538350885385 0.004185298870652332 0.0020707368739749654 0.001019197369714675 0.0012490528497437481 0.0012599721567312372
leaf_count=116 20 89 16 18 46 31 14 20 20 84 23 25 105 88 20 477 518 98 134 24 240 1101 100 382 189 93 114 115
internal_value=2.40759e-05 0.0275268 0.0442534 -0.0445181 -0.050001 0.050001 0.050001 0.0500009 0.0500009 -0.0500009 0.0500009 0.0500009 -0.0500009 -0.0500009 0.0500009 -0.0500009 0.0500009 -0.0500009 -0.0500009 0.0500009 -0.0500009 -0.0500009 -0.0500009 -0.0500009 -0.0500009 -0.0500009 -0.0500009 -0.0500009
internal_weight=0.0861283 0.0532493 0.0437996 0.032879 0.0303354 0.0412839 0.0396831 0.0381968 0.0367065 0.0293076 0.0346965 0.0335371 0.00944977 0.0282936 0.0320903 0.00844409 0.0309703 0.0272858 0.00587727 0.0296995 0.0214086 0.0159523 0.00733731 0.00545623 0.00478788 0.00624516 0.00271715 0.00388948
internal_count=4320 1595 731 2725 2707 711 695 681 661 2661 630 610 864 2577 585 775 565 2489 535 542 1954 1456 670 498 437 570 248 355
is_linear=0
shrinkage=0.05


Tree=205
num_leaves=30
num_cat=0
split_feature=67 6 40 51 12 40 28 1 24 21 14 18 22 8 24 66 14 28 1 15 15 19 37 19 21 14 15 21 41
split_gain=0.0400665 0.0262738 0.00903479 0.00463703 0.000858601 8.16693e-12 1.02455e-12 5.04673e-13 3.7384e-13 5.15074e-14 2.86507e-14 1.33921e-15 1.38778e-15 1.15533e-15 2.01228e-16 1.5439e-16 2.42861e-17 1.73472e-17 5.20417e-18 3.46945e-18 3.46945e-18 3.46945e-18 3.46945e-18 1.73472e-18 1.73472e-18 8.67362e-19 8.67362e-19 4.33681e-19 4.33681e-19
threshold=1.5000000000000002 21.000000000000004 5.8285715579986581 1.5000000000000002 1934.0000000000002 996.75000000000011 5004535.0000000009 23699.500000000004 997.50000000000011 13850000.000000002 2.5229492187500004 31272.000000000004 30050000.000000004 41.055555343627937 707.50000000000011 232.00000000000003 2.8556319475173955 175636.00000000003 9916241.5000000019 0.16857127100229266 55.523277282714851 48.500000000000007 0.16902317106723788 45.500000000000007 1634.2500000000002 138.68180847167972 129.20940399169925 9058.0000000000018 2037.8923339843752
decision_type=2 2 2 2 2 2 2 2 2 2 2 2 2 2 2 2 2 2 2 2 2 2 2 2 2 2 2 2 2
left_child=3 2 -2 5 -5 6 22 -4 9 10 -9 -12 14 -3 16 -15 -13 19 23 -18 -21 25 -1 24 -19 -17 -22 -26 -20
right_child=1 13 7 4 -6 -7 -8 8 -10 -11 11 12 -14 15 -16 21 17 18 28 20 26 -23 -24 -25 27 -27 -28 -29 -30
leaf_value=-0.050000868413677138 -0.050066937019082214 -0.05000092188960803 0.050001855779326143 -0.008894382409626863 0.05000302597478401 -0.050005454861918486 -0.050002422973853503 0.050001072511115442 0.05000172503745888 0.050001191772016708 0.050000927610761081 0.050000875930069744 0.050000920791136022 -0.050000847096575242 0.050000890591812078 -0.050000868249016721 0.050000871623549409 0.050000865999899682 0.050000868301309925 0.050000869149191177 0.050000868695325044 -0.050000865774965021 -0.050000868322879803 0.050000867482621017 0.05000086718672591 -0.050000868543969339 0.050000869227907169 0.050000867611541204 0.05000086956602813
leaf_weight=0.0042522186840869827 0.0023930884835863244 0.0010191851397394211 0.0015228006086545056 0.0012075690901838234 0.0012690953008132055 0.0010341741635784265 0.0011034733188353121 0.0019119118442176833 0.0014138249171082853 0.0014176178701745803 0.0011028328190150196 0.0012088107469025991 0.0013763054594164706 0.0010110935081684147 0.0010653419558366286 0.002000838177082187 0.0010977082674799013 0.0059404923522379249 0.0010417851153761157 0.011206525425222935 0.0020847191735811075 0.0010388897480879677 0.022511416960696806 0.0017196346343553168 0.0018238416123494972 0.0039189016524687759 0.0012516136484919116 0.0010421940460219048 0.0010425709369883407
leaf_count=408 20 95 16 60 7 33 57 31 14 20 20 23 25 101 20 192 21 114 20 215 40 100 2160 33 35 376 24 20 20
internal_value=2.3392e-05 0.0275267 0.0442532 -0.0443744 0.0212859 -0.0500011 -0.0500009 0.050001 0.0500009 0.0500009 0.0500009 0.0500009 0.0500009 -0.0500009 0.0500009 -0.0500009 0.0500009 0.0500009 0.0500009 0.0500009 0.0500009 -0.0500009 -0.0500009 0.0500009 0.0500009 -0.0500009 0.0500009 0.0500009 0.0500009
internal_weight=0.0820305 0.0506525 0.0416636 0.0313779 0.00247666 0.0289013 0.0278671 0.0392705 0.0377477 0.0363339 0.0349163 0.0330044 0.0319015 0.00898891 0.0305252 0.00796972 0.0294599 0.0282511 0.0126105 0.0156406 0.0145429 0.00695863 0.0267636 0.0105262 0.00880653 0.00591974 0.00333633 0.00286604 0.00208436
internal_count=4320 1595 731 2725 67 2658 2625 711 695 681 661 630 610 864 585 769 565 542 242 300 279 668 2568 202 169 568 64 55 40
is_linear=0
shrinkage=0.05


Tree=206
num_leaves=26
num_cat=0
split_feature=67 6 40 5 52 1 24 21 14 18 22 27 8 24 3 37 68 14 14 1 13 14 1 20 0
split_gain=0.0380671 0.0249923 0.00859411 0.00447235 6.72634e-12 4.35187e-13 3.22041e-13 4.37081e-14 2.51951e-14 1.15186e-15 1.15186e-15 1.05124e-15 9.95731e-16 1.66533e-16 6.245e-17 1.79544e-16 4.85723e-17 3.1225e-17 4.33681e-18 3.46945e-18 3.46945e-18 3.46945e-18 2.60209e-18 1.73472e-18 4.33681e-19
threshold=1.5000000000000002 21.000000000000004 5.8285715579986581 11598.000000000002 1322.527770996094 23699.500000000004 997.50000000000011 13850000.000000002 2.5229492187500004 31272.000000000004 30050000.000000004 62948.134765625007 41.527778625488288 707.50000000000011 1.5000000000000002 47.892683029174812 30.000000000000004 2.8556319475173955 121.16934204101564 82298360.000000015 1549.0614013671877 139.9259948730469 72701.000000000015 8063230.5000000009 8062.5000000000009
decision_type=2 2 2 2 2 2 2 2 2 2 2 2 2 2 2 2 2 2 2 2 2 2 2 2 2
left_child=3 2 -2 4 11 -4 7 8 -7 -10 13 14 -3 17 -1 21 18 -11 -14 20 23 24 -20 -19 -16
right_child=1 12 5 -5 -6 6 -8 -9 9 10 -12 -13 16 -15 15 -17 -18 19 22 -21 -22 -23 -24 -25 -26
leaf_value=-0.050000825812033661 -0.050063672793711801 -0.050000875824040905 0.050001766580543561 0.021170166724093772 -0.050004944178185622 0.050001022680332442 0.050001641707072934 0.050001132145977414 0.050000882750359202 0.050000834624247176 0.050000875465708298 -0.050000878608184376 -0.050000822150963534 0.050000847401976557 -0.050000825949736927 -0.050000846468865906 -0.050000814131268362 0.050000826837197615 -0.050000823439853528 0.050000828162961988 0.050000825993712285 -0.050000829229432053 -0.050000825887098588 0.05000082628554834 -0.05000082572189251
leaf_weight=0.019351481001649518 0.0022765209068893446 0.0010091343951899034 0.0014485352803603737 0.0023999340228328938 0.0010317766327716518 0.0018186686065746463 0.00134487407922279 0.0013484813680406651 0.0010490479508007402 0.0011498572712298474 0.001309183400735491 0.0010339116734030531 0.001162545535407844 0.0010133854666491962 0.0016753999389038645 0.0015049386402097298 0.0013175491999390943 0.0079837898119876627 0.0010759273704934458 0.001193092470202827 0.01611029071136727 0.0010335647157262429 0.0039853646840128931 0.0015861124738876251 0.0018736833808361553
leaf_count=1952 20 99 16 27 36 31 14 20 20 23 25 99 118 20 169 149 136 161 109 24 325 104 402 32 189
internal_value=2.35404e-05 0.0275266 0.044253 -0.0442893 -0.050001 0.0500009 0.0500009 0.0500009 0.0500008 0.0500008 0.0500008 -0.0500008 -0.0500008 0.0500008 -0.0500008 -0.0500008 -0.0500008 0.0500008 -0.0500008 0.0500008 0.0500008 -0.0500008 -0.0500008 0.0500008 -0.0500008
internal_weight=0.0780871 0.0481824 0.0396318 0.0299047 0.0275048 0.0373553 0.0359068 0.0345619 0.0332134 0.0313948 0.0303457 0.026473 0.00855052 0.0290365 0.0254391 0.00608759 0.00754139 0.0280231 0.00622384 0.0268733 0.0256802 0.00458265 0.00506129 0.0095699 0.00354908
internal_count=4320 1595 731 2725 2698 711 695 681 661 630 610 2662 864 585 2563 611 765 565 629 542 518 462 511 193 358
is_linear=0
shrinkage=0.05


Tree=207
num_leaves=23
num_cat=0
split_feature=67 6 40 51 12 52 28 1 24 21 14 1 22 8 24 68 14 35 0 19 5 22
split_gain=0.0361371 0.0237734 0.00817492 0.00438294 0.00078164 5.91022e-12 9.32702e-13 3.73576e-13 2.76834e-13 3.78378e-14 2.1684e-14 9.29812e-16 9.78384e-16 7.54605e-16 1.21431e-16 4.33681e-17 1.38778e-17 6.93889e-18 3.46945e-18 3.46945e-18 1.73472e-18 1.73472e-18
threshold=1.5000000000000002 21.000000000000004 5.8285715579986581 1.5000000000000002 1934.0000000000002 1086.3181762695315 5004535.0000000009 23699.500000000004 997.50000000000011 13850000.000000002 2.5229492187500004 34525.000000000007 30050000.000000004 42.055555343627937 683.50000000000011 30.000000000000004 2.8556319475173955 90.000000000000014 52703.500000000007 46.500000000000007 312.00000000000006 4567682.5000000009
decision_type=2 2 2 2 2 2 2 2 2 2 2 2 2 2 2 2 2 2 2 2 2 2
left_child=3 2 -2 5 -5 6 18 -4 9 10 -9 -12 14 -3 16 19 -13 21 -1 20 -15 -18
right_child=1 13 7 4 -6 -7 -8 8 -10 -11 11 12 -14 15 -16 -17 17 -19 -20 -21 -22 -23
leaf_value=-0.050000786011231285 -0.050060567352034707 -0.050000829382743729 0.050001679331065453 -0.0077611873801916647 0.050002813932240611 -0.050004756204055562 -0.050002340483972001 0.050000972806614523 0.05000156122293601 0.050001077737660632 0.05000083703964181 0.050000791270571721 0.050000832420325707 -0.050000784904678568 0.050000804331995552 -0.050000774918914852 0.050000785869516798 0.050000786544271571 -0.050000786027606874 -0.050000782535455326 -0.050000786127479983 0.050000784481314668
leaf_weight=0.022887118640028348 0.0021656245335179838 0.0010158007698919391 0.0013778917200397691 0.001160837609859299 0.0011819190694950521 0.0010060040676762574 0.0010050752534880294 0.0017299727624049402 0.0012792857887689016 0.0012827165155613321 0.0010450543923070646 0.0010937789666058953 0.0012453348135750266 0.0017118826294790779 0.0010111124720424405 0.0012440254595276201 0.0078773466266284231 0.016459482067148201 0.0013013647767365901 0.0010780074148897256 0.0030837976528346189 0.0011315333613310949
leaf_count=2427 20 105 16 60 7 37 56 31 14 20 21 23 25 182 21 135 167 349 138 115 327 24
internal_value=2.28232e-05 0.0275265 0.0442528 -0.044142 0.0213807 -0.050001 -0.0500008 0.0500009 0.0500008 0.0500008 0.0500008 0.0500008 0.0500008 -0.0500008 0.0500008 -0.0500008 0.0500008 0.0500008 -0.0500008 -0.0500008 -0.0500008 0.0500008
internal_weight=0.074375 0.0458326 0.0376991 0.0285423 0.00234276 0.0261996 0.0251936 0.0355335 0.0341556 0.0328763 0.0315936 0.0298636 0.0288186 0.00813351 0.0275733 0.00711771 0.0265621 0.0254684 0.0241885 0.00587369 0.00479568 0.00900888
internal_count=4320 1595 731 2725 67 2658 2621 711 695 681 661 630 609 864 584 759 563 540 2565 624 509 191
is_linear=0
shrinkage=0.05


Tree=208
num_leaves=31
num_cat=0
split_feature=67 6 40 40 28 1 24 21 14 8 22 36 40 24 27 66 14 34 35 4 21 1 8 0 0 69 0 0 0 9
split_gain=0.0343313 0.0226139 0.00777618 0.00423125 8.68226e-13 3.21417e-13 2.38268e-13 3.20438e-14 1.83083e-14 2.08861e-15 8.39606e-16 8.18789e-16 6.37511e-16 1.17961e-16 9.71445e-17 5.89806e-17 2.42861e-17 2.08167e-17 1.11022e-16 1.04083e-17 6.93889e-18 2.60209e-18 2.60209e-18 1.73472e-18 1.73472e-18 1.73472e-18 8.67362e-19 8.67362e-19 8.67362e-19 4.33681e-19
threshold=1.5000000000000002 21.000000000000004 5.8285715579986581 1202.0363769531252 5004535.0000000009 23699.500000000004 997.50000000000011 13850000.000000002 2.5229492187500004 63.733333587646491 30050000.000000004 84.007736206054702 42.535715103149421 620.00000000000011 52789.763671875007 232.00000000000003 2.8556319475173955 36.000000000000007 26.000000000000004 48.500000000000007 11100000.000000002 150514.50000000003 91.956348419189467 8196.0000000000018 8062.5000000000009 1957.5000000000002 52279.500000000007 41491.500000000007 6001.5000000000009 95.708740234375014
decision_type=2 2 2 2 2 2 2 2 2 2 2 2 2 2 2 2 2 2 2 2 2 2 2 2 2 2 2 2 2 2
left_child=3 2 -2 4 9 -4 7 8 -7 14 11 13 -3 16 17 -14 -10 18 26 23 -18 -21 25 24 -19 29 27 28 -1 -17
right_child=1 12 5 -5 -6 6 -8 -9 10 -11 -12 -13 15 -15 -16 22 20 19 -20 21 -22 -23 -24 -25 -26 -27 -28 -29 -30 -31
leaf_value=-0.050000750285041945 -0.05005761363186792 -0.050000786781140338 0.050001596810843277 0.021308156304066055 -0.050002169369229771 0.050000923420846548 0.050001484613369951 0.050001022675499322 0.050000755089062904 -0.050000824801644334 0.050000793101416689 0.050000793607009278 -0.050000733823378468 0.050000765281929642 -0.050000766652029266 -0.050000746550759381 0.050000747264607265 -0.050000750215742712 -0.050000767841807181 -0.050000745682050367 0.050000748938616536 -0.050000748768260418 -0.050000747385351645 -0.050000750031536458 -0.050000750285028872 -0.050000745195813781 -0.050000750285008735 -0.05000075005869118 -0.050000750239744519 -0.050000746144854093
leaf_weight=0.0031844464410823994 0.0020601242704287861 0.0010017049767156996 0.0013106932274240526 0.0022696146770613259 0.0011360879161657058 0.0016456025477964422 0.0012168961038696571 0.0012201589670439708 0.0010404355089121955 0.0010123731462954302 0.001184600048873107 0.0010387584006821262 0.001175315206637606 0.0010068496740132096 0.0010151340329684891 0.0010495329697732814 0.022519244932482252 0.0091855581849813461 0.0010509907006053254 0.0014621542759414305 0.0016173087715287684 0.0010405944030935643 0.0013362191339183482 0.0010764325998025024 0.001740232703014045 0.0020527820142888231 0.0010226109698123764 0.0010046704264823347 0.0010046704264823347 0.0011212891458853846
leaf_count=355 20 109 16 18 67 31 14 20 23 104 25 22 135 22 111 117 502 1024 115 163 36 116 149 120 194 229 114 112 112 125
internal_value=2.29599e-05 0.0275264 0.0442527 -0.0440519 -0.0500008 0.0500008 0.0500008 0.0500008 0.0500008 -0.0500008 0.0500008 0.0500008 -0.0500007 0.0500007 -0.0500008 -0.0500007 0.0500007 -0.0500008 -0.0500008 -0.0500007 0.0500007 -0.0500007 -0.0500007 -0.0500008 -0.0500008 -0.0500007 -0.0500008 -0.0500008 -0.0500008 -0.0500007
internal_weight=0.0708031 0.0435975 0.0358607 0.0272056 0.024936 0.0338005 0.0324899 0.031273 0.0300528 0.0237999 0.0284072 0.0272226 0.00773684 0.0261838 0.0227875 0.00673514 0.025177 0.0217724 0.00726739 0.014505 0.0241366 0.00250275 0.00555982 0.0120022 0.0109258 0.0042236 0.0062164 0.00519379 0.00418912 0.00217082
internal_count=4320 1595 731 2725 2707 711 695 681 661 2640 630 605 864 583 2536 755 561 2425 808 1617 538 279 620 1338 1218 471 693 579 467 242
is_linear=0
shrinkage=0.05


Tree=209
num_leaves=31
num_cat=0
split_feature=67 6 40 51 12 40 25 1 24 21 14 22 18 8 24 65 4 20 0 14 14 14 14 14 14 20 1 12 14 20
split_gain=0.0325885 0.0215109 0.00739689 0.00414195 0.000712298 5.28871e-12 6.19543e-13 2.7793e-13 2.06113e-13 2.80713e-14 1.62197e-14 7.11237e-16 6.93889e-16 5.24754e-16 9.36751e-17 3.38271e-17 1.04083e-17 6.93889e-18 3.46945e-18 3.46945e-18 3.46945e-18 2.60209e-18 2.60209e-18 1.73472e-18 1.73472e-18 1.73472e-18 1.30104e-18 4.33681e-19 4.33681e-19 4.33681e-19
threshold=1.5000000000000002 21.000000000000004 5.8285715579986581 1.5000000000000002 1934.0000000000002 993.66665649414074 6155865.0000000009 23699.500000000004 997.50000000000011 13850000.000000002 2.5229492187500004 30050000.000000004 34606.000000000007 42.45000076293946 620.00000000000011 248.00000000000003 45.500000000000007 3164.0000000000005 52719.500000000007 3.0033843517303471 9355.9433593750018 79682.972656250015 143.70471954345706 149.54267883300784 141.09117126464847 893.50000000000011 49027.500000000007 458.09091186523443 1236.6773071289065 733.00000000000011
decision_type=2 2 2 2 2 2 2 2 2 2 2 2 2 2 2 2 2 2 2 2 2 2 2 2 2 2 2 2 2 2
left_child=3 2 -2 5 -5 6 16 -4 9 10 -9 12 -12 -3 17 -15 18 21 -1 -19 23 25 -17 24 -21 29 -18 -24 -25 -14
right_child=1 13 7 4 -6 -7 -8 8 -10 -11 11 -13 14 15 -16 22 26 19 -20 20 -22 -23 27 28 -26 -27 -28 -29 -30 -31
leaf_value=-0.050000709104633834 -0.050054804517578835 -0.050000745826307647 0.050001520819178441 -0.0066788468296292139 0.050002619289382988 -0.050004468261488799 -0.05000197527601459 0.05000088059081708 0.050001413958818956 0.050000974963235349 0.050000753479147897 0.050000754019645766 0.050000708703938482 -0.050000701111412964 0.050000726695000719 -0.050000707500393107 -0.050000712586365181 0.05000071465459352 -0.050000709344173534 0.05000071129661611 0.0500007114820765 0.050000711308701075 -0.050000710239389193 0.050000710346618127 0.050000711736627561 0.050000710779457669 -0.050000711085177278 -0.050000709311331215 0.050000711113873025 0.05000070843371153
leaf_weight=0.016741339539294131 0.0019597580321715205 0.0010215296160822609 0.0012467718261177643 0.0011166088415848199 0.0011005787964677438 0.001007270541322213 0.0010118383543158407 0.0015653469163225955 0.0011575489988899781 0.0011606522348301942 0.0010308293567504725 0.0011268272719462393 0.0020905299643345634 0.00167464416290386 0.0010002382223319719 0.0010890147823374718 0.0014335089390442582 0.0014589491001970592 0.0011092630638813708 0.00828023866051808 0.0037549079243035513 0.0014509797729260754 0.0025421412265131949 0.0015361679288616878 0.0013243666580819999 0.0016212198097491637 0.0024489463585268822 0.0010321887621103087 0.0010239448783977423 0.0013225816001067869
leaf_count=1962 20 117 16 60 7 43 68 31 14 20 23 25 49 200 23 128 168 34 130 194 88 34 298 36 31 38 287 121 24 31
internal_value=2.22098e-05 0.0275263 0.0442525 -0.0439001 0.021457 -0.0500009 -0.0500008 0.0500008 0.0500008 0.0500007 0.0500007 0.0500007 0.0500007 -0.0500007 0.0500007 -0.0500007 -0.0500007 0.0500007 -0.0500007 0.0500007 0.0500007 0.0500007 -0.0500007 0.0500007 0.0500007 0.0500007 -0.0500007 -0.0500007 0.0500007 0.0500007
internal_weight=0.0674407 0.0414714 0.0341119 0.0259694 0.00221719 0.0237522 0.0227449 0.0321521 0.0309053 0.0297478 0.0285871 0.0270218 0.025895 0.00735952 0.0248641 0.00633799 0.0217331 0.0238639 0.0178506 0.0173786 0.0159196 0.00648531 0.00466334 0.0121647 0.00960461 0.00503433 0.00388246 0.00357433 0.00256011 0.00341311
internal_count=4320 1595 731 2725 67 2658 2615 711 695 681 661 630 605 864 582 747 2547 559 2092 407 373 152 547 285 225 118 455 419 60 80
is_linear=0
shrinkage=0.05


Tree=210
num_leaves=31
num_cat=0
split_feature=67 6 40 5 40 1 24 21 14 27 22 36 14 24 25 17 14 65 0 0 9 76 0 15 0 0 0 14 14 52
split_gain=0.0309576 0.0204617 0.0070361 0.00401329 4.15154e-12 2.37404e-13 1.76043e-13 2.37727e-14 1.38917e-14 1.00267e-15 5.79398e-16 5.44703e-16 3.73833e-16 6.245e-17 3.1225e-17 1.37477e-16 2.34188e-17 6.93889e-18 3.46945e-18 3.46945e-18 3.46945e-18 8.67362e-18 2.60209e-18 2.1684e-18 1.73472e-18 1.73472e-18 1.73472e-18 1.73472e-18 1.73472e-18 1.73472e-18
threshold=1.5000000000000002 21.000000000000004 5.8285715579986581 11598.000000000002 1085.5000000000002 23699.500000000004 997.50000000000011 13850000.000000002 2.5229492187500004 59380.095703125007 30050000.000000004 77.108974456787124 5988.1972656250009 557.50000000000011 4.5000000000000009 272321.54687500006 120.29716110229494 228.00000000000003 34206.000000000007 7153.5000000000009 5.4794228076934823 9191735.0000000019 8062.5000000000009 1.8554765582084658 3323.5000000000005 2007.5000000000002 407.00000000000006 7.490957736968995 105964.91015625001 7.4166667461395273
decision_type=2 2 2 2 2 2 2 2 2 2 2 2 2 2 2 2 2 2 2 2 2 2 2 2 2 2 2 2 2 2
left_child=3 2 -2 4 9 -4 7 8 -7 14 11 13 16 20 17 -16 -3 -1 19 24 21 27 -18 -17 25 26 -19 -10 -22 -29
right_child=1 12 5 -5 -6 6 -8 -9 10 -11 -12 -13 -14 -15 15 23 22 18 -20 -21 28 -23 -24 -25 -26 -27 -28 29 -30 -31
leaf_value=-0.050000674983661397 -0.050052135492063138 -0.050000668345707044 0.050001444341286984 0.021604860894088293 -0.050003933914582091 0.050000837904879997 0.050001343060140625 0.050000926095845236 0.050000676805515225 -0.050000728748163914 0.050000716991351994 0.050000714267112389 -0.050000708013844375 0.050000689698627698 -0.05000069804115357 -0.050000675305926445 -0.050000677376937398 -0.050000677573393285 -0.050000676179691166 -0.050000677684227404 0.050000676662232679 0.050000680551577782 -0.05000067494407931 -0.050000677883239864 -0.05000067783202549 -0.050000677739740484 -0.050000679118069116 0.050000679119030202 0.050000676555745686 0.050000676497824331
leaf_weight=0.0020129288495809297 0.0018642764534888548 0.001050889122325315 0.0011859678088512729 0.0021421580422611433 0.0010273016446262764 0.0014890052698319769 0.0011010961388819842 0.0011040475983463685 0.0050338938235654496 0.001033051233207515 0.0010718720259319517 0.0010616989347909103 0.0010006814532061981 0.00103279341419693 0.0010140658223463097 0.0014934544260540861 0.0029383022147158044 0.0065501356966706226 0.0022726616798536279 0.0013473637409333614 0.011080674979893956 0.0015903256717138001 0.0020107224409002811 0.0012418484429872478 0.001542163317935775 0.0010064644811791377 0.0020727248529510689 0.0015443967749888543 0.0019486989476718017 0.0013395763271546457
leaf_count=248 20 132 16 27 49 31 14 20 124 120 25 25 121 25 122 184 362 807 280 166 273 39 249 153 190 124 255 38 48 33
internal_value=2.2333e-05 0.0275262 0.0442523 -0.0438048 -0.0500008 0.0500008 0.0500007 0.0500007 0.0500007 -0.0500007 0.0500007 0.0500007 -0.0500007 0.0500007 -0.0500007 -0.0500007 -0.0500007 -0.0500007 -0.0500007 -0.0500007 0.0500007 0.0500007 -0.0500007 -0.0500007 -0.0500007 -0.0500007 -0.0500007 0.0500007 0.0500007 0.0500007
internal_weight=0.0642052 0.0394489 0.0324483 0.0247563 0.0226142 0.030584 0.0293981 0.028297 0.0271929 0.0215869 0.0257039 0.0246321 0.0070006 0.0235704 0.0205538 0.00374937 0.00599991 0.0168044 0.0147915 0.0125189 0.0225376 0.00950819 0.00494902 0.0027353 0.0111715 0.00962933 0.00862286 0.00791787 0.0130294 0.00288397
internal_count=4320 1595 731 2725 2698 711 695 681 661 2649 630 605 864 580 2529 459 743 2070 1822 1542 555 234 611 337 1376 1186 1062 195 321 71
is_linear=0
shrinkage=0.05


Tree=211
num_leaves=26
num_cat=0
split_feature=67 6 40 51 12 40 25 1 24 21 14 22 36 8 24 65 14 4 14 16 41 14 0 4 25
split_gain=0.0293844 0.0194638 0.00669292 0.00391267 0.000649782 3.74923e-12 5.08555e-13 2.05395e-13 1.52017e-13 2.05912e-14 1.13763e-14 5.23886e-16 4.54498e-16 3.54751e-16 5.20417e-17 2.25514e-17 1.04083e-17 6.93889e-18 6.93889e-18 3.46945e-18 3.46945e-18 3.46945e-18 1.73472e-18 8.67362e-19 8.67362e-19
threshold=1.5000000000000002 21.000000000000004 5.8285715579986581 1.5000000000000002 1934.0000000000002 991.54165649414074 1542299.0000000002 23699.500000000004 997.50000000000011 13850000.000000002 2.5229492187500004 30050000.000000004 77.108974456787124 42.633333206176765 532.50000000000011 248.00000000000003 3.0033843517303471 56.500000000000007 349.89015197753912 6516249.2500000009 3350.684692382813 136514.76562500003 407.00000000000006 207.50000000000003 47.500000000000007
decision_type=2 2 2 2 2 2 2 2 2 2 2 2 2 2 2 2 2 2 2 2 2 2 2 2 2
left_child=3 2 -2 5 -5 6 17 -4 9 10 -9 12 14 -3 16 -15 -12 -1 19 -18 21 -20 -17 -24 -19
right_child=1 13 7 4 -6 -7 -8 8 -10 -11 11 -13 -14 15 -16 22 18 24 20 -21 -22 -23 23 -25 -26
leaf_value=-0.050000642572609777 -0.05004959299406269 -0.050000672247420434 0.050001375695248998 -0.0056508221287816475 0.050002440867086398 -0.050003827436305132 -0.050001796666439884 0.050000793535696031 0.050001278541676998 0.050000881605884132 0.050000648243925042 0.050000682747455699 0.050000679203190061 -0.050000634996966178 0.050000655778879868 -0.050000641172571331 0.050000642957053733 -0.0500006458254042 0.050000645035121964 0.050000644627399261 0.050000642614426133 0.050000644318003454 -0.05000064243428002 -0.050000643232788702 -0.05000064383503549
leaf_weight=0.016568837811064441 0.0017734424400259732 0.0010324105915060491 0.0011281290026090565 0.0010745694153229115 0.0010245320590911433 0.0010047618211501677 0.0010041480572908759 0.0014163868218020062 0.0010473963993717908 0.0010502034674573215 0.0012815120644518166 0.0010195969080086789 0.0010099199535034123 0.0015152826249504869 0.0010210300606559022 0.0013563213483394065 0.0082247576465306338 0.0010577493794698958 0.008261428138212068 0.0015082352801982788 0.0010810090388986291 0.001042861804307905 0.0011573706901799596 0.001597791217136546 0.0018993390913237818
leaf_count=2146 20 131 16 60 7 51 78 31 14 20 33 25 25 200 26 176 213 137 214 39 28 27 150 207 246
internal_value=2.15472e-05 0.0275261 0.0442522 -0.0436492 0.0215125 -0.0500008 -0.0500007 0.0500007 0.0500007 0.0500007 0.0500007 0.0500006 0.0500006 -0.0500006 0.0500006 -0.0500006 0.0500006 -0.0500006 0.0500006 0.0500006 0.0500006 0.0500006 -0.0500006 -0.0500006 -0.0500006
internal_weight=0.061159 0.0375251 0.0308659 0.0236339 0.0020991 0.0215348 0.0205301 0.0290925 0.0279643 0.0269169 0.0258667 0.0244504 0.0234308 0.00665918 0.0224208 0.00562677 0.0213998 0.0195259 0.0201183 0.00973299 0.0103853 0.00930429 0.00411148 0.00275516 0.00295709
internal_count=4320 1595 731 2725 67 2658 2607 711 695 681 661 630 605 864 580 733 554 2529 521 252 269 241 533 357 383
is_linear=0
shrinkage=0.05


Tree=212
num_leaves=29
num_cat=0
split_feature=67 6 40 40 27 1 24 17 14 8 1 74 8 35 36 24 65 3 1 25 0 1 14 24 0 0 0 20
split_gain=0.0279117 0.0185145 0.00636647 0.00379704 6.21225e-13 1.76692e-13 1.2651e-13 1.73438e-14 1.01377e-14 2.5327e-15 3.33067e-16 3.1572e-16 2.72352e-16 1.21431e-16 1.35742e-16 2.08167e-17 1.73472e-17 1.38778e-17 2.1684e-17 6.93889e-18 3.46945e-18 3.46945e-18 2.1684e-18 2.1684e-18 1.73472e-18 1.73472e-18 3.46945e-18 1.73472e-18
threshold=1.5000000000000002 21.000000000000004 5.8285715579986581 1202.0363769531252 1541698.3750000002 23699.500000000004 991.00000000000011 25850000.000000004 2.5229492187500004 58.380950927734382 40757.000000000007 48350000.000000007 42.828571319580085 62.000000000000007 0.10518909618258478 506.50000000000006 248.00000000000003 1.5000000000000002 997251.00000000012 217903.00000000003 52331.000000000007 8114282.5000000009 3.2615144252777104 92.000000000000014 34671.000000000007 5993.0000000000009 1363.5000000000002 893.50000000000011
decision_type=2 2 2 2 2 2 2 2 2 2 2 2 2 2 2 2 2 2 2 2 2 2 2 2 2 2 2 2
left_child=3 2 -2 4 9 -4 7 8 -7 13 -10 15 -3 17 -15 19 -14 20 -19 21 24 -12 -23 -18 25 26 -1 -21
right_child=1 12 5 -5 -6 6 -8 -9 10 -11 11 -13 16 14 -16 -17 23 18 -20 27 -22 22 -24 -25 -26 -27 -28 -29
leaf_value=-0.050000610145939373 -0.05004717363047826 -0.050000637633842986 0.050001308418231895 0.021744533518076269 -0.050001889902411813 0.050000756725368405 0.05000119504758202 0.050000828033415837 0.050000643204380468 -0.050000693922214838 0.050000611888326711 0.050000640849714312 -0.050000604959569463 -0.050000611891062287 -0.050000636852154216 0.05000061990046948 -0.05000061208869655 -0.050000620222731142 -0.050000610076642894 0.050000614042237448 -0.050000610809129979 0.050000614328003824 0.050000611478886153 -0.050000609693985801 -0.050000611116105757 -0.050000610344235821 -0.050000609974451229 0.05000061295922173
leaf_weight=0.0079464860655207303 0.0016870300660229978 0.00104081400513678 0.0010731109032349187 0.0020263951737433663 0.0010073173675664284 0.0013473098078975445 0.0010383808476035475 0.001081024773156968 0.0010342037385271388 0.0010054056792796464 0.0083754183106066193 0.0010740514117060221 0.0014413822664209874 0.0011897995677827558 0.0010051391900560702 0.0010393378106527953 0.0027760085035879456 0.0010009279972109644 0.001094275295145053 0.0028275340519030578 0.0010502287359486226 0.0013291666473378436 0.0017988239123951644 0.0010762036658888974 0.0012338351507423804 0.0015349497052739034 0.0024382933297602003 0.0056552669957454782
leaf_count=1082 20 139 16 18 70 31 15 22 27 124 228 28 200 162 133 28 378 135 149 77 143 36 49 147 168 209 332 154
internal_value=2.16571e-05 0.0275261 0.044252 -0.0435486 -0.0500007 0.0500007 0.0500007 0.0500006 0.0500006 -0.0500006 0.0500006 0.0500006 -0.0500006 -0.0500006 -0.0500006 0.0500006 -0.0500006 -0.0500006 -0.0500006 0.0500006 -0.0500006 0.0500006 0.0500006 -0.0500006 -0.0500006 -0.0500006 -0.0500006 0.0500006
internal_weight=0.0582281 0.0356951 0.0293607 0.0225331 0.0205067 0.0276736 0.0266005 0.0255621 0.0244811 0.0194993 0.0231338 0.0220996 0.00633441 0.0184939 0.00219494 0.0210255 0.00529359 0.016299 0.0020952 0.0199862 0.0142038 0.0115034 0.00312799 0.00385221 0.0131536 0.0119197 0.0103848 0.0084828
internal_count=4320 1595 731 2725 2707 711 695 680 658 2637 627 600 864 2513 295 572 725 2218 284 544 1934 313 85 525 1791 1623 1414 231
is_linear=0
shrinkage=0.05


Tree=213
num_leaves=30
num_cat=0
split_feature=67 6 40 5 40 1 24 17 14 27 17 74 8 25 24 36 65 25 14 52 0 1 1 22 1 52 0 8 24
split_gain=0.0264913 0.0176114 0.00605595 0.00370187 3.14454e-12 1.52978e-13 9.96876e-14 1.49603e-14 8.64933e-15 6.2797e-16 3.26128e-16 3.1225e-16 2.24647e-16 2.77556e-17 8.41341e-17 1.73472e-17 1.30104e-17 6.93889e-18 5.20417e-18 2.60209e-18 1.73472e-18 1.73472e-18 1.73472e-18 1.73472e-18 8.67362e-19 8.67362e-19 4.33681e-19 4.33681e-19 4.33681e-19
threshold=1.5000000000000002 21.000000000000004 5.8285715579986581 11598.000000000002 1081.681823730469 23699.500000000004 984.00000000000011 25850000.000000004 2.5229492187500004 58128.246093750007 13556.415039062502 48350000.000000007 43.225000381469734 1.5000000000000002 2.5000000000000004 0.52842527627944957 248.00000000000003 243857.50000000003 3.0033843517303471 1636.9558715820315 50911.500000000007 150514.50000000003 1874361.5000000002 3774662.1250000005 10212485.500000002 1453.0000000000002 303.50000000000006 6.9444444179534921 48.500000000000007
decision_type=2 2 2 2 2 2 2 2 2 2 2 2 2 2 2 2 2 2 2 2 2 2 2 2 2 2 2 2 2
left_child=3 2 -2 4 9 -4 7 8 -7 13 -10 15 -3 20 -15 18 -14 21 -12 25 23 -17 -23 -1 28 -19 -16 -20 -18
right_child=1 12 5 -5 -6 6 -8 -9 10 -11 11 -13 16 14 26 17 24 19 27 -21 -22 22 -24 -25 -26 -27 -28 -29 -30
leaf_value=-0.05000058258325734 -0.050044873763520847 -0.05000060575514137 0.050001245060564664 0.021666828776567108 -0.050003444605405456 0.050000717460901747 0.050001084548602304 0.050000786109273748 0.050000611476502088 -0.050000624385528082 0.050000586450648803 0.050000609433638467 -0.050000575894208213 -0.050000599113577807 -0.050000582385481301 0.050000582532529751 -0.050000582324741263 0.0500005785866127 0.050000583202198773 0.050000581306775344 -0.05000058258572726 0.050000579829094997 0.050000581413984779 -0.050000582585706443 -0.05000058088225421 0.050000578741239747 -0.050000582571572895 0.050000582063962795 -0.050000581771997857
leaf_weight=0.0092146356073499192 0.0016048245652200413 0.0010249838642266687 0.0010207759223703752 0.0019849822019750709 0.0010145789951820907 0.0012816016751457928 0.0011077811068389556 0.0010283034025633233 0.001018851613480364 0.0010005910930885866 0.0012292005339986636 0.0010216699301963663 0.0013710860457649687 0.001047959691277355 0.0013901997208449757 0.0022007761217537336 0.0012992897927688318 0.0029341549270611713 0.0010479733973625116 0.0012923341091664042 0.0018093938751917457 0.0012931179007864557 0.0050998680017073639 0.0026896396821030075 0.0013249842559162062 0.0028972263717150781 0.0013622790120280115 0.0018503526152926497 0.0010051352946902625
leaf_count=1319 20 144 16 27 58 31 18 22 28 136 35 28 200 147 199 63 186 84 30 37 259 37 146 385 190 83 195 53 144
internal_value=2.08348e-05 0.027526 0.0442519 -0.0433884 -0.0500007 0.0500006 0.0500006 0.0500006 0.0500006 -0.0500006 0.0500006 0.0500006 -0.0500006 -0.0500006 -0.0500006 0.0500006 -0.0500006 0.0500006 0.0500006 0.0500006 -0.0500006 0.0500006 0.0500006 -0.0500006 -0.0500006 0.0500006 -0.0500006 0.0500006 -0.0500006
internal_weight=0.0554686 0.0339543 0.0279288 0.0215143 0.0195293 0.026324 0.0253032 0.0241954 0.0231671 0.0185147 0.0218855 0.0208667 0.00602548 0.0175141 0.00380044 0.019845 0.0050005 0.0157175 0.00412753 0.00712372 0.0137137 0.00859376 0.00639299 0.0119043 0.00362941 0.00583138 0.00275248 0.00289833 0.00230443
internal_count=4320 1595 731 2725 2698 711 695 677 655 2640 624 596 864 2504 541 568 720 450 118 204 1963 246 183 1704 520 167 394 83 330
is_linear=0
shrinkage=0.05


Tree=214
num_leaves=25
num_cat=0
split_feature=67 6 40 51 12 36 24 40 21 14 14 8 15 12 52 2 24 3 1 0 14 14 19 25
split_gain=0.0251418 0.0167525 0.00576057 0.00363892 2.94791e-12 1.25712e-13 8.57751e-14 6.5805e-14 1.23963e-14 7.62584e-15 2.04697e-16 1.81279e-16 1.00614e-16 1.30104e-17 1.51788e-17 1.04083e-17 6.93889e-18 5.20417e-18 5.20417e-18 3.46945e-18 3.46945e-18 1.73472e-18 8.67362e-19 4.33681e-19
threshold=1.5000000000000002 21.000000000000004 5.8285715579986581 1.5000000000000002 1936.5833129882815 129.29300689697268 984.00000000000011 748.12500000000011 13450000.000000002 2.5229492187500004 257979.62500000003 44.339284896850593 0.15249771624803546 198.00000000000003 48.785715103149421 3.5000000000000004 325.50000000000006 4.5000000000000009 138666.50000000003 950.50000000000011 3.0033843517303471 26.715669631958011 3.5000000000000004 111913.00000000001
decision_type=2 2 2 2 2 2 2 2 2 2 2 2 2 2 2 2 2 2 2 2 2 2 2 2
left_child=3 2 -2 4 7 6 8 19 9 -4 12 -3 -11 14 -13 16 17 -14 -19 -1 -17 22 -22 -23
right_child=1 11 5 -5 -6 -7 -8 -9 -10 10 -12 13 15 -15 -16 20 -18 18 -20 -21 21 23 -24 -25
leaf_value=-0.050000554066151004 -0.050042687446895988 -0.050000575299888585 0.050000685609809505 0.022124673592228111 -0.050002977809143749 0.050001162425794901 0.050001033474438017 -0.050000971523204943 0.050000739570121612 0.050000570896970457 0.050000578550269063 -0.050000553421119226 0.050000553955650444 -0.050000554102537703 -0.050000544828467587 0.050000556624369225 0.050000552667584658 0.050000554354590714 0.050000557893884384 -0.050000554287737767 0.050000553808142778 0.05000055345055468 0.050000552647953826 0.050000554385108253
leaf_weight=0.0083928622548228304 0.0015266213795257491 0.0010082223334393339 0.0012190980487503103 0.0019301235979582989 0.0013829221666128424 0.0010075888130813828 0.0010537550479057236 0.0010028776273429676 0.0010543972566665607 0.0010262735086143939 0.0010325050425308282 0.001002805273856211 0.0013623810009448789 0.0026845234788197558 0.0010360652393046621 0.0011692523621604787 0.0011605088329815771 0.0010966017398459371 0.0050837055350712035 0.0078348638135139481 0.0032572503041592427 0.0015289420407498255 0.0023247207500389777 0.0016631862308713607
leaf_count=1263 20 149 31 67 81 17 18 135 24 30 30 151 41 404 160 35 35 33 153 1179 98 46 70 50
internal_value=1.9993e-05 0.0275259 0.0442518 -0.0432244 -0.0500008 0.0500006 0.0500006 -0.0500006 0.0500006 0.0500006 0.0500006 -0.0500006 0.0500006 -0.0500006 -0.0500005 0.0500006 0.0500006 0.0500006 0.0500006 -0.0500006 0.0500006 0.0500006 0.0500006 0.0500006
internal_weight=0.0528421 0.0322984 0.0265668 0.0205436 0.0186135 0.0250402 0.0240326 0.0172306 0.0229788 0.0219244 0.0207053 0.00573162 0.0196728 0.00472339 0.00203887 0.0186465 0.0087032 0.00754269 0.00618031 0.0162277 0.00994335 0.0087741 0.00558197 0.00319213
internal_count=4320 1595 731 2725 2658 711 694 2577 676 652 621 864 591 715 311 561 262 227 186 2442 299 264 168 96
is_linear=0
shrinkage=0.05


Tree=215
num_leaves=26
num_cat=0
split_feature=67 6 40 40 27 24 14 21 14 40 8 23 3 66 20 24 65 1 3 0 1 1 1 24 1
split_gain=0.0238607 0.0159354 0.0054796 0.00354357 4.87613e-13 1.0764e-13 6.20788e-14 1.11369e-14 6.78624e-15 2.26555e-15 1.49186e-16 9.36751e-17 4.85723e-17 1.06252e-16 2.42861e-17 2.25514e-17 1.9082e-17 1.38778e-17 4.33681e-18 3.46945e-18 2.60209e-18 1.73472e-18 2.60209e-18 1.73472e-18 8.67362e-19
threshold=1.5000000000000002 21.000000000000004 5.8285715579986581 1202.0363769531252 88558.738281250015 997.50000000000011 401438.73437500006 13450000.000000002 2.5229492187500004 853.46429443359386 45.607143402099616 78800000.000000015 1.5000000000000002 62.500000000000007 18033.000000000004 338.50000000000006 248.00000000000003 694286.00000000012 4.5000000000000009 52063.000000000007 198812.00000000003 73108264.000000015 9194079.0000000019 72.500000000000014 997075.50000000012
decision_type=2 2 2 2 2 2 2 2 2 2 2 2 2 2 2 2 2 2 2 2 2 2 2 2 2
left_child=3 2 -2 4 9 6 7 8 -4 12 -3 14 19 24 18 17 -12 -16 -10 -1 -20 22 -19 -18 -14
right_child=1 10 5 -5 -6 -7 -8 -9 11 -11 16 -13 13 -15 15 -17 23 21 20 -21 -22 -23 -24 -25 -26
leaf_value=-0.050000525180810933 -0.050040604276335644 -0.050000545783767114 0.05000065221448044 0.022001618895755345 -0.050001665027951739 0.050001075076995284 0.050000934648867804 0.050000705307076003 0.05000052709221145 -0.050000604186817621 -0.050000519434628299 0.050000542841552545 -0.050000527191721815 -0.050000545718027603 0.050000533055819467 0.050000534899695387 -0.050000527504314267 0.050000526528825799 0.050000525996945891 -0.050000525252527607 0.050000523722343905 0.050000526516052558 0.050000528747710597 -0.050000524943029701 -0.050000525381227845
leaf_weight=0.011157043286857515 0.001452226071705808 0.0010285860234944258 0.0011596426738833534 0.0018910887556558001 0.0010054800104626329 0.0010652592172846189 0.0010589132652967228 0.0010029743825725737 0.001707204144622664 0.0010014895351559963 0.0012216470322528039 0.0010086106303788247 0.0012958604374944107 0.0010035025775323447 0.0010530605977692184 0.00109057802183088 0.0021933728380645334 0.005596929433522746 0.0015800399887666572 0.0011820775966953087 0.004424154667503899 0.0016762520426709671 0.0013953385278000496 0.0010084791083500022 0.0010809073710333905
leaf_count=1765 20 160 31 18 81 17 23 24 54 143 197 31 205 155 33 34 347 177 50 187 140 53 44 160 171
internal_value=1.91256e-05 0.0275259 0.0442516 -0.0430597 -0.0500006 0.0500006 0.0500006 0.0500005 0.0500005 -0.0500005 -0.0500005 0.0500005 -0.0500005 -0.0500005 0.0500005 0.0500005 -0.0500005 0.0500005 0.0500005 -0.0500005 0.0500005 0.0500005 0.0500005 -0.0500005 -0.0500005
internal_weight=0.0503407 0.0307233 0.0252712 0.0196174 0.0177264 0.023819 0.0227537 0.0216948 0.0206918 0.0167209 0.00545209 0.0195322 0.0157194 0.00338027 0.0185236 0.0108122 0.0044235 0.00972158 0.0077114 0.0123391 0.00600419 0.00866852 0.00699227 0.00320185 0.00237677
internal_count=4320 1595 731 2725 2707 711 694 671 647 2626 864 616 2483 531 585 341 704 307 244 1952 190 274 221 507 376
is_linear=0
shrinkage=0.05


Tree=216
num_leaves=28
num_cat=0
split_feature=67 6 40 5 40 24 14 16 14 27 67 74 3 20 24 1 12 24 8 0 0 0 15 17 17 17 14
split_gain=0.0226434 0.0151582 0.00521234 0.0034532 2.35899e-12 9.26134e-14 5.33809e-14 8.80199e-15 4.65947e-15 5.68989e-16 1.26635e-16 5.89806e-17 2.42861e-17 8.2833e-17 1.73472e-17 1.38778e-17 1.12757e-17 6.07153e-18 5.20417e-18 1.73472e-18 1.73472e-18 1.73472e-18 1.73472e-18 1.73472e-18 1.30104e-18 8.67362e-19 4.33681e-19
threshold=1.5000000000000002 21.000000000000004 5.8285715579986581 11598.000000000002 995.20831298828136 997.50000000000011 401438.73437500006 7621125.0000000009 2.5229492187500004 54377.947265625007 2.5000000000000004 46750000.000000007 1.5000000000000002 48.500000000000007 430.50000000000006 77349.000000000015 111.13158035278322 41.500000000000007 8.3333334922790545 51733.500000000007 10146.500000000002 5094.0000000000009 43.020730972290046 5111356.7500000009 18850000.000000004 1500537.3750000002 18.052886009216312
decision_type=2 2 2 2 2 2 2 2 2 2 2 2 2 2 2 2 2 2 2 2 2 2 2 2 2 2 2
left_child=3 2 -2 4 9 6 7 8 -4 12 -3 14 19 -14 15 -10 17 -12 23 20 21 -1 -20 25 -25 -17 -15
right_child=1 10 5 -5 -6 -7 -8 -9 11 -11 16 -13 13 26 -16 18 -18 -19 22 -21 -22 -23 -24 24 -26 -27 -28
leaf_value=-0.050000502684957808 -0.050038626057736305 -0.050000517840571482 0.050000610441431809 0.021920789022900317 -0.050003005081699525 0.050001022849134116 0.050000889205494059 0.050000646877192439 0.050000505640455009 -0.05000054253548554 -0.050000493817843619 0.050000513935305683 -0.050000519183648985 -0.050000502519259485 0.050000508569838377 0.050000502023935793 -0.050000501650967671 -0.050000499213329275 0.05000049966164536 -0.050000502142360306 -0.050000502063014998 -0.050000502923451054 0.050000501413289003 0.050000504056073029 0.050000501303858275 0.050000500925004701 -0.050000500946444516
leaf_weight=0.0083881096570621594 0.0013814534204357179 0.0011499296697365926 0.001055442771757952 0.0018520363410061682 0.0010040412166745219 0.0010133069263247299 0.001007270353511557 0.0012167327495262717 0.0013027971872361368 0.0010044019518318228 0.0010353691586715286 0.0010149043191631782 0.0010026740651483132 0.001070266724582325 0.0010957145150314309 0.0015045802520035068 0.0019598108019636129 0.0010410766262793913 0.0054417330920841786 0.0012807650614377062 0.0010041679738606044 0.001064297793618608 0.0010823315824382007 0.0010283002393407514 0.0012939289426867617 0.0046002628223504871 0.0010643223190527351
leaf_count=1395 20 188 30 27 70 17 23 32 43 158 176 33 163 178 36 50 326 174 181 213 167 177 36 34 43 153 177
internal_value=1.82367e-05 0.0275258 0.0442515 -0.0428909 -0.0500007 0.0500006 0.0500005 0.0500005 0.0500005 -0.0500005 -0.0500005 0.0500005 -0.0500005 -0.0500005 0.0500005 0.0500005 -0.0500005 -0.0500005 0.0500005 -0.0500005 -0.0500005 -0.0500005 0.0500005 0.0500005 0.0500005 0.0500005 -0.0500005
internal_weight=0.04796 0.0292249 0.0240388 0.0187351 0.016883 0.0226573 0.021644 0.0206367 0.01942 0.015879 0.00518619 0.0183646 0.0148746 0.00313726 0.0173496 0.0162539 0.00403626 0.00207645 0.0149511 0.0117373 0.0104566 0.00945241 0.00652406 0.00842707 0.00232223 0.00610484 0.00213459
internal_count=4320 1595 731 2725 2698 711 694 671 639 2628 864 609 2470 518 576 540 676 350 497 1952 1739 1572 217 280 77 203 355
is_linear=0
shrinkage=0.05


Tree=217
num_leaves=22
num_cat=0
split_feature=67 6 40 51 12 14 6 24 16 14 67 16 17 65 0 17 0 1 19 20 4
split_gain=0.0214869 0.0144189 0.00495811 0.00339235 2.41924e-12 7.46625e-14 4.82722e-14 4.08597e-14 7.4836e-15 3.97252e-15 1.10155e-16 6.245e-17 5.20417e-17 1.25767e-17 3.46945e-18 3.46945e-18 1.73472e-18 1.73472e-18 1.73472e-18 1.30104e-18 4.33681e-19
threshold=1.5000000000000002 21.000000000000004 5.8285715579986581 1.5000000000000002 1936.5833129882815 450214.09375000006 343.50000000000006 969.00000000000011 7621125.0000000009 2.5229492187500004 2.5000000000000004 8210.5000000000018 21750000.000000004 255.50000000000003 52171.500000000007 4950387.5000000009 8096.0000000000009 7288854.5000000009 45.500000000000007 71450000.000000015 291.50000000000006
decision_type=2 2 2 2 2 2 2 2 2 2 2 2 2 2 2 2 2 2 2 2 2
left_child=3 2 -2 4 6 7 14 8 9 -4 -3 -11 15 -12 16 17 -1 18 -13 -17 -15
right_child=1 10 5 -5 -6 -7 -8 -9 -10 11 13 12 -14 20 -16 19 -18 -19 -20 -21 -22
leaf_value=-0.050000476986713477 -0.050036741131165435 -0.050000492496815166 0.050000580681444057 0.022361915961749204 -0.050002787732740819 0.050000941335853512 -0.050000834384600269 0.050000816428409603 0.050000615134691298 0.050000490492093708 -0.050000469827869057 0.050000476859568689 0.050000488445937713 -0.050000476525832019 -0.050000477030360424 0.050000479074726448 -0.050000476986834221 0.050000476837233722 0.050000476532297833 0.050000476712373954 -0.050000475861184834
leaf_weight=0.011210597037461412 0.001314127397563424 0.0010938474781596588 0.0010039688022516194 0.0018008495953836237 0.0012548836980386105 0.0010444345862197215 0.0010140987087652329 0.0010200823962804853 0.0011573927022254784 0.0010253998516418497 0.0010113607306720951 0.0086091762732394272 0.0010239231160085174 0.0014347382843880041 0.0010467101942595045 0.001035029472404859 0.0015672054846618275 0.0016872402284207064 0.0026303894901502653 0.0013152702376828529 0.0013933088234807656
leaf_count=1960 20 188 30 67 81 22 160 23 32 35 181 301 35 251 183 36 274 59 92 46 244
internal_value=1.73268e-05 0.0275257 0.0442514 -0.0427183 -0.0500007 0.0500005 -0.0500005 0.0500005 0.0500005 0.0500005 -0.0500005 0.0500005 0.0500005 -0.0500005 -0.0500005 0.0500005 -0.0500005 0.0500005 0.0500005 0.0500005 -0.0500005
internal_weight=0.045694 0.0277997 0.0228664 0.0178943 0.0160935 0.0215523 0.0148386 0.0205079 0.0194878 0.0183304 0.00493326 0.0173264 0.016301 0.00383941 0.0138245 0.0152771 0.0127778 0.0129268 0.0112396 0.0023503 0.00282805
internal_count=4320 1595 731 2725 2658 711 2577 689 666 634 864 604 569 676 2417 534 2234 452 393 82 495
is_linear=0
shrinkage=0.05


Tree=218
num_leaves=23
num_cat=0
split_feature=67 6 40 40 27 24 1 16 14 41 67 36 25 26 46 0 1 13 17 21 24 19
split_gain=0.0203893 0.0137157 0.00471629 0.00330208 3.73245e-13 6.31474e-14 3.26128e-14 6.43582e-15 2.81025e-15 1.4537e-15 9.80119e-17 4.51028e-17 3.29597e-17 8.37004e-17 1.38778e-17 3.46945e-18 3.46945e-18 3.46945e-18 1.73472e-18 1.73472e-18 1.30104e-18 8.67362e-19
threshold=1.5000000000000002 21.000000000000004 5.8285715579986581 1202.0363769531252 68246.742187500015 984.00000000000011 31326.500000000004 7621125.0000000009 2.6515595912933354 1579.1987304687502 2.5000000000000004 0.098723132163286223 2.5000000000000004 7607.6667480468759 1.0000000180025095e-35 50911.500000000007 9679844.5000000019 2697.6159667968755 3239055.2500000005 507.00000000000006 54.500000000000007 30.500000000000004
decision_type=2 2 2 2 2 2 2 2 2 2 2 2 2 2 2 2 2 2 2 2 2 2
left_child=3 2 -2 4 9 6 -4 8 -8 12 -3 -10 15 -14 -12 18 17 -13 19 -1 -16 -19
right_child=1 10 5 -5 -6 -7 7 -9 11 -11 14 16 13 -15 20 -17 -18 21 -20 -21 -22 -23
leaf_value=-0.050000455037193262 -0.050034950110070447 -0.050000468732630081 0.050000759173608716 0.022237109237833657 -0.050001453801572254 0.050000873527362294 0.050000531514514203 0.050000584302203256 0.050000464335073484 -0.050000518590414392 -0.05000044648039928 0.05000045315069334 -0.050000472570163837 -0.050000454155767496 -0.050000454160925557 -0.050000454743793291 0.050000453403670535 0.050000453739870936 -0.050000455467106457 -0.050000455489922074 -0.050000451967547647 0.050000453068047623
leaf_weight=0.0055767954072507564 0.0012500802649810785 0.0010405003888536149 0.0010081221644213647 0.0017640457444940685 0.0010131708377230106 0.0010890688135987139 0.0012600819554791079 0.0011009466488758326 0.0010008973458752726 0.0010089947186315848 0.0010435966621571424 0.0086766644144518068 0.0010095815810018402 0.0015723453630016593 0.0015721272470727854 0.0014091609141360104 0.0018767452675092508 0.0031834527399041699 0.0013329900875760367 0.0024048229793152132 0.0010364354666307918 0.0013052198410150595
leaf_count=1025 20 188 27 18 97 22 41 32 36 169 196 319 181 289 289 259 69 117 245 442 191 48
internal_value=1.63902e-05 0.0275257 0.0442513 -0.0425449 -0.0500005 0.0500005 0.0500005 0.0500005 0.0500005 -0.0500005 -0.0500005 0.0500005 -0.0500005 -0.0500005 -0.0500005 -0.0500005 0.0500005 0.0500005 -0.0500005 -0.0500005 -0.0500005 0.0500005
internal_weight=0.0435358 0.0264439 0.0217513 0.0170919 0.0153279 0.0205012 0.0194121 0.018404 0.0173031 0.0143147 0.00469266 0.016043 0.0133057 0.00258193 0.00365216 0.0107238 0.0150421 0.0131653 0.00931461 0.00798162 0.00260856 0.00448867
internal_count=4320 1595 731 2725 2707 711 689 662 630 2610 864 589 2441 470 676 1971 553 484 1712 1467 480 165
is_linear=0
shrinkage=0.05


Tree=219
num_leaves=21
num_cat=0
split_feature=67 6 40 5 8 24 14 16 14 27 8 25 17 1 5 0 0 1 24 36
split_gain=0.0193464 0.0130467 0.00448626 0.00321649 1.77357e-12 5.42205e-14 2.61839e-14 5.63438e-15 2.43555e-15 3.88578e-16 6.59195e-17 4.51028e-17 6.80879e-17 3.46945e-17 4.77049e-18 3.46945e-18 1.73472e-18 1.73472e-18 3.46945e-18 1.73472e-18
threshold=1.5000000000000002 21.000000000000004 5.8285715579986581 11598.000000000002 95.875000000000014 984.00000000000011 353129.76562500006 7621125.0000000009 2.6515595912933354 21668.446289062504 49.500000000000007 2.5000000000000004 272211.98437500006 82298360.000000015 2280.0000000000005 51723.500000000007 9459.0000000000018 8822301.0000000019 260.50000000000006 19.517595291137699
decision_type=2 2 2 2 2 2 2 2 2 2 2 2 2 2 2 2 2 2 2 2
left_child=3 2 -2 4 9 6 7 8 -4 11 -3 15 -13 17 -12 16 -1 18 19 -10
right_child=1 10 5 -5 -6 -7 -8 -9 13 -11 14 12 -14 -15 -16 -17 -18 -19 -20 -21
leaf_value=-0.050000430557671872 -0.050033245643426844 -0.050000443917047735 0.050000506106230663 0.022153655169401449 -0.050002615201498846 0.050000830696022618 0.050000706737369373 0.050000557115206692 0.050000431593295862 -0.0500004642986435 -0.050000427538105879 -0.050000448052914738 -0.050000431075350196 0.050000440868247467 -0.050000430901358521 -0.050000430669501973 -0.050000430818074475 0.050000431334067064 0.050000430313083336 0.050000432335855695
leaf_weight=0.0080426161321156542 0.0011891525909959446 0.0010105420490162933 0.0011986276385869124 0.0017272649984079172 0.0010009495881604389 0.0010359551670262581 0.0010081511609314467 0.0010472534122527568 0.0081265750686725369 0.0010044528498838199 0.001585304630907558 0.0010069230261251514 0.0014335750402096892 0.0010040437791758458 0.0018679513191273145 0.0011075417323809242 0.0010040331540039924 0.0022506791574414828 0.0020928520152665451 0.0017372157890349635
leaf_count=1554 20 193 41 27 84 22 29 32 314 185 310 190 277 38 361 214 194 87 81 67
internal_value=1.54317e-05 0.0275256 0.0442512 -0.0423674 -0.0500006 0.0500005 0.0500005 0.0500004 0.0500004 -0.0500004 -0.0500004 -0.0500004 -0.0500004 0.0500004 -0.0500004 -0.0500004 -0.0500004 0.0500004 0.0500004 0.0500004
internal_weight=0.0414817 0.0251543 0.0206905 0.0163274 0.0146001 0.0195014 0.0184654 0.0174572 0.01641 0.0135991 0.0044638 0.0125947 0.0024405 0.0152114 0.00345326 0.0101542 0.00904665 0.0142073 0.0119566 0.00986379
internal_count=4320 1595 731 2725 2698 711 689 660 628 2614 864 2429 467 587 671 1962 1748 549 462 381
is_linear=0
shrinkage=0.05


Tree=220
num_leaves=20
num_cat=0
split_feature=67 6 40 51 12 37 52 24 16 14 40 36 18 12 0 0 13 0 16
split_gain=0.0183557 0.0124104 0.00426745 0.00315794 1.98427e-12 4.66537e-14 3.60059e-14 1.5609e-14 4.76702e-15 2.14238e-15 5.37764e-17 2.42861e-17 2.77556e-17 6.93889e-18 1.73472e-18 1.73472e-18 1.73472e-18 4.33681e-19 4.33681e-19
threshold=1.5000000000000002 21.000000000000004 5.8285715579986581 1.5000000000000002 1936.5833129882815 155.90369415283206 474.33332824707037 748.00000000000011 7592058.5000000009 2.6515595912933354 42.687500000000007 44.464199066162116 74900000.000000015 394.22222900390631 51655.000000000007 7650.5000000000009 3012.8395996093755 8880.5000000000018 7095528.5000000009
decision_type=2 2 2 2 2 2 2 2 2 2 2 2 2 2 2 2 2 2 2
left_child=3 2 -2 4 6 7 14 8 9 -4 -3 12 16 -12 15 -1 -11 -17 -15
right_child=1 10 5 -5 -6 -7 -8 -9 -10 11 13 -13 -14 18 -16 17 -18 -19 -20
leaf_value=-0.050000410632249685 -0.050031624281397971 -0.050000421658664612 0.050000482598253598 0.022579139426313483 -0.050002612129757845 0.050000768372579753 -0.050000722581508832 0.050000626448380742 0.05000052815819539 0.050000410132845785 -0.050000405604097013 0.050000418732012587 0.050000418430587057 -0.050000410078565406 -0.050000410177593158 -0.050000410640665544 0.050000410258820342 -0.050000410589440249 -0.050000410741285063
leaf_weight=0.0084624979454019922 0.0011311926618873249 0.0010913063883890564 0.0011401704014133438 0.0016795295055089818 0.0011400325608974535 0.0011186804622411719 0.001003540869533027 0.0010062612454930777 0.0010213251680397653 0.0082220516851521097 0.0010380544886174903 0.0010013015362346786 0.0010037617139460062 0.0010976716494042194 0.0011421410595175993 0.0011421266076467882 0.0040367172387050241 0.0010289116025887779 0.0010190651983066346
leaf_count=1719 20 219 41 67 81 29 185 30 33 334 215 40 40 223 232 232 164 209 207
internal_value=1.44496e-05 0.0275256 0.0442511 -0.0421859 -0.0500006 0.0500005 -0.0500004 0.0500004 0.0500004 0.0500004 -0.0500004 0.0500004 0.0500004 -0.0500004 -0.0500004 -0.0500004 0.0500004 -0.0500004 -0.0500004
internal_weight=0.0395263 0.0239276 0.0196815 0.0155988 0.0139193 0.0185503 0.0127792 0.0174316 0.0164253 0.015404 0.0042461 0.0142638 0.0132625 0.00315479 0.0117757 0.0106335 0.0122588 0.00217104 0.00211674
internal_count=4320 1595 731 2725 2658 711 2577 682 652 619 864 578 538 645 2392 2160 498 441 430
is_linear=0
shrinkage=0.05


Tree=221
num_leaves=22
num_cat=0
split_feature=67 6 40 40 27 37 24 16 14 8 8 48 36 75 34 10 4 1 1 1 1
split_gain=0.0174155 0.0118051 0.00405931 0.0030727 2.82323e-13 4.02456e-14 1.27745e-14 3.93609e-15 1.81972e-15 1.09635e-15 3.98986e-17 2.94903e-17 2.08167e-17 1.21431e-17 6.93889e-18 4.33681e-18 2.60209e-18 1.73472e-18 1.73472e-18 1.73472e-18 1.73472e-18
threshold=1.5000000000000002 21.000000000000004 5.8285715579986581 1202.0363769531252 63828.714843750007 155.90369415283206 715.50000000000011 7567964.2500000009 2.6515595912933354 49.500000000000007 51.455883026123054 1.0000000180025095e-35 39.386459350585945 74250000.000000015 28.000000000000004 981.00000000000011 46.500000000000007 67007924.000000007 8114282.5000000009 6174136.0000000009 198812.00000000003
decision_type=2 2 2 2 2 2 2 2 2 2 2 2 2 2 2 2 2 2 2 2 2
left_child=3 2 -2 4 9 6 7 8 -4 11 -3 14 13 17 -1 -12 -16 18 19 20 -10
right_child=1 10 5 -5 -6 -7 -8 -9 12 -11 15 -13 -14 -15 16 -17 -18 -19 -20 -21 -22
leaf_value=-0.050000395953048518 -0.050030082843020768 -0.050000400550953533 0.050000458200525379 0.022452995759366288 -0.05000126573292657 0.050000730930686868 0.050000586622784698 0.050000497326739307 0.050000390901261252 -0.05000044891745397 -0.050000386989742178 -0.050000399946940902 0.050000397202779982 0.050000395540495429 -0.050000393063769126 -0.050000390782123941 -0.050000390615428304 0.050000390205837277 0.050000390602163158 0.050000391196475473 0.05000038935109008
leaf_weight=0.0018101893388120516 0.001076056086276366 0.0010080368535909648 0.0010845641318155694 0.0016448714923171801 0.0010171370115585896 0.0010641225399012902 0.0010037230658781473 0.0010242922653560535 0.0010302453429176239 0.0010002228254961673 0.001401469648726561 0.0017883036730381727 0.0010695416713133463 0.0010190815009991647 0.0063313004739029566 0.0016295081745738571 0.0013112177712173434 0.0010535248729866007 0.0011234734083700468 0.001217552700836678 0.0069554482906823978
leaf_count=385 20 213 41 18 117 29 32 35 44 195 303 378 45 43 1352 348 280 45 48 52 297
internal_value=1.344e-05 0.0275255 0.044251 -0.0420038 -0.0500005 0.0500004 0.0500004 0.0500004 0.0500004 -0.0500004 -0.0500004 -0.0500004 0.0500004 0.0500004 -0.0500004 -0.0500004 -0.0500004 0.0500004 0.0500004 0.0500004 0.0500004
internal_weight=0.0376639 0.0227606 0.0187216 0.0149032 0.0132584 0.0176456 0.0165814 0.0155777 0.0145534 0.0122412 0.00403901 0.011241 0.0134689 0.0123993 0.00945271 0.00303098 0.00764252 0.0113802 0.0103267 0.00920325 0.00798569
internal_count=4320 1595 731 2725 2707 711 682 650 615 2590 864 2395 574 529 2017 651 1632 486 441 393 341
is_linear=0
shrinkage=0.05


Tree=222
num_leaves=18
num_cat=0
split_feature=67 6 40 5 8 37 24 16 14 27 34 25 15 15 65 13 14
split_gain=0.0165223 0.0112294 0.00386132 0.00299182 1.3058e-12 3.45488e-14 1.00614e-14 3.32026e-15 1.52829e-15 3.34802e-16 3.77302e-17 2.94903e-17 1.73472e-17 5.20417e-18 3.90313e-18 1.73472e-18 1.73472e-18
threshold=1.5000000000000002 21.000000000000004 5.8285715579986581 11598.000000000002 86.012985229492202 155.90369415283206 650.00000000000011 7523605.7500000009 2.6515595912933354 8568.8730468750018 98.000000000000014 2.5000000000000004 94.302703857421889 0.16636161506175998 273.00000000000006 3346.0004882812505 6224.6391601562509
decision_type=2 2 2 2 2 2 2 2 2 2 2 2 2 2 2 2 2
left_child=3 2 -2 4 9 6 7 8 -4 11 -3 -1 13 -10 -12 16 -15
right_child=1 10 5 -5 -6 -7 -8 -9 12 -11 14 -13 -14 15 -16 -17 -18
leaf_value=-0.050000372529114046 -0.050028614099604254 -0.050000379858632232 0.05000043549820548 0.022367356539315323 -0.050002256891398672 0.0500006952670497 0.05000054567451561 0.050000470370013275 0.050000375001704733 -0.050000403304286269 -0.050000367229816226 -0.050000379369319871 0.050000378034776242 0.050000371247515552 -0.050000370956405631 0.050000371388334179 0.05000037153502334
leaf_weight=0.0087308938886963006 0.0010236054822598808 0.001206157332944712 0.0010316697680536899 0.0016102695772133311 0.0010027590849404086 0.0010122253752342649 0.0010215416641585753 0.001021506446704735 0.0010336662126064775 0.0010494707375983134 0.0012437666252935742 0.0018470659229024031 0.0010171929516218379 0.005413152570326929 0.0013921070881224296 0.0021158536765142353 0.0031181832891888916
leaf_count=1960 20 268 41 27 104 29 35 37 46 224 283 410 45 243 313 95 140
internal_value=1.24075e-05 0.0275255 0.0442509 -0.0418174 -0.0500005 0.0500004 0.0500004 0.0500004 0.0500004 -0.0500004 -0.0500004 -0.0500004 0.0500004 0.0500004 -0.0500004 0.0500004 0.0500004
internal_weight=0.0358911 0.0216506 0.0178086 0.0142405 0.0126302 0.016785 0.0157728 0.0147512 0.0137297 0.0116274 0.00384203 0.010578 0.012698 0.0116809 0.00263587 0.0106472 0.00853134
internal_count=4320 1595 731 2725 2698 711 682 647 610 2594 864 2370 569 524 596 478 383
is_linear=0
shrinkage=0.05


Tree=223
num_leaves=22
num_cat=0
split_feature=68 66 65 8 17 24 12 35 40 20 14 47 25 1 1 13 1 0 13 23 1
split_gain=0.0157518 0.0111844 0.00552045 0.000255422 4.45528e-05 6.60843e-08 1.58529e-12 4.96443e-14 3.86566e-14 2.37137e-15 1.62023e-15 2.08167e-17 2.60209e-18 1.73472e-18 1.73472e-18 1.73472e-18 1.30104e-18 8.67362e-19 8.67362e-19 8.67362e-19 4.33681e-19
threshold=22.000000000000004 232.00000000000003 255.50000000000003 8.7333335876464862 9450.9418945312518 683.50000000000011 1936.5833129882815 36.000000000000007 748.12500000000011 90050000.000000015 2.6515595912933354 1.0000000180025095e-35 47.500000000000007 78448376.000000015 6174136.0000000009 2433.522094726563 198812.00000000003 4950.0000000000009 1956.2669067382815 2900950.0000000005 9194079.0000000019
decision_type=2 2 2 2 2 2 2 2 2 2 2 2 2 2 2 2 2 2 2 2 2
left_child=1 2 -1 4 -4 9 8 -3 11 10 -6 12 17 14 15 18 -9 -2 19 -12 -16
right_child=6 7 3 -5 5 -7 -8 16 -10 -11 13 -13 -14 -15 20 -17 -18 -19 -20 -21 -22
leaf_value=-0.050016523428278982 -0.050000354124494106 -0.05000070282493755 0.039425003550761513 0.027497826704073376 0.050000418934230198 0.049582088923771278 -0.050002444093726332 -0.050000355075210313 -0.050000681272279801 0.050000437274862433 0.050000354589213883 -0.050000361443922982 -0.050000352257834918 0.05000035495273332 0.05000035288999486 0.050000352668053999 -0.050000353035534122 -0.050000354157123506 0.05000035232478283 0.050000353025784872 0.050000352779319246
leaf_weight=0.0015840466890040253 0.0049533982346474659 0.0016723729695513603 0.0010728120064413807 0.0014704198429171802 0.0010149295339942918 0.0010126175984623851 0.001037896816342255 0.0011173527882419876 0.0010108076498909222 0.0010264381144224908 0.0014437960817303974 0.0010428098739794223 0.0015755401282149251 0.00117020138532098 0.001652291115533445 0.0041313933761557564 0.0014937847133751347 0.0011610171795837232 0.0011652483117359225 0.001356413415123825 0.0010379364575783256
leaf_count=218 1169 328 56 84 42 36 81 263 196 40 68 243 373 55 78 195 353 274 55 64 49
internal_value=1.13498e-05 0.0230325 0.0393784 0.0474451 0.0492687 0.0499721 -0.0500006 -0.0500005 -0.0500004 0.0500004 0.0500004 -0.0500004 -0.0500004 0.0500004 0.0500004 0.0500004 -0.0500004 -0.0500004 0.0500004 0.0500004 0.0500004
internal_weight=0.0342035 0.0234221 0.0191385 0.0175545 0.0160841 0.0150113 0.0107815 0.00428351 0.00974357 0.0139986 0.0129722 0.00873277 0.00768996 0.0119573 0.0107871 0.00809685 0.00261114 0.00611442 0.00396546 0.00280021 0.00269023
internal_count=4320 1984 1040 822 738 682 2336 944 2255 646 606 2059 1816 564 509 382 616 1443 187 132 127
is_linear=0
shrinkage=0.05


Tree=224
num_leaves=20
num_cat=0
split_feature=68 66 65 8 17 24 13 40 35 15 14 1 65 24 5 14 16 20 20
split_gain=0.0149676 0.0106095 0.00523115 0.000272252 4.96433e-05 7.33546e-08 1.17379e-12 6.05713e-14 4.22457e-14 1.9533e-15 3.80121e-15 3.98986e-17 2.77556e-17 3.03577e-18 2.60209e-18 1.73472e-18 1.73472e-18 1.73472e-18 1.73472e-18
threshold=22.000000000000004 232.00000000000003 255.50000000000003 8.7333335876464862 9450.9418945312518 620.00000000000011 2541.9970703125005 746.53125000000011 36.000000000000007 0.39628720283508306 118.90660476684572 82298360.000000015 273.00000000000006 5.5000000000000009 11.500000000000002 101480.36718750001 2514704.0000000005 893.50000000000011 4848504.5000000009
decision_type=2 2 2 2 2 2 2 2 2 2 2 2 2 2 2 2 2 2 2
left_child=1 2 -1 4 -4 9 7 12 -3 10 -6 -12 -2 -10 -14 16 17 -11 -19
right_child=6 8 3 -5 5 -7 -8 -9 13 15 11 -13 14 -15 -16 -17 -18 18 -20
leaf_value=-0.050015718998083672 -0.050000342061992532 -0.050000666179453271 0.038655781717909822 0.026524224760640997 0.050000460018266558 0.049557173632884033 -0.05000217791160895 -0.050000745144816207 -0.050000338194495175 0.050000334506329958 0.050000335703912852 0.05000034961929211 -0.050000332979668688 -0.050000334774747635 -0.050000335176071414 0.050000335848899506 0.050000335501492389 0.05000033720346974 0.050000335602652268
leaf_weight=0.0015068154650634815 0.0010325678535991756 0.0015908114678495613 0.0010402884222457951 0.0014487403332168461 0.0010288743451383206 0.0010043698234767371 0.0010056316655209238 0.0010076493231281356 0.0010057514377876942 0.0016525571572856279 0.0010679731385607738 0.0010033544040197739 0.0058357683863050624 0.0014780402225369471 0.001374040001337562 0.0011891034155269162 0.0010425933123769946 0.0043564670122577809 0.0019346933440829162
leaf_count=218 254 328 56 84 38 38 97 196 249 82 53 48 1448 367 341 59 52 216 96
internal_value=9.62845e-06 0.0229572 0.0392231 0.0472418 0.049201 0.0499692 -0.0500006 -0.0500004 -0.0500005 0.0500003 0.0500004 0.0500003 -0.0500003 -0.0500003 -0.0500003 0.0500003 0.0500003 0.0500003 0.0500003
internal_weight=0.0326061 0.0223504 0.0182758 0.016769 0.0153203 0.01428 0.0102557 0.00925003 0.0040746 0.0132756 0.0031002 0.00207133 0.00824238 0.00248379 0.00720981 0.0101754 0.00898631 0.00794372 0.00629116
internal_count=4320 1984 1040 822 738 682 2336 2239 944 644 139 101 2043 616 1789 505 446 394 312
is_linear=0
shrinkage=0.05


Tree=225
num_leaves=19
num_cat=0
split_feature=68 66 65 8 17 24 13 0 52 15 14 65 1 1 2 0 15 16
split_gain=0.0142215 0.0100623 0.00495578 0.000289204 5.51571e-05 7.98839e-08 9.44318e-13 3.63524e-14 2.36096e-14 1.73993e-15 3.10906e-15 6.93889e-18 5.20417e-18 3.46945e-18 1.73472e-18 8.67362e-19 8.67362e-19 8.67362e-19
threshold=22.000000000000004 232.00000000000003 255.50000000000003 8.7333335876464862 9450.9418945312518 557.50000000000011 2190.2458496093755 124.00000000000001 394.19999694824224 0.39628720283508306 119.20571136474611 358.50000000000006 93.500000000000014 8609285.5000000019 4.5000000000000009 7013.0000000000009 78.486557006835952 83459.714843750015
decision_type=2 2 2 2 2 2 2 2 2 2 2 2 2 2 2 2 2 2
left_child=1 2 -1 4 -4 9 8 -3 11 10 -6 -2 -9 14 16 -13 17 -11
right_child=6 7 3 -5 5 -7 -8 12 -10 13 -12 15 -14 -15 -16 -17 -18 -19
leaf_value=-0.050014951711536117 -0.050000324336890362 -0.05000063063669638 0.037854648768457066 0.025557791837813072 0.050000431040452424 0.049538934552870104 -0.050001876792448864 -0.05000031489613585 -0.050000578418587384 0.050000318638877661 0.050000324149177502 -0.050000320117391223 -0.050000319530740793 0.050000318144955293 0.050000320383294973 -0.05000032024447934 0.050000319868477562 0.050000318200826621
leaf_weight=0.0014333485987663144 0.0010099204764628666 0.0015306267775940787 0.0010099697410623784 0.0014288663319348407 0.0010649161195033239 0.0010137659996871671 0.0011492423543586492 0.0010850383132492425 0.0010063830552553554 0.0015336215619754512 0.0018840882057702402 0.0050180013217868691 0.0012602190581674222 0.0012026730728393895 0.0016902039023989346 0.0015719405014351651 0.0010352597837481881 0.0041598840361984912
leaf_count=218 262 333 56 84 42 41 130 283 225 80 97 1309 328 63 88 410 54 217
internal_value=7.84025e-06 0.022877 0.039058 0.0470259 0.0491278 0.0499659 -0.0500005 -0.0500004 -0.0500004 0.0500003 0.0500004 -0.0500003 -0.0500003 0.0500003 0.0500003 -0.0500003 0.0500003 0.0500003
internal_weight=0.031088 0.0213325 0.0174566 0.0160232 0.0145944 0.0135844 0.00975549 0.00387588 0.00860625 0.0125706 0.002949 0.00759986 0.00234526 0.00962164 0.00841897 0.00658994 0.00672877 0.00569351
internal_count=4320 1984 1040 822 738 682 2336 944 2206 641 139 1981 611 502 439 1719 351 297
is_linear=0
shrinkage=0.05


Tree=226
num_leaves=15
num_cat=0
split_feature=68 66 65 8 17 24 13 35 41 15 14 65 16 0
split_gain=0.0135116 0.00954159 0.0046937 0.000306182 5.58917e-05 8.65682e-08 8.13497e-13 3.13608e-14 1.9422e-14 1.4589e-15 2.67928e-15 1.04083e-17 3.46945e-18 8.67362e-19
threshold=22.000000000000004 232.00000000000003 255.50000000000003 8.7333335876464862 10715.093750000002 471.00000000000006 2190.2458496093755 36.000000000000007 517.04080200195324 0.39628720283508306 119.20571136474611 948.00000000000011 2383290.8750000005 443.50000000000006
decision_type=2 2 2 2 2 2 2 2 2 2 2 2 2 2
left_child=1 2 -1 4 -4 9 8 -3 11 10 -6 -2 -11 -9
right_child=6 7 3 -5 5 -7 -8 13 -10 12 -12 -13 -14 -15
leaf_value=-0.050014222999686012 -0.050000307704625838 -0.050000603016643878 0.038045752807884359 0.024601448617338394 0.050000410223392515 0.049521728253342091 -0.050001784377582008 -0.050000303340934985 -0.050000537690170738 0.050000304149356883 0.050000308493229742 -0.050000302594722504 0.050000302462725091 -0.050000304992258306
leaf_weight=0.0013634627453029671 0.0010554943953593465 0.0014394278580311939 0.0010657049951987583 0.0014106674566392039 0.0010129799684364124 0.001027044144393586 0.0010931950935173526 0.0012163935293756367 0.0010083573724841699 0.0078444269147439627 0.0017922006900334964 0.0061226650516346126 0.0011621916455624168 0.0010310351642601745
leaf_count=218 288 328 60 84 42 45 130 334 239 430 97 1679 64 282
internal_value=5.98763e-06 0.0227918 0.0388827 0.0467969 0.0490487 0.049962 -0.0500005 -0.0500004 -0.0500003 0.0500003 0.0500003 -0.0500003 0.0500003 -0.0500003
internal_weight=0.0296452 0.0203655 0.0166787 0.0153152 0.0139045 0.0128388 0.00927971 0.00368686 0.00818652 0.0118118 0.00280518 0.00717816 0.00900662 0.00224743
internal_count=4320 1984 1040 822 738 678 2336 944 2206 633 139 1967 494 616
is_linear=0
shrinkage=0.05


Tree=227
num_leaves=18
num_cat=0
split_feature=68 66 65 8 17 29 13 35 52 24 15 14 65 1 0 0 22
split_gain=0.0128361 0.00904592 0.00444421 0.000323058 6.19474e-05 9.49443e-08 7.00684e-13 2.70899e-14 1.57574e-14 3.30118e-15 1.18829e-15 1.60288e-15 6.93889e-18 1.73472e-18 8.67362e-19 8.67362e-19 8.67362e-19
threshold=22.000000000000004 232.00000000000003 255.50000000000003 8.7333335876464862 10715.093750000002 188.50000000000003 2190.2458496093755 36.000000000000007 375.03178405761724 353.50000000000006 0.39628720283508306 126.88491058349611 974.00000000000011 8114282.5000000009 8062.5000000000009 1037.0000000000002 111774.06250000001
decision_type=2 2 2 2 2 2 2 2 2 2 2 2 2 2 2 2 2
left_child=1 2 -1 4 -4 9 8 -3 12 10 11 -6 -2 -12 15 -14 -9
right_child=6 7 3 -5 5 -7 -8 16 -10 -11 13 -13 14 -15 -16 -17 -18
leaf_value=-0.050013530164572745 -0.050000292760601618 -0.050000574044098939 0.037221370135774652 0.023657884695999873 0.05000037328030859 0.049498547285740269 -0.050001698336613637 -0.050000290145310655 -0.050000500977279788 0.050000390051111343 0.050000288719752421 0.05000028984139529 -0.05000028838978246 0.050000287094172396 -0.05000028860234499 -0.050000288378933611 -0.050000288351350224
leaf_weight=0.0012969834074283417 0.0010074753233766387 0.0013692269312741692 0.001035618232890557 0.0013940200283286694 0.0010920358399744146 0.0010295888610016854 0.0010398810909464373 0.0010015494485742238 0.0010077512081352324 0.0010714307773014306 0.0065770835626608459 0.0012165655134594999 0.0030903493507139501 0.0012269397357158596 0.001283594943515709 0.0013980873923173931 0.0011362714828919707
leaf_count=218 289 328 60 84 50 57 130 288 253 51 379 70 891 71 370 403 328
internal_value=4.04379e-06 0.0227011 0.0386963 0.0465535 0.0489625 0.049958 -0.0500005 -0.0500004 -0.0500003 0.0500003 0.0500003 0.0500003 -0.0500003 0.0500003 -0.0500003 -0.0500003 -0.0500003
internal_weight=0.0282745 0.0194473 0.0159403 0.0146433 0.0132493 0.0122136 0.00882714 0.00350705 0.00778726 0.0111841 0.0101126 0.0023086 0.00677951 0.00780402 0.00577203 0.00448844 0.00213782
internal_count=4320 1984 1040 822 738 678 2336 944 2206 621 570 120 1953 450 1664 1294 616
is_linear=0
shrinkage=0.05


Tree=228
num_leaves=18
num_cat=0
split_feature=68 66 65 8 17 22 40 35 12 24 15 14 34 1 15 3 12
split_gain=0.0121934 0.00857424 0.00420681 0.000339752 6.84504e-05 1.05717e-07 5.25458e-13 2.30931e-14 2.02468e-14 2.70096e-15 1.03043e-15 1.81452e-15 3.46945e-18 1.73472e-18 1.30104e-18 8.67362e-19 8.67362e-19
threshold=22.000000000000004 232.00000000000003 255.50000000000003 8.7333335876464862 10715.093750000002 396.33334350585943 858.03573608398449 36.000000000000007 312.82351684570318 362.50000000000006 0.39628720283508306 122.70674896240236 36.000000000000007 8114282.5000000009 2.5468341112136845 1.5000000000000002 2319.599975585938
decision_type=2 2 2 2 2 2 2 2 2 2 2 2 2 2 2 2 2
left_child=1 2 -1 4 -4 -6 8 -3 12 10 11 -7 -2 16 -9 -14 -12
right_child=6 7 3 -5 5 9 -8 14 -10 -11 13 -13 15 -15 -16 -17 -18
leaf_value=-0.050012870456462334 -0.050000277795572701 -0.050000544722803165 0.036368380067754738 0.022729551368479775 0.049466697309325812 0.050000364531846843 -0.050001514605315538 -0.050000274012266248 -0.050000517654478931 0.050000370585505771 0.050000275659981865 0.050000278095174579 -0.050000275498882009 0.050000273937244072 -0.050000276138047355 -0.05000027405883483 0.050000274897930699
leaf_weight=0.0012337446326000654 0.0015553816831470613 0.0013024496595335213 0.0010076344410663305 0.0013788068113171912 0.0010173132955060291 0.0010052218167402316 0.0010295130109625461 0.0010313505124486255 0.0010013534272275137 0.0010189879103563735 0.0039298380634136265 0.0015331839786085766 0.0036036189712831401 0.0011836098165076692 0.0010022082133218646 0.0012067712752923399 0.0019308295868540881
leaf_count=218 469 328 60 84 61 47 149 313 258 51 238 92 1092 72 303 368 117
internal_value=2.03689e-06 0.0226049 0.038499 0.046296 0.0488694 0.0499536 -0.0500005 -0.0500004 -0.0500003 0.0500003 0.0500003 0.0500003 -0.0500003 0.0500003 -0.0500003 -0.0500003 0.0500003
internal_weight=0.0269718 0.0185752 0.0152392 0.0140054 0.0126266 0.011619 0.00839664 0.00333601 0.00736713 0.0106017 0.00958268 0.00253841 0.00636577 0.00704428 0.00203356 0.00481039 0.00586067
internal_count=4320 1984 1040 822 738 678 2336 944 2187 617 566 139 1929 427 616 1460 355
is_linear=0
shrinkage=0.05


Tree=229
num_leaves=18
num_cat=0
split_feature=68 66 65 8 17 24 52 35 12 15 14 66 68 1 17 20 20
split_gain=0.011582 0.00812544 0.00398094 0.000356163 6.89221e-05 1.1541e-07 4.44722e-13 2.0059e-14 1.28673e-14 9.17669e-16 1.38691e-15 8.67362e-18 4.33681e-18 2.1684e-18 1.73472e-18 8.67362e-19 8.67362e-19
threshold=22.000000000000004 232.00000000000003 255.50000000000003 8.7333335876464862 11677.410644531252 362.50000000000006 920.57690429687511 36.000000000000007 167.50000000000003 0.39628720283508306 126.88491058349611 265.50000000000006 36.000000000000007 5444531.0000000009 2981712.8750000005 178.50000000000003 810.00000000000011
decision_type=2 2 2 2 2 2 2 2 2 2 2 2 2 2 2 2 2
left_child=1 2 -1 4 -4 9 8 -3 11 10 -6 12 15 -13 16 -2 -11
right_child=6 7 3 -5 5 -7 -8 -9 -10 14 -12 13 -14 -15 -16 -17 -18
leaf_value=-0.050012243017844973 -0.050000261216046032 -0.050000519777680622 0.036626002586279294 0.021818635910929633 0.050000338652586941 0.049442347394419356 -0.050001403122785962 -0.050000262092265671 -0.050000456777779451 0.050000262785172084 0.050000262510199872 -0.050000267141478205 -0.050000264275860129 -0.050000264257946452 0.050000260853834626 -0.050000259839442153 0.050000261426327519
leaf_weight=0.0011735885418602274 0.0016228972363023786 0.0012389290607188732 0.0010650842809809555 0.0013649174607053291 0.0010925131209660321 0.0010221419311164945 0.0010325555874715064 0.0019343813962677814 0.0010028472177054937 0.0013345543975447072 0.001322093878115993 0.0010714521131376387 0.0011708704107604717 0.0010389608592049626 0.0019734191446332261 0.001047549436520967 0.0042252105049556121
leaf_count=218 517 328 64 84 55 55 161 616 279 85 84 339 373 331 126 336 269
internal_value=-3.23628e-08 0.0225031 0.0382904 0.0460241 0.0487693 0.0499483 -0.0500004 -0.0500004 -0.0500003 0.0500003 0.0500003 -0.0500003 -0.0500003 -0.0500003 0.0500003 -0.0500003 0.0500003
internal_weight=0.025734 0.0177468 0.0145735 0.0133999 0.012035 0.0109699 0.00798713 0.00317331 0.00695458 0.00994779 0.00241461 0.00595173 0.00384132 0.00211041 0.00753318 0.00267045 0.00555976
internal_count=4320 1984 1040 822 738 674 2336 944 2175 619 139 1896 1226 670 480 853 354
is_linear=0
shrinkage=0.05


Tree=230
num_leaves=15
num_cat=0
split_feature=68 66 65 8 17 26 40 35 24 15 35 1 19 23
split_gain=0.0110002 0.00769831 0.00376597 0.000372156 7.59719e-05 1.2738e-07 3.77961e-13 1.73611e-14 1.80758e-15 7.47666e-16 7.19043e-16 8.67362e-19 8.67362e-19 8.67362e-19
threshold=22.000000000000004 232.00000000000003 255.50000000000003 8.7333335876464862 11677.410644531252 335573.51562500006 796.66665649414074 36.000000000000007 344.50000000000006 0.39628720283508306 62.000000000000007 6897345.5000000009 150.50000000000003 23719.000000000004
decision_type=2 2 2 2 2 2 2 2 2 2 2 2 2 2
left_child=1 2 -1 4 -4 8 10 -3 9 -6 12 13 -2 -11
right_child=6 7 3 -5 5 -7 -8 -9 -10 11 -12 -13 -14 -15
leaf_value=-0.050011645435327372 -0.050000247669069776 -0.050000495106602663 0.035754326604441673 0.020927058165806874 0.050000283738024891 0.049411447106272065 -0.050001205494253742 -0.050000249308422111 0.050000326949113966 0.050000248028100353 -0.050000292609878094 0.050000248675945269 -0.050000248564124321 0.050000248898285041
leaf_weight=0.0011163649613763491 0.0041087062938913723 0.0011785063516072105 0.0010372177139288405 0.0013522480871870366 0.0019567380541047896 0.0010177546459999584 0.0012539514798390883 0.0018400409621790459 0.0010274437327097994 0.0028821846581195132 0.0010823583420460636 0.0015935067267491831 0.0011525829877427896 0.001958404957804305
leaf_count=218 1376 328 64 84 118 67 223 616 58 193 351 107 386 131
internal_value=-2.19981e-06 0.022395 0.0380693 0.0457361 0.0486602 0.0499428 -0.0500004 -0.0500003 0.0500003 0.0500003 -0.0500003 0.0500002 -0.0500002 0.0500002
internal_weight=0.024558 0.0169604 0.0139419 0.0128255 0.0114733 0.010436 0.0075976 0.00301855 0.00941828 0.00839083 0.00634365 0.0064341 0.00526129 0.00484059
internal_count=4320 1984 1040 822 738 674 2336 944 607 549 2113 431 1762 324
is_linear=0
shrinkage=0.05


Tree=231
num_leaves=16
num_cat=0
split_feature=68 66 65 8 17 22 40 35 24 15 14 35 0 1 1
split_gain=0.0104468 0.00729196 0.0035615 0.000387666 8.34755e-05 1.41708e-07 3.24706e-13 1.48024e-14 9.47159e-16 6.47052e-16 9.54532e-16 6.02816e-16 8.67362e-19 8.67362e-19 8.67362e-19
threshold=22.000000000000004 232.00000000000003 255.50000000000003 8.7333335876464862 11677.410644531252 407.64706420898443 796.66665649414074 36.000000000000007 338.50000000000006 0.39628720283508306 128.78234863281253 62.000000000000007 8062.5000000000009 7919610.5000000009 2660392.5000000005
decision_type=2 2 2 2 2 2 2 2 2 2 2 2 2 2 2
left_child=1 2 -1 4 -4 -6 11 -3 9 10 -7 12 -2 14 -11
right_child=6 7 3 -5 5 8 -8 -9 -10 13 -12 -13 -14 -15 -16
leaf_value=-0.050011078940757805 -0.050000236239690167 -0.050000469815034435 0.034858203330202314 0.020056472455639032 0.049374163426515676 0.050000303729160346 -0.050001146292789914 -0.050000237109861304 0.050000296292923158 0.050000237035107288 0.050000237524099211 -0.050000278322914621 -0.050000236522666774 0.050000235959445298 0.050000236792547892
leaf_weight=0.0010619309365438321 0.0038344812946888842 0.0011210304578526111 0.0010113568141605364 0.0013407012484094602 0.0010056450778392909 0.0010311306632502237 0.0011927969069347455 0.0017503015219517692 0.0010436568827572055 0.0031697141057520639 0.0011538878761712112 0.0010295713855157373 0.0011702131084803113 0.0011889059596796869 0.0013352860378290643
leaf_count=218 1350 328 64 84 70 58 223 616 64 223 81 351 412 84 94
internal_value=-4.42819e-06 0.0222809 0.0378363 0.0454328 0.0485428 0.0499368 -0.0500004 -0.0500003 0.0500003 0.0500002 0.0500003 -0.0500002 -0.0500002 0.0500002 0.0500002
internal_weight=0.0234406 0.0162135 0.0133422 0.0122803 0.0109396 0.00992823 0.00722706 0.00287133 0.00892258 0.00787892 0.00218502 0.00603427 0.00500469 0.00569391 0.004505
internal_count=4320 1984 1040 822 738 674 2336 944 604 540 139 2113 1762 401 317
is_linear=0
shrinkage=0.05


Tree=232
num_leaves=16
num_cat=0
split_feature=68 66 65 8 17 29 40 35 24 15 27 0 4 1 0
split_gain=0.00992028 0.00690543 0.00336705 0.000402602 8.85754e-05 1.55492e-07 2.78251e-13 1.30599e-14 5.6205e-16 5.10876e-16 4.03323e-16 2.60209e-18 1.73472e-18 8.67362e-19 4.33681e-19
threshold=22.000000000000004 232.00000000000003 255.50000000000003 8.7333335876464862 12398.273925781252 185.50000000000003 796.66665649414074 36.000000000000007 312.50000000000006 0.39628720283508306 1418.456237792969 5863.5000000000009 25.000000000000004 5189121.0000000009 717.00000000000011
decision_type=2 2 2 2 2 2 2 2 2 2 2 2 2 2 2
left_child=1 2 -1 4 -4 8 10 -3 9 -6 11 13 -11 14 -2
right_child=6 7 3 -5 5 -7 -8 -9 -10 12 -12 -13 -14 -15 -16
leaf_value=-0.05001053846489744 -0.050000226071196974 -0.050000449317495879 0.034389243356589043 0.019208271877954607 0.050000256463557852 0.049342319304204595 -0.050001090341750043 -0.050000225203793797 0.050000271086747018 0.050000224015280662 -0.050000262132115225 -0.050000229271826929 0.050000225419324078 -0.050000227140215459 -0.050000227220348109
leaf_weight=0.0010101505851025658 0.0013322312818218043 0.0010663576022125207 0.0010157744036405356 0.0013301857725309682 0.0016915811602302711 0.001005398601591879 0.001134624762698877 0.0016649386902827246 0.0010742692393250763 0.0012121029976697173 0.0010107388981168697 0.0010005470546730066 0.0044335072298054001 0.0013886756275951484 0.0010077793667733204
leaf_count=218 494 328 66 84 113 70 223 616 71 90 364 368 328 514 373
internal_value=-6.71441e-06 0.0221605 0.0375909 0.0451138 0.0484169 0.04993 -0.0500004 -0.0500003 0.0500002 0.0500002 -0.0500002 -0.0500002 0.0500002 -0.0500002 -0.0500002
internal_weight=0.0223789 0.0155043 0.012773 0.0117628 0.0104326 0.00941686 0.0068746 0.0027313 0.00841146 0.00733719 0.00573997 0.00472923 0.00564561 0.00372869 0.00234001
internal_count=4320 1984 1040 822 738 672 2336 944 602 531 2113 1749 418 1381 867
is_linear=0
shrinkage=0.05


Tree=233
num_leaves=15
num_cat=0
split_feature=5 3 25 14 14 41 22 8 67 25 20 68 14 65
split_gain=0.00947755 0.00738391 0.000665925 0.000597391 0.000271321 1.11996e-06 3.18543e-13 1.05176e-13 1.54755e-14 7.46018e-15 2.29851e-16 1.95156e-16 8.67362e-18 8.67362e-18
threshold=11598.000000000002 1.0000000180025095e-35 1618937.5000000002 2.5229492187500004 9.3736310005188006 1717.0215454101565 351.43208312988287 84.825000762939467 1.5000000000000002 42830.000000000007 9187.0000000000018 22.000000000000004 3.5946894884109502 382.50000000000006
decision_type=2 2 2 2 2 2 2 2 2 2 2 2 2 2
left_child=1 3 5 -1 12 -2 -7 8 11 -8 -11 -3 -5 -13
right_child=2 7 -4 4 -6 6 9 -9 -10 10 -12 13 -14 -15
leaf_value=-0.0038294037132225846 0.048206075710411606 -0.050000235595530976 0.0063523510560780649 0.050000220955284849 0.018907607631652435 0.050001211648589054 0.050000380593437956 -0.050000797068558402 -0.050000378264715928 0.050000214671801969 0.050000239810854455 -0.050000217269683137 0.050000214708765561 -0.050000212694393281
leaf_weight=0.0010209652236881092 0.0010253002024001026 0.0012723417705728934 0.0010183149324802798 0.0010097020331159001 0.0010315767201518611 0.0010858177220143261 0.0010090402238347451 0.001006198805043824 0.0019740916209229908 0.001864136859694554 0.0017675178078206955 0.0010976782159559662 0.001183946628771082 0.0040035175356933905
leaf_count=115 67 473 119 77 126 33 54 262 648 145 128 424 92 1557
internal_value=-9.07426e-06 -0.0251776 0.0440434 0.0295036 0.0400554 0.049728 0.0500004 -0.0500003 -0.0500003 0.0500003 0.0500002 -0.0500002 0.0500002 -0.0500002
internal_weight=0.0213701 0.0136 0.00777013 0.00424619 0.00322523 0.00675181 0.00572651 0.00935383 0.00834763 0.00464069 0.00363165 0.00637354 0.00219365 0.0051012
internal_count=4320 3774 546 410 295 427 360 3364 3102 327 273 2454 169 1981
is_linear=0
shrinkage=0.05


Tree=234
num_leaves=17
num_cat=0
split_feature=68 66 4 4 17 4 40 8 24 19 36 14 14 14 1 14
split_gain=0.00900541 0.00620298 0.00131245 0.000897119 6.70098e-05 6.79597e-07 2.23309e-13 9.13896e-15 8.12718e-16 4.03323e-16 2.72352e-16 3.46945e-18 1.04083e-17 8.67362e-19 4.33681e-19 4.33681e-19
threshold=22.000000000000004 232.00000000000003 56.500000000000007 22.000000000000004 13556.415039062502 36.500000000000007 796.66665649414074 22.250000000000004 325.50000000000006 19.500000000000004 0.54296329617500316 8545.0502929687518 9.3736310005188006 17.482747077941898 578590.50000000012 96579.867187500015
decision_type=2 2 2 2 2 2 2 2 2 2 2 2 2 2 2 2
left_child=1 2 3 -1 -5 8 9 -3 10 -2 -6 12 -12 -11 -13 -15
right_child=6 7 -4 4 5 -7 -8 -9 -10 13 11 14 -14 15 -16 -17
leaf_value=0.0067440368682768724 -0.05000023967024958 -0.050000399473882941 -0.015972674362014529 0.036166421903536965 0.050000233630229964 0.048788509372827173 -0.050001013191230306 -0.050000203634525377 0.050000258432993119 -0.050000205411894608 0.050000203284817218 0.05000020372779479 0.050000210088227783 -0.050000203864470322 0.050000203510057108 -0.050000204649391977
leaf_weight=0.001514173927489538 0.0010348349686637439 0.0010012778511736551 0.0010583250848412726 0.0010144127488729291 0.0010010541554947849 0.0013960813676021644 0.001042983607021597 0.0014708111182244465 0.0010195314534939826 0.0019371024388874503 0.0012592048797159805 0.0012354848731774837 0.0010601983976812335 0.0010891633662595268 0.0011863065737998113 0.0011519816555392026
leaf_count=80 408 342 231 88 74 110 223 602 72 789 103 101 84 445 97 471
internal_value=-1.03724e-05 0.0219875 0.0371398 0.0423997 0.0482858 0.0497929 -0.0500003 -0.0500003 0.0500002 -0.0500002 0.0500002 0.0500002 0.0500002 -0.0500002 0.0500002 -0.0500002
internal_weight=0.0204729 0.0142169 0.0117448 0.0106864 0.00917227 0.00815786 0.00625607 0.00247209 0.00676178 0.00521308 0.00574225 0.00474119 0.0023194 0.00417825 0.00242179 0.00224115
internal_count=4320 1984 1040 809 729 641 2336 944 531 2113 459 385 187 1705 198 916
is_linear=0
shrinkage=0.05


Tree=235
num_leaves=14
num_cat=0
split_feature=5 3 25 67 14 41 22 8 67 27 20 68 34
split_gain=0.00863571 0.0066046 0.000594302 0.000427902 0.000224033 1.17417e-06 2.729e-13 6.93542e-14 1.20745e-14 4.97605e-15 2.1207e-16 1.98626e-16 1.73472e-18
threshold=11598.000000000002 1.0000000180025095e-35 1542299.0000000002 3.5000000000000004 2.6515595912933354 1748.2614746093752 351.43208312988287 74.39166641235353 1.5000000000000002 23406.586914062504 9187.0000000000018 22.000000000000004 36.000000000000007
decision_type=2 2 2 2 2 2 2 2 2 2 2 2 2
left_child=1 3 5 4 -1 -2 -7 8 11 -8 -11 -3 -13
right_child=2 7 -4 -5 -6 6 9 -9 -10 10 -12 12 -14
leaf_value=-0.0020660760433053441 0.048127505322479551 -0.050000218705809119 0.0086972101204076651 0.050000197679227677 0.028169934448840469 0.050001155112112797 0.050000334653373939 -0.050000678109695045 -0.050000350596335452 0.050000194615837282 0.050000220842907395 -0.050000197205958469 -0.050000195104452562
leaf_weight=0.0010367744582708846 0.0010002740837080628 0.0011623089490058192 0.0010331700864298909 0.0014310976439446677 0.001497550030990169 0.001012944865578902 0.0010187377911279327 0.0010015899505333437 0.0017390602336035954 0.0016052721321102581 0.001484230779169593 0.001090887692726028 0.0035062642068623973
leaf_count=119 72 469 124 121 170 33 62 297 625 138 117 466 1507
internal_value=-1.12728e-05 -0.025142 0.0437741 0.028143 0.0158006 0.0496944 0.0500004 -0.0500003 -0.0500002 0.0500002 0.0500002 -0.0500002 -0.0500002
internal_weight=0.0196202 0.0124655 0.00715463 0.00396542 0.00253432 0.00612146 0.00512119 0.00850011 0.00749852 0.00410824 0.0030895 0.00575946 0.00459715
internal_count=4320 3774 546 410 289 422 350 3364 3067 317 255 2442 1973
is_linear=0
shrinkage=0.05


Tree=236
num_leaves=16
num_cat=0
split_feature=68 66 4 4 17 4 40 9 24 14 14 11 17 0 17
split_gain=0.00816579 0.00554596 0.00118755 0.000918955 6.66601e-05 7.63391e-07 1.73329e-13 5.63482e-15 4.36283e-16 2.68015e-16 1.12757e-17 7.80626e-18 1.17094e-17 4.33681e-19 4.33681e-19
threshold=22.000000000000004 232.00000000000003 56.500000000000007 22.000000000000004 16657.012695312504 36.500000000000007 752.65786743164074 89.896030426025405 312.50000000000006 3.3562116622924809 8069.6105957031259 4.0000000000000009 3013575.7500000005 5315.5000000000009 230745.08593750003
decision_type=2 2 2 2 2 2 2 2 2 2 2 2 2 2 2
left_child=1 2 3 -1 -5 8 11 -3 9 -6 -11 12 -2 -13 -12
right_child=6 7 -4 4 5 -7 -8 -9 -10 10 14 13 -14 -15 -16
leaf_value=0.0052452724772402825 -0.050000192627446094 -0.05000034415475138 -0.01518991197993539 0.036215025515918368 0.050000215886465006 0.048653202336620655 -0.050000890222232731 -0.050000184584665763 0.050000228020375383 0.050000189909404774 0.050000184553868787 -0.050000184190728283 -0.050000185524256238 -0.050000184963514209 0.050000184758793892
leaf_weight=0.0014699045661927821 0.001020320619318226 0.0010015467514676865 0.0010106166890864196 0.0010347475331400346 0.0010049722714029485 0.0012712181123788469 0.001079985158639829 0.0012360002657487712 0.0010631758777890354 0.0018356609016336733 0.0011622854444794939 0.0013053038915131765 0.0012801116081391228 0.0010109058146099414 0.0010293165923940251
leaf_count=80 445 385 231 95 81 110 266 559 84 161 105 591 577 457 93
internal_value=-1.37235e-05 0.0216911 0.0364323 0.0417174 0.0480985 0.0497678 -0.0500003 -0.0500003 0.0500002 0.0500002 0.0500002 -0.0500002 -0.0500002 -0.0500002 0.0500002
internal_weight=0.0188161 0.0131194 0.0108819 0.00987128 0.00840138 0.00736663 0.00569663 0.00223755 0.00609541 0.00503224 0.00402726 0.00461664 0.00230043 0.00231621 0.0021916
internal_count=4320 1984 1040 809 729 634 2336 944 524 440 359 2070 1022 1048 198
is_linear=0
shrinkage=0.05


Tree=237
num_leaves=15
num_cat=0
split_feature=5 3 25 67 14 41 24 8 67 27 68 36 66 14
split_gain=0.00787024 0.00590393 0.000529559 0.000432365 0.000199954 1.14393e-06 2.27751e-13 4.53127e-14 9.97119e-15 1.20607e-15 2.2031e-16 3.51282e-17 1.73472e-18 2.60209e-18
threshold=11598.000000000002 1.0000000180025095e-35 1404220.5000000002 3.5000000000000004 2.6515595912933354 1775.4641723632815 620.00000000000011 68.533332824707045 1.5000000000000002 37914.828125000007 22.000000000000004 3.0107649564743046 265.50000000000006 28258.219726562504
decision_type=2 2 2 2 2 2 2 2 2 2 2 2 2 2
left_child=1 3 5 4 -1 -2 9 8 10 -7 -3 -11 13 -12
right_child=2 7 -4 -5 -6 6 -8 -9 -10 11 12 -13 -14 -15
leaf_value=-0.0028524749346490095 0.048158009180055618 -0.050000203307464512 0.010964634649751604 0.050000179253874726 0.02629958338642481 0.050000245752929162 0.050001023103969838 -0.050000575661061503 -0.050000329548834356 0.050000187667424589 -0.05000017552442404 0.050000175364301805 -0.050000179070239528 -0.050000178624570249
leaf_weight=0.0010047231021417247 0.0010361475090121522 0.0010712897051234904 0.0010521796732518851 0.0012950820337209734 0.0014188946947797376 0.0010092215625263634 0.0011171513115186826 0.0010048051715330075 0.0014946308632488581 0.0010027014768638765 0.0011846395584598213 0.001379041165819217 0.0013873239263375581 0.0015835044521281816
leaf_count=119 81 469 130 121 170 81 33 338 586 90 563 131 657 751
internal_value=-1.46232e-05 -0.025086 0.0434845 0.0266773 0.0142144 0.0496561 0.0500004 -0.0500003 -0.0500002 0.0500002 -0.0500002 0.0500002 -0.0500002 -0.0500002
internal_weight=0.0180413 0.0114449 0.00659644 0.0037187 0.00242362 0.00554426 0.00450812 0.00772619 0.00672139 0.00339096 0.00522676 0.00238174 0.00415547 0.00276814
internal_count=4320 3774 546 410 289 416 335 3364 3026 302 2440 221 1971 1314
is_linear=0
shrinkage=0.05


Tree=238
num_leaves=15
num_cat=0
split_feature=5 3 25 67 14 41 24 8 67 25 68 22 3 0
split_gain=0.00742232 0.00561207 0.0005376 0.000431295 0.000184004 1.24298e-06 1.94561e-13 3.64032e-14 9.08301e-15 9.03791e-16 2.41994e-16 3.1225e-17 6.07153e-18 4.33681e-19
threshold=11598.000000000002 1.0000000180025095e-35 1404220.5000000002 3.5000000000000004 2.6515595912933354 1797.392517089844 620.00000000000011 65.633331298828139 1.5000000000000002 89789.000000000015 22.000000000000004 3541.8979492187505 1.5000000000000002 269.50000000000006
decision_type=2 2 2 2 2 2 2 2 2 2 2 2 2 2
left_child=1 3 5 4 -1 -2 9 8 10 -7 -3 -11 13 -12
right_child=2 7 -4 -5 -6 6 -8 -9 -10 11 12 -13 -14 -15
leaf_value=-0.0027102880240275685 0.048069566805316481 -0.050000193857022958 0.010441531203247735 0.050000170393587409 0.025335299882534492 0.050000228790988713 0.050000971058127223 -0.050000527188307275 -0.050000316895538625 0.050000165897964258 -0.050000165145011294 0.050000177821579762 -0.050000169625618429 -0.05000016558112988
leaf_weight=0.0010045653050383407 0.0010374835587754197 0.0010168985554628307 0.0010497128102997522 0.0012319203460720018 0.0013997550493058952 0.0010033455164375482 0.0010626682478687144 0.001008141160696141 0.0013855530191904109 0.0011715572800312657 0.0015151815841818461 0.0010024706325566513 0.0010285225355346483 0.0013950879290405283
leaf_count=119 85 468 130 121 170 86 33 365 567 117 757 95 510 697
internal_value=-1.72456e-05 -0.0248629 0.0431208 0.0259435 0.0136174 0.0496208 0.0500004 -0.0500002 -0.0500002 0.0500002 -0.0500002 0.0500002 -0.0500002 -0.0500002
internal_weight=0.0173129 0.0109856 0.00632724 0.00363624 0.00240432 0.00527753 0.00424004 0.00734938 0.00634124 0.00317737 0.00495569 0.00217403 0.00393879 0.00291027
internal_count=4320 3774 546 410 289 416 331 3364 2999 298 2432 212 1964 1454
is_linear=0
shrinkage=0.05


Tree=239
num_leaves=13
num_cat=0
split_feature=68 65 0 12 24 14 69 22 40 28 20 11
split_gain=0.00708789 0.00473879 0.00358419 7.45394e-05 6.21643e-05 1.70072e-05 4.72534e-08 2.34977e-13 1.32034e-13 2.38091e-15 1.06685e-16 1.73472e-17
threshold=22.000000000000004 255.50000000000003 124.00000000000001 1933.0000000000002 70.500000000000014 4.1032345294952401 1003.5000000000001 351.43208312988287 746.84375000000011 65810.500000000015 8072.5000000000009 4.0000000000000009
decision_type=2 2 2 2 2 2 2 2 2 2 2 2
left_child=1 -1 3 4 5 -3 7 -5 11 -9 -11 -2
right_child=8 2 -4 6 -6 -7 -8 9 -10 10 -12 -13
leaf_value=-0.05000505026889375 -0.050000165276839675 0.050000188691572162 -0.05000028875651065 0.050001053755932313 0.030853029112684956 0.040945600335508751 0.049620055654223054 0.050000263519823257 -0.050000804488943756 0.050000162326578994 0.050000183750262973 -0.050000158590505106
leaf_weight=0.0019412018131106388 0.0019771071878267312 0.0010302762348146643 0.0010867230620306154 0.001056992992744199 0.0011266846515809448 0.0010442336460982915 0.0010017460492690589 0.0010041651903520687 0.0010009665952566138 0.0013390855956458836 0.0010181373736486421 0.0019935811761797595
leaf_count=758 1004 95 423 41 129 131 95 77 284 138 97 1048
internal_value=-1.98911e-05 0.0213107 0.0355709 0.0463572 0.0403076 0.0454424 0.0499301 0.0500004 -0.0500003 0.0500002 0.0500002 -0.0500002
internal_weight=0.0166209 0.0116492 0.00970804 0.00862132 0.00320119 0.00207451 0.00542013 0.00441838 0.00497165 0.00336139 0.00235722 0.00397069
internal_count=4320 1984 1226 803 355 226 448 353 2336 312 235 2052
is_linear=0
shrinkage=0.05


Tree=240
num_leaves=11
num_cat=0
split_feature=68 66 41 41 21 22 40 27 20 11
split_gain=0.00673213 0.00449992 0.00107699 0.00249773 0.000192319 2.14997e-13 1.06772e-13 2.0383e-15 1.43548e-16 1.73472e-17
threshold=22.000000000000004 232.00000000000003 1199.2851562500002 1.0000000180025095e-35 1072898.6875000002 351.43208312988287 726.10458374023449 24968.200195312504 9187.0000000000018 4.0000000000000009
decision_type=2 2 2 2 2 2 2 2 2 2
left_child=1 2 3 4 -1 -4 9 -7 -9 -2
right_child=6 -3 5 -5 -6 7 -8 8 -10 -11
leaf_value=0.022418489302393554 -0.050000157374292691 -0.050000216210261433 0.050000988750587165 -0.049154943427945727 0.049629302383718224 0.050000246785826513 -0.050000735532724272 0.050000154110364084 0.050000175145232174 -0.05000015062195047
leaf_weight=0.0010004317534821894 0.0018317837019594654 0.001849952283123458 0.001030775330036704 0.0010817301623546882 0.001850374453169934 0.0010217659564659698 0.0010010487621912034 0.0014393951314559672 0.0018582442980914493 0.0018963533836995339
leaf_count=142 977 944 42 250 184 83 311 156 183 1048
internal_value=-2.26446e-05 0.021208 0.0353991 0.0155341 0.0400802 0.0500003 -0.0500003 0.0500002 0.0500002 -0.0500002
internal_weight=0.0158619 0.0111327 0.00928272 0.00393254 0.00285081 0.00535018 0.00472919 0.00431941 0.00329764 0.00372814
internal_count=4320 1984 1040 576 326 464 2336 422 339 2025
is_linear=0
shrinkage=0.05


Tree=241
num_leaves=11
num_cat=0
split_feature=68 65 4 4 16 41 21 24 14 11
split_gain=0.00639589 0.00428667 0.00197151 0.000428977 9.75995e-06 8.58636e-14 2.64545e-16 1.92554e-16 2.81893e-17 2.29851e-17
threshold=22.000000000000004 255.50000000000003 61.000000000000007 22.000000000000004 12213.166503906252 745.93331909179699 3019634.3750000005 230.50000000000003 8069.6105957031259 4.0000000000000009
decision_type=2 2 2 2 2 2 2 2 2 2
left_child=1 -1 3 -3 -5 9 7 8 -6 -2
right_child=5 2 -4 4 6 -7 -8 -9 -10 -11
leaf_value=-0.050004553449846834 -0.050000150916534085 0.014470183783163521 -0.024745598071073772 0.04464187040828841 0.050000153583482858 -0.050000671401192 0.050000180781448682 0.05000017451720859 0.050000144274854823 -0.050000142714540369
leaf_weight=0.0017663998175976312 0.0016911791818756692 0.0010266255709439065 0.0011846164695725747 0.0010001668870245339 0.0018754420507320901 0.0010034953002104885 0.001339730325526034 0.0010050355758721707 0.0014338224091261509 0.0018038674196532156
leaf_count=758 948 95 442 88 204 340 129 102 166 1048
internal_value=-2.40012e-05 0.0211219 0.0352936 0.0445535 0.0491948 -0.0500003 0.0500002 0.0500002 0.0500001 -0.0500001
internal_weight=0.0151304 0.0106318 0.00886544 0.00768082 0.0066542 0.00449854 0.00565403 0.0043143 0.00330926 0.00349505
internal_count=4320 1984 1226 784 689 2336 601 472 370 1996
is_linear=0
shrinkage=0.05


Tree=242
num_leaves=12
num_cat=0
split_feature=5 3 8 67 17 8 67 27 7 21 11
split_gain=0.00608699 0.00462777 0.000454099 0.000388601 8.55637e-05 1.51363e-14 7.15053e-15 1.35569e-15 1.85615e-16 1.68268e-16 2.60209e-18
threshold=11598.000000000002 1.0000000180025095e-35 8.7333335876464862 3.5000000000000004 3670342.8750000005 59.750000000000007 1.5000000000000002 26862.918945312504 4.0000000000000009 3898.8249511718755 4.0000000000000009
decision_type=2 2 2 2 2 2 2 2 2 2 2
left_child=1 3 7 4 -1 6 8 -2 10 -9 -3
right_child=2 5 -4 -5 -6 -7 -8 9 -10 -11 -12
leaf_value=0.0019522748874314958 0.050000218132610214 -0.050000138906140801 0.013059156438218531 0.050000142134615025 0.02214843117337988 -0.050000386839103683 -0.050000290332964339 0.050000139793413258 -0.050000161866214213 0.050000162747322587 -0.050000135963300121
leaf_weight=0.001004325159669861 0.0010311066716894865 0.0015006159248969198 0.0010345184368816263 0.0010289309047948336 0.0010975530221912777 0.0010012569000537042 0.0010501229583042004 0.0014684018324260251 0.0010537714606471127 0.0017480465312473825 0.0014732268870147891
leaf_count=203 94 912 90 121 86 460 500 175 593 187 899
internal_value=-2.38814e-05 -0.0245645 0.0427651 0.0248231 0.0124982 -0.0500002 -0.0500002 0.0500002 -0.0500001 0.0500002 -0.0500001
internal_weight=0.0144919 0.0092098 0.00528207 0.00313081 0.00210188 0.00607899 0.00507774 0.00424756 0.00402761 0.00321645 0.00297384
internal_count=4320 3774 546 410 289 3364 2904 456 2404 362 1811
is_linear=0
shrinkage=0.05


Tree=243
num_leaves=11
num_cat=0
split_feature=68 65 4 4 15 52 4 29 36 11
split_gain=0.00580798 0.00390385 0.00178835 0.00041972 1.02091e-05 6.53358e-14 2.41127e-16 9.28077e-17 1.38778e-17 1.34441e-17
threshold=22.000000000000004 255.50000000000003 61.000000000000007 22.000000000000004 78.486557006835952 378.13517761230474 25.000000000000004 44.500000000000007 2.0742101669311528 4.0000000000000009
decision_type=2 2 2 2 2 2 2 2 2 2
left_child=1 -1 3 -3 6 9 -5 8 -8 -2
right_child=5 2 -4 4 -6 -7 7 -9 -10 -11
leaf_value=-0.050004665856504288 -0.050000136538397237 0.014181031723289585 -0.023905940461625086 0.050000165931582408 0.044482295898798208 -0.050000597716154421 0.050000138490349337 0.05000015168590527 0.05000013083318177 -0.050000130018551962
leaf_weight=0.0016231963128348079 0.0014698526468919235 0.0010032494117240276 0.0011179068334286058 0.001285875804569514 0.0010041812638519332 0.0010009952636096386 0.0014198296521499287 0.0012981137078895699 0.0010701922665248276 0.0016306483227026547
leaf_count=758 912 95 442 133 99 377 172 150 135 1047
internal_value=-2.66523e-05 0.0208403 0.0348652 0.0441431 0.0490885 -0.0500002 0.0500001 0.0500001 0.0500001 -0.0500001
internal_weight=0.013924 0.00982255 0.00819935 0.00708144 0.00607819 0.0041015 0.00507401 0.00378814 0.00249002 0.0031005
internal_count=4320 1984 1226 784 689 2336 590 457 307 1959
is_linear=0
shrinkage=0.05


Tree=244
num_leaves=10
num_cat=0
split_feature=5 3 8 17 67 34 26 21 34
split_gain=0.00553304 0.00416936 0.000432155 0.00023219 1.00146e-14 9.86234e-15 9.28077e-16 1.38778e-16 7.71952e-17
threshold=11598.000000000002 1.0000000180025095e-35 8.7333335876464862 1968721.5000000002 1.0000000180025095e-35 106.00000000000001 16639.250000000004 3898.8249511718755 28.000000000000004
decision_type=2 2 2 2 2 2 2 2 2
left_child=1 3 6 -1 8 -6 -2 -8 -3
right_child=2 4 -4 -5 5 -7 7 -9 -10
leaf_value=0.0045643111225467997 0.050000194970980197 -0.050000141985955017 0.01319417916479328 0.034052806899943708 -0.050000373967156078 -0.050000173866866886 0.050000126982623475 0.050000149109670072 -0.050000125452260069
leaf_weight=0.0010270917027810356 0.0010074733581859627 0.0011157221431403741 0.0010045685428394791 0.0019068888491347025 0.0011492573786426874 0.001326577113275107 0.0012845680794271175 0.0015774833191244397 0.0019426094002028549
leaf_count=210 102 707 90 200 549 801 169 185 1307
internal_value=-2.66215e-05 -0.0244548 0.0424143 0.0237298 -0.0500002 -0.0500003 0.0500002 0.0500001 -0.0500001
internal_weight=0.0133422 0.00846815 0.00487409 0.00293398 0.00553417 0.00247583 0.00386952 0.00286205 0.00305833
internal_count=4320 3774 546 410 3364 1350 456 354 2014
is_linear=0
shrinkage=0.05


Tree=245
num_leaves=10
num_cat=0
split_feature=68 65 4 17 24 40 4 14 37
split_gain=0.00527455 0.00356492 0.00162258 0.000266266 3.36414e-05 4.96929e-14 2.60209e-16 4.55365e-17 1.43115e-17
threshold=22.000000000000004 255.50000000000003 61.000000000000007 16657.012695312504 395.50000000000006 140.75000000000003 25.000000000000004 8069.6105957031259 0.19712599366903308
decision_type=2 2 2 2 2 2 2 2 2
left_child=1 -1 3 -3 6 8 -5 -8 -2
right_child=5 2 -4 4 -6 -7 7 -9 -10
leaf_value=-0.050004875992270797 -0.05000012577271528 0.020730854131493826 -0.023089089153774167 0.050000152501895129 0.039922491338904131 -0.050000532662547087 0.050000129575920794 0.050000117778518961 -0.050000118254016249
leaf_weight=0.0014967160440733096 0.0010027488323203224 0.001057498340287566 0.0010560550814489034 0.0010997291074090754 0.0010165288898633662 0.0010007577336068607 0.0019096967976111046 0.0014586997754122422 0.0017382194995434475
leaf_count=758 679 136 442 124 70 426 248 206 1231
internal_value=-3.12806e-05 0.0205264 0.0344198 0.0437031 0.0481323 -0.0500002 0.0500001 0.0500001 -0.0500001
internal_weight=0.0128367 0.00909492 0.00759821 0.00654215 0.00548465 0.00374173 0.00446813 0.0033684 0.00274097
internal_count=4320 1984 1226 784 648 2336 578 454 1910
is_linear=0
shrinkage=0.05


Tree=246
num_leaves=10
num_cat=0
split_feature=5 3 25 22 23 24 67 34 34
split_gain=0.00503225 0.00375929 0.000348512 0.00019057 8.71478e-07 1.06157e-13 8.15667e-15 8.07817e-15 9.1073e-17
threshold=11598.000000000002 1.0000000180025095e-35 1272015.0000000002 2020635.8125000002 29008.000000000004 304.00000000000006 1.0000000180025095e-35 106.00000000000001 28.000000000000004
decision_type=2 2 2 2 2 2 2 2 2
left_child=1 3 4 -1 5 -2 8 -8 -3
right_child=2 6 -4 -5 -6 -7 7 -9 -10
leaf_value=0.0055740838121357888 0.0500001331514974 -0.050000131298254397 0.016060582129069242 0.032698930642450878 0.04826131133682756 0.050000799065069969 -0.050000347984365194 -0.050000158885345349 -0.050000112500227178
leaf_weight=0.0010349272281473532 0.0014851266369078076 0.0010163544118313439 0.0010024417398426522 0.0017298718951224146 0.0010140014085209259 0.0010024683078881935 0.0010597852080991288 0.0012090980949324148 0.0017577460995426009
leaf_count=216 205 707 158 194 133 50 549 801 1307
internal_value=-3.23891e-05 -0.0243112 0.0420551 0.0225455 0.0494968 0.0500004 -0.0500002 -0.0500002 -0.0500001
internal_weight=0.0123118 0.00780778 0.00450404 0.0027648 0.0035016 0.00248759 0.00504298 0.00226888 0.0027741
internal_count=4320 3774 546 410 388 255 3364 1350 2014
is_linear=0
shrinkage=0.05


Tree=247
num_leaves=10
num_cat=0
split_feature=68 65 4 17 24 52 14 12 14
split_gain=0.00479185 0.00325494 0.0014647 0.000279779 3.18759e-05 3.78703e-14 1.76942e-16 1.43115e-17 1.12757e-17
threshold=22.000000000000004 255.50000000000003 61.000000000000007 16657.012695312504 344.50000000000006 113.22727203369142 128.78234863281253 5.7500000000000009 11190.349121093752
decision_type=2 2 2 2 2 2 2 2 2
left_child=1 -1 3 -3 6 7 -5 -2 -8
right_child=5 2 -4 4 -6 -7 8 -9 -10
leaf_value=-0.05000508346681979 -0.050000114280060549 0.019145942157781693 -0.022056014655111068 0.050000131737871267 0.040133258086385175 -0.050000475815899552 0.05000011445164998 -0.050000106610325001 0.050000107087047274
leaf_weight=0.0013813913040507941 0.0010841921980500055 0.0010086188212881098 0.0010026478304325792 0.0019927875950997986 0.0010278411306217095 0.0010009446459093851 0.0010086142492582439 0.0013311583987842823 0.0010185274959439994
leaf_count=758 808 136 442 259 82 484 148 1044 159
internal_value=-3.77829e-05 0.0201847 0.0339202 0.0431872 0.047991 -0.0500002 0.0500001 -0.0500001 0.0500001
internal_weight=0.0118567 0.00844043 0.00705904 0.00605639 0.00504777 0.0034163 0.00401993 0.00241535 0.00202714
internal_count=4320 1984 1226 784 648 2336 566 1852 307
is_linear=0
shrinkage=0.05


Tree=248
num_leaves=10
num_cat=0
split_feature=5 3 25 17 20 24 67 65 40
split_gain=0.00457579 0.0033916 0.000319874 0.000169099 8.21797e-07 5.58564e-14 6.7845e-15 6.6583e-15 7.76289e-17
threshold=11598.000000000002 1.0000000180025095e-35 1238904.0000000002 2034111.6875000002 26016.000000000004 185.50000000000003 1.0000000180025095e-35 289.50000000000006 3.0599999427795415
decision_type=2 2 2 2 2 2 2 2 2
left_child=1 3 4 -1 5 -2 8 -8 -3
right_child=2 6 -4 -5 -6 -7 7 -9 -10
leaf_value=0.005442249401828898 0.050000125723088908 -0.05000010073175807 0.01700531011626839 0.031531019594386991 0.048288095806805764 0.050000639390837667 -0.050000138582581705 -0.050000317503557989 -0.050000118720780279
leaf_weight=0.0010181937598190416 0.0011178505078532908 0.0015145372701681481 0.0010004268021930329 0.00159269749451596 0.0010460189280365739 0.001005060021270765 0.0010185927432075914 0.0010622705887044503 0.001002030619360994
leaf_count=219 168 1246 165 191 140 73 786 564 768
internal_value=-3.88947e-05 -0.0241543 0.0416537 0.0213569 0.0494352 0.0500004 -0.0500002 -0.0500002 -0.0500001
internal_weight=0.0113777 0.00720832 0.00416936 0.00261089 0.00316893 0.00212291 0.00459743 0.00208086 0.00251657
internal_count=4320 3774 546 410 381 241 3364 1350 2014
is_linear=0
shrinkage=0.05


Tree=249
num_leaves=9
num_cat=0
split_feature=68 65 8 4 39 15 18 37
split_gain=0.00435502 0.00297327 0.00108413 0.000267522 2.9064e-14 3.1572e-16 5.72459e-17 1.34441e-17
threshold=22.000000000000004 255.50000000000003 8.7333335876464862 25.000000000000004 112.50000000000001 22.028950691223148 1593346.0000000002 2.9916622638702397
decision_type=2 2 2 2 2 2 2 2
left_child=1 -1 3 -3 7 6 -5 -2
right_child=4 2 -4 5 -6 -7 -8 -9
leaf_value=-0.050005285374351532 -0.050000104567914573 0.024435984557100953 -0.0081888902834893265 0.050000105069888105 -0.050000427324608659 0.050000147020477406 0.050000119656719522 -0.050000096636170811
leaf_weight=0.0012761309346842609 0.0010032729851445774 0.0013852258985025401 0.0012651490545749766 0.0010326713950234989 0.001000568681263303 0.0010047894656963763 0.001880263831026241 0.0011171486845569234
leaf_count=758 822 220 429 169 548 136 272 966
internal_value=-4.44626e-05 0.0198315 0.0334002 0.0433223 -0.0500002 0.0500001 0.0500001 -0.0500001
internal_weight=0.0109652 0.00784423 0.0065681 0.00530295 0.00312099 0.00391772 0.00291294 0.00212042
internal_count=4320 1984 1226 797 2336 577 441 1788
is_linear=0
shrinkage=0.05


Tree=250
num_leaves=8
num_cat=0
split_feature=68 0 5 21 40 24 41
split_gain=0.00412504 0.00288494 0.000844034 0.00050101 8.78013e-07 6.66893e-14 2.34608e-14
threshold=22.000000000000004 102.50000000000001 11598.000000000002 2952017.5000000005 1162.0000000000002 273.50000000000006 19.194845199584964
decision_type=2 2 2 2 2 2 2
left_child=1 2 3 -1 -4 -6 -2
right_child=6 -3 4 -5 5 -7 -8
leaf_value=0.028615193713837556 -0.050000094231204023 -0.050000227568294732 0.048252833173300869 -0.015436907376017429 0.05000011041814667 0.050000635946666788 -0.050000391565412305
leaf_weight=0.0017903494343727289 0.0019679281111848468 0.0012461331590429836 0.0010053459509435925 0.0010092953816069894 0.0015211347872536862 0.0010008855306296027 0.0010008503368794663
leaf_count=413 1744 754 149 348 251 69 592
internal_value=-4.58203e-05 0.019537 0.0332327 0.012734 0.0495023 0.0500003 -0.0500002
internal_weight=0.0105419 0.00757314 0.00632701 0.00279964 0.00352737 0.00252202 0.00296878
internal_count=4320 1984 1230 761 469 320 2336
is_linear=0
shrinkage=0.05


Tree=251
num_leaves=8
num_cat=0
split_feature=4 6 5 68 24 40 24
split_gain=0.00392129 0.00610746 1.0651e-06 8.89405e-12 6.27545e-14 9.34669e-15 1.24033e-16
threshold=19.000000000000004 21.000000000000004 11598.000000000002 22.000000000000004 260.50000000000006 701.97058105468761 5.5000000000000009
decision_type=2 2 2 2 2 2 2
left_child=3 2 -2 -1 6 -3 -4
right_child=1 5 4 -5 -6 -7 -8
leaf_value=-0.050005930693978344 0.048477151517881185 -0.050000157840287433 0.050000120309288146 -0.05000009056444793 0.05000058020737369 -0.050000364234835393 0.050000097178354797
leaf_weight=0.0010179033639587942 0.0017487457080278546 0.0012126018569915686 0.0010628847285261145 0.0018131752818817404 0.0010052593756881834 0.0010017263846293645 0.0012721250282083929
leaf_count=409 258 870 165 1690 76 628 224
internal_value=-4.82119e-05 0.019316 0.0494769 -0.0500022 0.0500002 -0.0500003 0.0500001
internal_weight=0.0101344 0.00730334 0.00508901 0.00283108 0.00334027 0.00221433 0.00233501
internal_count=4320 2221 723 2099 465 1498 389
is_linear=0
shrinkage=0.05


Tree=252
num_leaves=8
num_cat=0
split_feature=4 6 5 37 24 40 24
split_gain=0.00372918 0.0058052 1.22859e-06 7.02369e-12 4.93485e-14 7.7785e-15 1.00614e-16
threshold=19.000000000000004 21.000000000000004 11598.000000000002 0.18546275049448016 216.50000000000003 430.31785583496099 5.5000000000000009
decision_type=2 2 2 2 2 2 2
left_child=3 2 -2 -1 6 -3 -4
right_child=1 5 4 -5 -6 -7 -8
leaf_value=-0.050005373407652577 0.048324693073361097 -0.050000145401057794 0.050000114311154059 -0.050000101570732515 0.050000525431145006 -0.050000337654501181 0.050000092653113018
leaf_weight=0.0010124014827397332 0.0016685769560353947 0.0010842780279745057 0.0010110473485838156 0.0016806094887442669 0.0010146391432499513 0.0010220566556427002 0.0011516765321175626
leaf_count=499 258 830 165 1600 87 668 213
internal_value=-4.88343e-05 0.0193009 0.0494233 -0.0500021 0.0500002 -0.0500002 0.0500001
internal_weight=0.00964529 0.00695227 0.00484594 0.00269301 0.00317736 0.00210633 0.00216272
internal_count=4320 2221 723 2099 465 1498 378
is_linear=0
shrinkage=0.05


Tree=253
num_leaves=8
num_cat=0
split_feature=4 6 5 37 24 52 24
split_gain=0.0035464 0.00551748 1.41617e-06 5.63649e-12 3.9795e-14 6.29575e-15 7.63278e-17
threshold=19.000000000000004 21.000000000000004 11598.000000000002 0.1879132688045502 203.50000000000003 406.36111450195318 7.5000000000000009
decision_type=2 2 2 2 2 2 2
left_child=3 2 -2 -1 6 -3 -4
right_child=1 5 4 -5 -6 -7 -8
leaf_value=-0.050004899257842274 0.048157811197484586 -0.05000013843623935 0.050000107771648816 -0.050000096286075539 0.050000482980485865 -0.05000031569906193 0.050000088354832196
leaf_weight=0.0010055772268060537 0.0015925639695524296 0.0010024443836300634 0.0010069940144603606 0.0015560991012648628 0.0010068869887618348 0.0010011636080093922 0.001008520883260644
leaf_count=544 258 811 174 1555 95 687 196
internal_value=-4.95165e-05 0.0192843 0.0493644 -0.050002 0.0500002 -0.0500002 0.0500001
internal_weight=0.00918025 0.00661857 0.00461497 0.00256168 0.0030224 0.00200361 0.00201551
internal_count=4320 2221 723 2099 465 1498 370
is_linear=0
shrinkage=0.05


Tree=254
num_leaves=6
num_cat=0
split_feature=4 6 5 37 24
split_gain=0.0033725 0.00524359 1.63112e-06 4.37938e-12 3.10672e-14
threshold=19.000000000000004 21.000000000000004 11598.000000000002 0.19148984551429751 187.50000000000003
decision_type=2 2 2 2 2
left_child=3 2 -2 -1 -4
right_child=1 -3 4 -5 -6
leaf_value=-0.050004386489522636 0.047975312920218713 -0.050000216099306105 0.05000009379213164 -0.050000088879458927 0.050000437770950978
leaf_weight=0.001018466987204647 0.0015205141708065639 0.0019058912818650242 0.0018608382197271567 0.0014182795122792413 0.0010141600023416686
leaf_count=604 258 1498 358 1495 107
internal_value=-5.02648e-05 0.019266 0.0492998 -0.0500019 0.0500002
internal_weight=0.00873815 0.0063014 0.00439551 0.00243675 0.002875
internal_count=4320 2221 723 2099 465
is_linear=0
shrinkage=0.05


Tree=255
num_leaves=6
num_cat=0
split_feature=4 6 5 37 24
split_gain=0.00320703 0.00498284 1.87711e-06 3.52352e-12 2.50893e-14
threshold=19.000000000000004 21.000000000000004 11598.000000000002 0.19404663145542148 180.00000000000003
decision_type=2 2 2 2 2
left_child=3 2 -2 -1 -4
right_child=1 -3 4 -5 -6
leaf_value=-0.050004017858298833 0.047775941448177192 -0.050000205268542902 0.050000089102282486 -0.050000085160225596 0.050000403297009791
leaf_weight=0.0010072972154375748 0.0014522445726470323 0.0018129402449176268 0.0017309041895714472 0.0013106118748851259 0.0010038792916020611
leaf_count=649 258 1498 350 1450 115
internal_value=-5.10843e-05 0.0192459 0.0492287 -0.0500018 0.0500002
internal_weight=0.00831788 0.00599997 0.00418703 0.00231791 0.00273478
internal_count=4320 2221 723 2099 465
is_linear=0
shrinkage=0.05


Tree=256
num_leaves=6
num_cat=0
split_feature=4 6 5 37 24
split_gain=0.00304959 0.00473459 2.15819e-06 2.78126e-12 2.01527e-14
threshold=19.000000000000004 21.000000000000004 11598.000000000002 0.19712599366903308 165.50000000000003
decision_type=2 2 2 2 2
left_child=3 2 -2 -1 -4
right_child=1 -3 4 -5 -6
leaf_value=-0.050003645829978183 0.047558379293576605 -0.050000195237846302 0.050000084327029973 -0.050000080256160186 0.050000370317529276
leaf_weight=0.0010050855850067819 0.0013875811964680906 0.001724522436575171 0.0015997332252482011 0.0011997815390145661 0.0010016737928708608
leaf_count=706 258 1498 341 1393 124
internal_value=-5.19811e-05 0.0192238 0.0491508 -0.0500017 0.0500002
internal_weight=0.00791838 0.00571351 0.00398899 0.00220487 0.00260141
internal_count=4320 2221 723 2099 465
is_linear=0
shrinkage=0.05


Tree=257
num_leaves=6
num_cat=0
split_feature=4 6 5 37 24
split_gain=0.00289979 0.00449823 2.47886e-06 2.19644e-12 1.52257e-14
threshold=19.000000000000004 21.000000000000004 11598.000000000002 0.45927970111370092 132.50000000000003
decision_type=2 2 2 2 2
left_child=3 2 -2 -1 -4
right_child=1 -3 4 -5 -6
leaf_value=-0.050003317445577983 0.047321254783607082 -0.050000185871437758 0.050000080777752677 -0.050000077855329839 0.050000332573724528
leaf_weight=0.0010001932677141667 0.0013263586661196314 0.0016404167922132729 0.0014499057765533507 0.0010971446102985283 0.0010246295851175091
leaf_count=763 258 1498 324 1336 141
internal_value=-5.29617e-05 0.0191996 0.0490653 -0.0500016 0.0500002
internal_weight=0.00753865 0.00544131 0.00380089 0.00209734 0.00247454
internal_count=4320 2221 723 2099 465
is_linear=0
shrinkage=0.05


Tree=258
num_leaves=5
num_cat=0
split_feature=4 6 5 24
split_gain=0.00275724 0.00427316 2.84405e-06 1.22706e-14
threshold=19.000000000000004 21.000000000000004 11598.000000000002 117.50000000000001
decision_type=2 2 2 2
left_child=-1 2 -2 -4
right_child=1 -3 3 -5
leaf_value=-0.050001543822265182 0.047063149033754977 -0.050000176839121308 0.050000077198100713 0.050000307851904791
leaf_weight=0.0019950525842205025 0.0012684196785812674 0.0015604129989696958 0.0013439522106182267 0.0010098990464939561
leaf_count=2099 258 1498 315 150
internal_value=-5.40328e-05 0.0191731 0.0489717 0.0500002
internal_weight=0.00717774 0.00518268 0.00362227 0.00235385
internal_count=4320 2221 723 465
is_linear=0
shrinkage=0.05


Tree=259
num_leaves=5
num_cat=0
split_feature=4 6 5 18
split_gain=0.0026216 0.00405884 3.25915e-06 1.01889e-14
threshold=19.000000000000004 21.000000000000004 11598.000000000002 498726.50000000006
decision_type=2 2 2 2
left_child=-1 2 -2 -4
right_child=1 -3 3 -5
leaf_value=-0.050001469182812286 0.046782606692473777 -0.050000168459051267 0.050000285179350692 0.05000007081679006
leaf_weight=0.0018977554914272332 0.0012136146124248626 0.001484311001235028 0.0010091830947658309 0.0012298698700305977
leaf_count=2099 258 1498 162 303
internal_value=-5.52011e-05 0.019144 0.0488692 0.0500002
internal_weight=0.00683473 0.00493698 0.00345267 0.00223905
internal_count=4320 2221 723 465
is_linear=0
shrinkage=0.05


Tree=260
num_leaves=5
num_cat=0
split_feature=4 6 5 1
split_gain=0.00249253 0.00385473 3.73e-06 7.97105e-15
threshold=19.000000000000004 21.000000000000004 11598.000000000002 578590.50000000012
decision_type=2 2 2 2
left_child=-1 2 -2 -4
right_child=1 -3 3 -5
leaf_value=-0.050001396836503967 0.04647814712037221 -0.05000016010250679 0.050000261899887322 0.050000068092817096
leaf_weight=0.0018052034031939002 0.0011618010069014417 0.0014119205282554503 0.0010000450531606475 0.0011298083463771036
leaf_count=2099 258 1498 174 291
internal_value=-5.64741e-05 0.0191121 0.0487571 0.0500002
internal_weight=0.00650878 0.00470357 0.00329165 0.00212985
internal_count=4320 2221 723 465
is_linear=0
shrinkage=0.05


Tree=261
num_leaves=5
num_cat=0
split_feature=4 6 5 18
split_gain=0.0023697 0.00366034 4.2629e-06 6.13268e-15
threshold=19.000000000000004 21.000000000000004 11598.000000000002 648528.00000000012
decision_type=2 2 2 2
left_child=-1 2 -2 -4
right_child=1 -3 3 -5
leaf_value=-0.050001329035038157 0.046148281080866209 -0.050000152178339557 0.050000238699690197 0.050000064714526164
leaf_weight=0.001717164861929632 0.0011128432320219872 0.0013430605588951039 0.001009704058560601 0.0010162754720113298
leaf_count=2099 258 1498 191 274
internal_value=-5.78592e-05 0.0190772 0.0486345 0.0500002
internal_weight=0.00619905 0.00448188 0.00313882 0.00202598
internal_count=4320 2221 723 465
is_linear=0
shrinkage=0.05


Tree=262
num_leaves=4
num_cat=0
split_feature=4 6 5
split_gain=0.00225282 0.00347518 4.86457e-06
threshold=19.000000000000004 21.000000000000004 11598.000000000002
decision_type=2 2 2
left_child=-1 2 -2
right_child=1 -3 -4
leaf_value=-0.05000126424261974 0.045791530341942381 -0.050000144732650034 0.05000014398654528
leaf_weight=0.0016334198056711102 0.0010666120015230263 0.0012775589066222892 0.0019271716184903198
leaf_count=2099 258 1498 465
internal_value=-5.93642e-05 0.0190391 0.0485007
internal_weight=0.00590476 0.00427134 0.00299378
internal_count=4320 2221 723
is_linear=0
shrinkage=0.05


Tree=263
num_leaves=4
num_cat=0
split_feature=4 6 5
split_gain=0.00214158 0.00329881 5.5421e-06
threshold=19.000000000000004 21.000000000000004 11598.000000000002
decision_type=2 2 2
left_child=-1 2 -2
right_child=1 -3 -4
leaf_value=-0.050001202613281961 0.045406445934090933 -0.050000137612048634 0.050000137409048864
leaf_weight=0.001553758846398523 0.001022984026121776 0.0012152517889774117 0.0018331825917812239
leaf_count=2099 258 1498 465
internal_value=-6.09967e-05 0.0189975 0.0483548
internal_weight=0.00562518 0.00407142 0.00285617
internal_count=4320 2221 723
is_linear=0
shrinkage=0.05


Tree=264
num_leaves=4
num_cat=0
split_feature=4 6 13
split_gain=0.00203572 0.00313079 6.12172e-06
threshold=19.000000000000004 21.000000000000004 1488.4799804687502
decision_type=2 2 2
left_child=-1 2 -2
right_child=1 -3 -4
leaf_value=-0.050001144417826153 0.045083757460781082 -0.050000131104348568 0.050000130714347946
leaf_weight=0.0014779828143218765 0.0010002392209571553 0.0011559834126728674 0.0017253798241654295
leaf_count=2099 262 1498 461
internal_value=-6.27651e-05 0.0189521 0.0481959
internal_weight=0.00535959 0.0038816 0.00272562
internal_count=4320 2221 723
is_linear=0
shrinkage=0.05


Tree=265
num_leaves=4
num_cat=0
split_feature=4 6 40
split_gain=0.00193497 0.00297072 6.5134e-06
threshold=19.000000000000004 21.000000000000004 776.86041259765636
decision_type=2 2 2
left_child=-1 2 -2
right_child=1 -3 -4
leaf_value=-0.050001087557662839 0.044857582517292306 -0.050000124595020762 0.050000126076478704
leaf_weight=0.0014059022912533692 0.0010003431057157286 0.0010996055731880006 0.0016014705984161992
leaf_count=2099 273 1498 450
internal_value=-6.46824e-05 0.0189026 0.0480229
internal_weight=0.00510732 0.00370142 0.00260181
internal_count=4320 2221 723
is_linear=0
shrinkage=0.05


Tree=266
num_leaves=4
num_cat=0
split_feature=4 6 27
split_gain=0.00183908 0.00281819 6.90651e-06
threshold=19.000000000000004 21.000000000000004 9089.6157226562518
decision_type=2 2 2
left_child=-1 2 -2
right_child=1 -3 -4
leaf_value=-0.050001036200094551 0.044625359519824596 -0.050000118544964195 0.050000119088787681
leaf_weight=0.0013373369848750372 0.0010010308051278116 0.0010459773013735685 0.0014834135990895447
leaf_count=2099 277 1498 446
internal_value=-6.67675e-05 0.0188485 0.0478345
internal_weight=0.00486776 0.00353042 0.00248444
internal_count=4320 2221 723
is_linear=0
shrinkage=0.05


Tree=267
num_leaves=4
num_cat=0
split_feature=4 4 40
split_gain=0.00174781 0.00203983 3.20573e-05
threshold=19.000000000000004 56.500000000000007 777.73333740234386
decision_type=2 2 2
left_child=-1 2 -2
right_child=1 -3 -4
leaf_value=-0.05000098443228787 0.038140108310057444 -0.03922581033582636 0.050000120183542551
leaf_weight=0.0012721155553379049 0.0010015674458259127 0.0010450315170658087 0.0013215772110015678
leaf_count=2099 388 1423 410
internal_value=-6.90318e-05 0.0187896 0.044887
internal_weight=0.00464029 0.00336818 0.00232314
internal_count=4320 2221 798
is_linear=0
shrinkage=0.05


Tree=268
num_leaves=3
num_cat=0
split_feature=68 5
split_gain=0.00166428 0.000943197
threshold=22.000000000000004 11598.000000000002
decision_type=2 2
left_child=1 -1
right_child=-2 -3
leaf_value=-0.0058389222985778325 -0.050000080273550462 0.048370398401896331
leaf_weight=0.0017769497054018757 0.0012139850005326025 0.0014630819400736073
leaf_count=1505 2336 479
internal_value=-6.84691e-05 0.0186401
internal_weight=0.00445402 0.00324003
internal_count=4320 1984
is_linear=0
shrinkage=0.05


Tree=269
num_leaves=4
num_cat=0
split_feature=4 8 13
split_gain=0.00159902 0.0018304 6.42866e-06
threshold=19.000000000000004 8.7333335876464862 2124.790649414063
decision_type=2 2 2
left_child=-1 2 -2
right_child=1 -3 -4
leaf_value=-0.050000955040231748 0.044345452585048163 -0.031980307200040366 0.050000046891980988
leaf_weight=0.0011697465639883831 0.0010008224496687035 0.0011465037777043108 0.0010097785786911118
leaf_count=2099 317 1507 397
internal_value=-6.54258e-05 0.0184363 0.0471853
internal_weight=0.00432685 0.0031571 0.0020106
internal_count=4320 2221 714
is_linear=0
shrinkage=0.05


Tree=270
num_leaves=3
num_cat=0
split_feature=66 12
split_gain=0.0015167 0.000933109
threshold=232.00000000000003 1656.8571777343752
decision_type=2 2
left_child=1 -1
right_child=-2 -3
leaf_value=-0.0061025000846034426 -0.050000150882277175 0.049716129536092162
leaf_weight=0.0017200961092669331 0.0011134082289743219 0.0013257906708759037
leaf_count=1774 2077 469
internal_value=-6.11367e-05 0.0181938
internal_weight=0.0041593 0.00304589
internal_count=4320 2243
is_linear=0
shrinkage=0.05


Tree=271
num_leaves=3
num_cat=0
split_feature=4 8
split_gain=0.00148139 0.00167737
threshold=19.000000000000004 8.7333335876464862
decision_type=2 2
left_child=-1 -2
right_child=1 -3
leaf_value=-0.050000918445900835 0.046948801868232089 -0.031247849461812457
leaf_weight=0.0010856989282217455 0.0018717646041750413 0.0010823545419214042
leaf_count=2099 714 1507
internal_value=-5.69555e-05 0.0182985
internal_weight=0.00403982 0.00295412
internal_count=4320 2221
is_linear=0
shrinkage=0.05


Tree=272
num_leaves=3
num_cat=0
split_feature=4 8
split_gain=0.00140365 0.00157831
threshold=19.000000000000004 8.7333335876464862
decision_type=2 2
left_child=-1 -2
right_child=1 -3
leaf_value=-0.050000873112936488 0.046658459322075609 -0.030277039912922899
leaf_weight=0.0010327496772788436 0.0017912829538317965 0.001061742740120053
leaf_count=2099 714 1507
internal_value=-5.30937e-05 0.0180272
internal_weight=0.00388578 0.00285303
internal_count=4320 2221
is_linear=0
shrinkage=0.05


Tree=273
num_leaves=3
num_cat=0
split_feature=5 37
split_gain=0.00132479 0.00112259
threshold=11598.000000000002 0.059796139597892768
decision_type=2 2
left_child=1 -1
right_child=-2 -3
leaf_value=0.018860141983763148 0.040836251437432212 -0.050000137322478905
leaf_weight=0.0010046686081182088 0.001295207895736894 0.0014404784665345005
leaf_count=540 546 3234
internal_value=-4.93251e-05 -0.0217066
internal_weight=0.00374035 0.00244515
internal_count=4320 3774
is_linear=0
shrinkage=0.05


Tree=274
num_leaves=3
num_cat=0
split_feature=5 37
split_gain=0.00123825 0.00105857
threshold=11598.000000000002 0.0600055679678917
decision_type=2 2
left_child=1 -1
right_child=-2 -3
leaf_value=0.017651856414851841 0.040133349457585628 -0.050000130980934365
leaf_weight=0.0010035058110986483 0.0012530784516684434 0.0013644185513612683
leaf_count=556 546 3218
internal_value=-5.99642e-05 -0.0213298
internal_weight=0.003621 0.00236792
internal_count=4320 3774
is_linear=0
shrinkage=0.05


Tree=275
num_leaves=3
num_cat=0
split_feature=5 37
split_gain=0.00115607 0.000998763
threshold=11598.000000000002 0.060215115547180183
decision_type=2 2
left_child=1 -1
right_child=-2 -3
leaf_value=0.01649420321878859 0.03939616767294557 -0.050000124186106415
leaf_weight=0.0010031120422411277 0.0012137108132606045 0.0012921705706645525
leaf_count=572 546 3202
internal_value=-7.05617e-05 -0.02094
internal_weight=0.00350899 0.00229528
internal_count=4320 3774
is_linear=0
shrinkage=0.05


Tree=276
num_leaves=3
num_cat=0
split_feature=5 38
split_gain=0.00107812 0.000946515
threshold=11598.000000000002 4.0000000000000009
decision_type=2 2
left_child=1 -1
right_child=-2 -3
leaf_value=-0.050000816396921423 0.038625739748793166 0.015526929182534777
leaf_weight=0.0012256603180276215 0.0011769682536169057 0.0010012797860525779
leaf_count=2831 546 943
internal_value=-8.10676e-05 -0.0205381
internal_weight=0.00340391 0.00222694
internal_count=4320 3774
is_linear=0
shrinkage=0.05


Tree=277
num_leaves=3
num_cat=0
split_feature=67 34
split_gain=0.00100623 0.000326438
threshold=1.5000000000000002 86.000000000000014
decision_type=2 2
left_child=-1 -2
right_child=1 -3
leaf_value=-0.035337241814523558 0.041514556030644231 0.0016049438776692304
leaf_weight=0.0012556716930305356 0.0010218174435294713 0.0010276865991301065
leaf_count=2725 514 1081
internal_value=-9.14618e-05 0.0215026
internal_weight=0.00330518 0.0020495
internal_count=4320 1595
is_linear=0
shrinkage=0.05


Tree=278
num_leaves=3
num_cat=0
split_feature=5 37
split_gain=0.00098965 0.000837822
threshold=11598.000000000002 0.069751217961311354
decision_type=2 2
left_child=1 -1
right_child=-2 -3
leaf_value=0.013007451258014648 0.037843567472803756 -0.050000117477311902
leaf_weight=0.0010005449067591599 0.0011234680168854538 0.0011161784003945741
leaf_count=708 546 3066
internal_value=-8.59438e-05 -0.0202173
internal_weight=0.00324019 0.00211672
internal_count=4320 3774
is_linear=0
shrinkage=0.05


Tree=279
num_leaves=3
num_cat=0
split_feature=5 37
split_gain=0.00092056 0.000793854
threshold=11598.000000000002 0.070046734064817442
decision_type=2 2
left_child=1 -1
right_child=-2 -3
leaf_value=0.012115519549509459 0.037011902575474279 -0.050000112638098705
leaf_weight=0.0010017955335115403 0.0010920858797476285 0.0010571894274988836
leaf_count=723 546 3051
internal_value=-9.58851e-05 -0.0197779
internal_weight=0.00315107 0.00205898
internal_count=4320 3774
is_linear=0
shrinkage=0.05


Tree=280
num_leaves=2
num_cat=0
split_feature=67
split_gain=0.000875343
threshold=1.5000000000000002
decision_type=2
left_child=-1
right_child=-2
leaf_value=-0.034604740958097652 0.020573445042751229
leaf_weight=0.0011495886636225805 0.0019178752523743015
leaf_count=2725 1595
internal_value=-0.000105598
internal_weight=0.00306746
internal_count=4320
is_linear=0
shrinkage=0.05


Tree=281
num_leaves=2
num_cat=0
split_feature=5
split_gain=0.000848845
threshold=11598.000000000002
decision_type=2
left_child=-1
right_child=-2
leaf_value=-0.019459808405641765 0.036144644199089901
leaf_weight=0.0019720116205093063 0.0010527710329597539
leaf_count=3774 546
internal_value=-0.000106763
internal_weight=0.00302478
internal_count=4320
is_linear=0
shrinkage=0.05


Tree=282
num_leaves=2
num_cat=0
split_feature=67
split_gain=0.000802606
threshold=1.5000000000000002
decision_type=2
left_child=-1
right_child=-2
leaf_value=-0.033971348736890665 0.019757567448093153
leaf_weight=0.0011024625456883541 0.0018809326126216774
leaf_count=2725 1595
internal_value=-9.70326e-05
internal_weight=0.0029834
internal_count=4320
is_linear=0
shrinkage=0.05


Tree=283
num_leaves=2
num_cat=0
split_feature=5
split_gain=0.000776901
threshold=11598.000000000002
decision_type=2
left_child=-1
right_child=-2
leaf_value=-0.018757714861116173 0.035255032248996836
leaf_weight=0.0019271217382339501 0.0010171390050572882
leaf_count=3774 546
internal_value=-9.82018e-05
internal_weight=0.00294426
internal_count=4320
is_linear=0
shrinkage=0.05


Tree=284
num_leaves=2
num_cat=0
split_feature=67
split_gain=0.000736419
threshold=1.5000000000000002
decision_type=2
left_child=-1
right_child=-2
leaf_value=-0.033333416141687833 0.018965269952154029
leaf_weight=0.001058904641126901 0.0018474768217657811
leaf_count=2725 1595
internal_value=-8.91185e-05
internal_weight=0.00290638
internal_count=4320
is_linear=0
shrinkage=0.05


Tree=285
num_leaves=2
num_cat=0
split_feature=67
split_gain=0.000676309
threshold=1.5000000000000002
decision_type=2
left_child=-1
right_child=-2
leaf_value=-0.032386806504825193 0.018147662227029956
leaf_weight=0.0010359572865183964 0.0018345172013880529
leaf_count=2725 1595
internal_value=-9.02811e-05
internal_weight=0.00287047
internal_count=4320
is_linear=0
shrinkage=0.05


Tree=286
num_leaves=2
num_cat=0
split_feature=67
split_gain=0.00062048
threshold=1.5000000000000002
decision_type=2
left_child=-1
right_child=-2
leaf_value=-0.031427082403986999 0.017354687179182631
leaf_weight=0.0010147644226492503 0.0018227341019780852
leaf_count=2725 1595
internal_value=-9.09622e-05
internal_weight=0.0028375
internal_count=4320
is_linear=0
shrinkage=0.05


Tree=287
num_leaves=2
num_cat=0
split_feature=12
split_gain=0.000557734
threshold=1656.8571777343752
decision_type=2
left_child=-1
right_child=-2
leaf_value=-0.017162551036010953 0.029003833909760031
leaf_weight=0.00176918477019683 0.0010380600512860383
leaf_count=3443 877
internal_value=-9.11935e-05
internal_weight=0.00280724
internal_count=4320
is_linear=0
shrinkage=0.05


Tree=288
num_leaves=2
num_cat=0
split_feature=12
split_gain=0.000510037
threshold=1656.8571777343752
decision_type=2
left_child=-1
right_child=-2
leaf_value=-0.016401108675414867 0.028025426438157315
leaf_weight=0.0017590234778168679 0.0010210295574779593
leaf_count=3443 877
internal_value=-8.45834e-05
internal_weight=0.00278005
internal_count=4320
is_linear=0
shrinkage=0.05


Tree=289
num_leaves=2
num_cat=0
split_feature=12
split_gain=0.000466
threshold=1656.8571777343752
decision_type=2
left_child=-1
right_child=-2
leaf_value=-0.015665388975015789 0.027049312816940507
leaf_weight=0.0017497971831659243 0.0010053897016035762
leaf_count=3443 877
internal_value=-7.84531e-05
internal_weight=0.00275519
internal_count=4320
is_linear=0
shrinkage=0.05


Tree=290
num_leaves=2
num_cat=0
split_feature=41
split_gain=0.000349031
threshold=1433.6756591796877
decision_type=2
left_child=-1
right_child=-2
leaf_value=-0.013704692240242226 0.023352887714878937
leaf_weight=0.0017273088201505971 0.0010051590770672192
leaf_count=3317 1003
internal_value=-7.27799e-05
internal_weight=0.00273247
internal_count=4320
is_linear=0
shrinkage=0.05


Tree=291
num_leaves=2
num_cat=0
split_feature=12
split_gain=0.000314905
threshold=1650.5856933593752
decision_type=2
left_child=-1
right_child=-2
leaf_value=-0.013350683316748036 0.021758911743675356
leaf_weight=0.0016881452884121018 0.0010273066997115166
leaf_count=3279 1041
internal_value=-6.80613e-05
internal_weight=0.00271545
internal_count=4320
is_linear=0
shrinkage=0.05


Tree=292
num_leaves=2
num_cat=0
split_feature=67
split_gain=0.000310593
threshold=2.5000000000000004
decision_type=2
left_child=-1
right_child=-2
leaf_value=-0.014702469946781357 0.019581156917889777
leaf_weight=0.0015471941830327296 0.001152905763575518
leaf_count=3253 1067
internal_value=-6.383e-05
internal_weight=0.0027001
internal_count=4320
is_linear=0
shrinkage=0.05


Tree=293
num_leaves=2
num_cat=0
split_feature=12
split_gain=0.000296487
threshold=1650.5856933593752
decision_type=2
left_child=-1
right_child=-2
leaf_value=-0.013066958610056023 0.021164424499516613
leaf_weight=0.0016647730834336016 0.0010201850368787291
leaf_count=3279 1041
internal_value=-6.02958e-05
internal_weight=0.00268496
internal_count=4320
is_linear=0
shrinkage=0.05


Tree=294
num_leaves=2
num_cat=0
split_feature=67
split_gain=0.000292434
threshold=2.5000000000000004
decision_type=2
left_child=-1
right_child=-2
leaf_value=-0.01440384366099313 0.019024558592219638
leaf_weight=0.0015243333565990724 0.0011461707029667423
leaf_count=3253 1067
internal_value=-5.64941e-05
internal_weight=0.0026705
internal_count=4320
is_linear=0
shrinkage=0.05


Tree=295
num_leaves=2
num_cat=0
split_feature=12
split_gain=0.000279252
threshold=1650.5856933593752
decision_type=2
left_child=-1
right_child=-2
leaf_value=-0.012789328031020382 0.020583098681451053
leaf_weight=0.0016425383466014409 0.0010137092823470084
leaf_count=3279 1041
internal_value=-5.33397e-05
internal_weight=0.00265625
internal_count=4320
is_linear=0
shrinkage=0.05


Tree=296
num_leaves=2
num_cat=0
split_feature=34
split_gain=0.000278722
threshold=86.000000000000014
decision_type=2
left_child=-1
right_child=-2
leaf_value=0.015863436045604414 -0.016619541681657978
leaf_weight=0.0013480113292843043 0.0012946225251369015
leaf_count=2037 2283
internal_value=-4.9928e-05
internal_weight=0.00264263
internal_count=4320
is_linear=0
shrinkage=0.05


Tree=297
num_leaves=2
num_cat=0
split_feature=67
split_gain=0.000286012
threshold=2.5000000000000004
decision_type=2
left_child=-1
right_child=-2
leaf_value=-0.014437050355668033 0.018853338817346132
leaf_weight=0.0014926806816077942 0.0011363655809617512
leaf_count=3253 1067
internal_value=-4.77819e-05
internal_weight=0.00262905
internal_count=4320
is_linear=0
shrinkage=0.05


Tree=298
num_leaves=2
num_cat=0
split_feature=34
split_gain=0.000263478
threshold=86.000000000000014
decision_type=2
left_child=-1
right_child=-2
leaf_value=0.015478090775090448 -0.016271200817242416
leaf_weight=0.0013365041725990068 0.0012785987112096109
leaf_count=2037 2283
internal_value=-4.50474e-05
internal_weight=0.0026151
internal_count=4320
is_linear=0
shrinkage=0.05


Tree=299
num_leaves=2
num_cat=0
split_feature=67
split_gain=0.000269954
threshold=2.5000000000000004
decision_type=2
left_child=-1
right_child=-2
leaf_value=-0.014097305033034522 0.018410152355995458
leaf_weight=0.0014772044046509336 0.0011250540614042848
leaf_count=3253 1067
internal_value=-4.31104e-05
internal_weight=0.00260226
internal_count=4320
is_linear=0
shrinkage=0.05


end of trees

feature_importances:
Column_14=624
Column_40=598
Column_1=509
Column_24=502
Column_5=401
Column_52=353
Column_67=248
Column_6=232
Column_17=231
Column_22=192
Column_18=184
Column_16=179
Column_21=177
Column_29=177
Column_8=176
Column_51=164
Column_25=162
Column_0=155
Column_19=155
Column_4=132
Column_15=125
Column_20=123
Column_41=119
Column_39=110
Column_12=75
Column_66=74
Column_27=68
Column_28=62
Column_36=57
Column_65=49
Column_74=46
Column_10=45
Column_37=37
Column_13=32
Column_9=31
Column_68=29
Column_3=27
Column_75=22
Column_23=21
Column_73=20
Column_35=18
Column_2=16
Column_34=16
Column_76=15
Column_26=14
Column_69=10
Column_11=6
Column_7=3
Column_38=1
Column_46=1
Column_47=1
Column_48=1

parameters:
[boosting: gbdt]
[objective: binary]
[metric: binary_logloss]
[tree_learner: serial]
[device_type: cpu]
[data_sample_strategy: bagging]
[data: ]
[valid: ]
[num_iterations: 300]
[learning_rate: 0.05]
[num_leaves: 31]
[num_threads: 1]
[seed: 20260904]
[deterministic: 1]
[force_col_wise: 0]
[force_row_wise: 1]
[histogram_pool_size: -1]
[max_depth: -1]
[min_data_in_leaf: 20]
[min_sum_hessian_in_leaf: 0.001]
[bagging_fraction: 1]
[pos_bagging_fraction: 1]
[neg_bagging_fraction: 1]
[bagging_freq: 0]
[bagging_seed: 12470]
[bagging_by_query: 0]
[feature_fraction: 1]
[feature_fraction_bynode: 1]
[feature_fraction_seed: 4027]
[extra_trees: 0]
[extra_seed: 10433]
[early_stopping_round: 0]
[early_stopping_min_delta: 0]
[first_metric_only: 0]
[max_delta_step: 0]
[lambda_l1: 0]
[lambda_l2: 0]
[linear_lambda: 0]
[min_gain_to_split: 0]
[drop_rate: 0.1]
[max_drop: 50]
[skip_drop: 0.5]
[xgboost_dart_mode: 0]
[uniform_drop: 0]
[drop_seed: 31873]
[top_rate: 0.2]
[other_rate: 0.1]
[min_data_per_group: 100]
[max_cat_threshold: 32]
[cat_l2: 10]
[cat_smooth: 10]
[max_cat_to_onehot: 4]
[top_k: 20]
[monotone_constraints: ]
[monotone_constraints_method: basic]
[monotone_penalty: 0]
[feature_contri: ]
[forcedsplits_filename: ]
[refit_decay_rate: 0.9]
[cegb_tradeoff: 1]
[cegb_penalty_split: 0]
[cegb_penalty_feature_lazy: ]
[cegb_penalty_feature_coupled: ]
[path_smooth: 0]
[interaction_constraints: ]
[verbosity: -1]
[saved_feature_importance_type: 0]
[use_quantized_grad: 0]
[num_grad_quant_bins: 4]
[quant_train_renew_leaf: 0]
[stochastic_rounding: 1]
[linear_tree: 0]
[max_bin: 255]
[max_bin_by_feature: ]
[min_data_in_bin: 3]
[bin_construct_sample_cnt: 200000]
[data_random_seed: 5033]
[is_enable_sparse: 1]
[enable_bundle: 1]
[use_missing: 1]
[zero_as_missing: 0]
[feature_pre_filter: 1]
[pre_partition: 0]
[two_round: 0]
[header: 0]
[label_column: ]
[weight_column: ]
[group_column: ]
[ignore_column: ]
[categorical_feature: ]
[forcedbins_filename: ]
[precise_float_parser: 0]
[parser_config_file: ]
[objective_seed: 5097]
[num_class: 1]
[is_unbalance: 0]
[scale_pos_weight: 1]
[sigmoid: 1]
[boost_from_average: 1]
[reg_sqrt: 0]
[alpha: 0.9]
[fair_c: 1]
[poisson_max_delta_step: 0.7]
[tweedie_variance_power: 1.5]
[lambdarank_truncation_level: 30]
[lambdarank_norm: 1]
[label_gain: ]
[lambdarank_position_bias_regularization: 0]
[eval_at: ]
[multi_error_top_k: 1]
[auc_mu_weights: ]
[num_machines: 1]
[local_listen_port: 12400]
[time_out: 120]
[machine_list_filename: ]
[machines: ]
[gpu_platform_id: -1]
[gpu_device_id: -1]
[gpu_device_id_list: ]
[gpu_use_dp: 0]
[num_gpu: 1]

end of parameters

pandas_categorical:null
